author,poem_count,total_chars,avg_chars_per_poem,unique_1gram,unique_2gram,unique_4gram,total_1gram,total_2gram,total_4gram
白居易,2600,211259,81.25346153846154,4361,119504,204028,211259,211258,211256
杜甫,1137,119581,105.17238346525946,4204,81017,116253,119581,119580,119578
李白,853,84580,99.15592028135991,3374,51973,78402,84580,84579,84577
元稹,563,66784,118.62166962699823,4054,48706,64012,66784,66783,66781
劉禹錫,688,55281,80.35029069767442,3575,39691,52449,55281,55280,55278
韓愈,358,51169,142.93016759776538,4228,39459,48938,51169,51168,51166
齊己,770,43739,56.8038961038961,2722,32183,42558,43739,43738,43736
貫休,537,42600,79.32960893854748,3160,30582,40793,42600,42599,42597
陸龜蒙,503,40802,81.11729622266401,3643,31764,38959,40802,40801,40799
李商隱,552,37799,68.47644927536231,3216,30222,36945,37799,37798,37796
韋應物,540,37236,68.95555555555555,2757,27580,36201,37236,37235,37233
孟郊,390,35898,92.04615384615384,2898,26859,34416,35898,35897,35895
皎然,498,35368,71.02008032128514,2734,25886,33850,35368,35367,35365
劉長卿,503,33790,67.17693836978131,2386,23270,32617,33790,33789,33787
杜牧,484,30895,63.832644628099175,2917,24276,30119,30895,30894,30892
皮日休,342,30842,90.18128654970761,3490,24524,29800,30842,30841,30839
錢起,425,28899,67.99764705882353,2517,22031,28050,28899,28898,28896
姚合,451,28873,64.01995565410199,2426,21911,28100,28873,28872,28870
許渾,496,28520,57.5,2315,21109,27819,28520,28519,28517
岑參,384,28367,73.87239583333333,2414,20382,27411,28367,28366,28364
羅隱,459,26943,58.69934640522876,2669,21388,26479,26943,26942,26940
張籍,450,26624,59.16444444444444,2371,20460,25990,26624,26623,26621
王建,380,25855,68.03947368421052,2273,19706,24780,25855,25854,25852
權德輿,329,24816,75.42857142857143,2699,19483,24164,24816,24815,24813
溫庭筠,338,24735,73.18047337278107,2581,19264,23996,24735,24734,24732
王維,346,24319,70.28612716763006,2501,18622,23410,24319,24318,24316
韋莊,329,21619,65.7112462006079,2399,16946,21198,21619,21618,21616
高適,204,21413,104.9656862745098,2390,15985,20623,21413,21412,21410
賈島,401,21004,52.37905236907731,2338,17103,20608,21004,21003,21001
張說,293,21001,71.67576791808874,2521,16748,19959,21001,21000,20998
盧綸,317,20543,64.8044164037855,2409,16786,19998,20543,20542,20540
方幹,331,19420,58.670694864048336,2139,15677,19022,19420,19419,19417
吳融,280,19020,67.92857142857143,2382,15593,18617,19020,19019,19017
李賀,214,18680,87.28971962616822,2488,15209,17855,18680,18679,18677
薛能,267,18306,68.56179775280899,2294,14501,17100,18306,18305,18303
儲光羲,172,18171,105.6453488372093,2303,14080,17419,18171,18170,18168
徐鉉,249,17877,71.79518072289157,2216,14440,17396,17877,17876,17874
韓偓,312,17508,56.11538461538461,2439,14774,17262,17508,17507,17505
杜荀鶴,322,17044,52.93167701863354,1840,13455,16749,17044,17043,17041
張祜,362,16867,46.5939226519337,2201,13218,15887,16867,16866,16864
張九齡,190,16789,88.36315789473684,2265,13560,16188,16789,16788,16786
李端,266,15656,58.857142857142854,1965,12425,14927,15656,15655,15653
李中,283,15635,55.24734982332156,1906,12274,15306,15635,15634,15632
徐夤,241,15575,64.6265560165975,2342,13449,15381,15575,15574,15572
顧況,230,15470,67.26086956521739,2315,12204,14557,15470,15469,15467
孟浩然,266,15431,58.01127819548872,2077,12457,15025,15431,15430,15428
柳宗元,161,15323,95.17391304347827,2705,12468,14304,15323,15322,15320
司空圖,228,15309,67.14473684210526,2036,12078,14729,15309,15308,15306
戴叔倫,286,14842,51.89510489510489,1970,12051,14449,14842,14841,14839
李群玉,235,14573,62.01276595744681,2161,11955,14144,14573,14572,14570
鮑溶,183,14491,79.18579234972678,1918,11649,13818,14491,14490,14488
呂岩,101,13647,135.11881188118812,1772,10746,13447,13647,13646,13644
宋之問,189,13611,72.01587301587301,2127,11408,13276,13611,13610,13608
趙嘏,256,13442,52.5078125,1676,10074,12458,13442,13441,13439
皇甫冉,240,13027,54.27916666666667,1782,10352,12653,13027,13026,13024
駱賓王,121,12638,104.44628099173553,2005,10339,12190,12638,12637,12635
沈佺期,167,12323,73.79041916167665,2179,10150,11661,12323,12322,12320
黃滔,195,11736,60.184615384615384,1808,9868,11521,11736,11735,11733
李嶠,201,11401,56.72139303482587,2096,10075,11229,11401,11400,11398
李紳,123,11389,92.59349593495935,2084,9695,11097,11389,11388,11386
李頎,126,11214,89.0,1942,9356,10952,11214,11213,11211
陳陶,109,11203,102.77981651376147,2182,9412,10907,11203,11202,11200
王昌齡,166,11182,67.36144578313252,1809,8920,10634,11182,11181,11179
鄭穀,197,10852,55.08629441624365,1776,9301,10624,10852,10851,10849
唐彥謙,165,10668,64.65454545454546,2092,9267,10468,10668,10667,10665
韓翃,163,10545,64.69325153374233,1593,8428,10298,10545,10544,10542
楊巨源,145,10495,72.37931034482759,1828,8759,10162,10495,10494,10492
李頻,201,10410,51.791044776119406,1542,8563,10064,10410,10409,10407
武元衡,190,10388,54.67368421052632,1756,8536,10136,10388,10387,10385
李鹹用,138,10051,72.83333333333333,1930,8763,9906,10051,10050,10048
李益,174,9938,57.11494252873563,1700,8259,9623,9938,9937,9935
佚名,388,9839,25.358247422680414,1969,8319,9565,9839,9838,9836
盧仝,88,9594,109.02272727272727,1908,7864,9261,9594,9593,9591
李洞,165,9559,57.93333333333333,1785,8416,9361,9559,9558,9556
元結,89,9500,106.74157303370787,1538,7140,8809,9500,9499,9497
耿湋,179,9473,52.92178770949721,1632,7835,9091,9473,9472,9470
李德裕,135,8808,65.24444444444444,1792,7426,8540,8808,8807,8805
馬戴,166,8651,52.1144578313253,1508,7299,8445,8651,8650,8648
陳子昂,88,8620,97.95454545454545,1631,6946,8242,8620,8619,8617
司空曙,172,8599,49.99418604651163,1575,7391,8428,8599,8598,8596
朱慶餘,166,8495,51.174698795180724,1450,7274,8329,8495,8494,8492
無名氏,140,8286,59.18571428571428,1901,7328,8149,8286,8285,8283
許棠,136,7950,58.455882352941174,1458,6794,7769,7950,7949,7947
張喬,166,7928,47.75903614457831,1358,6697,7789,7928,7927,7925
劉得仁,137,7733,56.44525547445255,1533,6690,7559,7733,7732,7730
羅鄴,142,7723,54.38732394366197,1394,6545,7627,7723,7722,7720
施肩吾,194,7415,38.22164948453608,1388,5989,7087,7415,7414,7412
曹松,143,7307,51.0979020979021,1544,6551,7167,7307,7306,7304
獨孤及,80,7282,91.025,1719,6034,6955,7282,7281,7279
蘇頲,104,7051,67.79807692307692,1621,6120,6811,7051,7050,7048
李嘉佑,132,6880,52.121212121212125,1359,5834,6742,6880,6879,6877
戎昱,117,6872,58.73504273504273,1453,5830,6657,6872,6871,6869
盧照鄰,106,6837,64.5,1563,5576,6278,6837,6836,6834
吳筠,76,6801,89.48684210526316,1647,5673,6593,6801,6800,6798
李涉,107,6762,63.19626168224299,1445,5669,6526,6762,6761,6759
周曇,193,6743,34.93782383419689,1488,5304,6434,6743,6742,6740
薛逢,91,6491,71.32967032967034,1608,5773,6404,6491,6490,6488
劉滄,101,6353,62.9009900990099,1053,5157,6256,6353,6352,6350
劉商,110,6230,56.63636363636363,1460,5078,5864,6230,6229,6227
曹鄴,104,6222,59.82692307692308,1304,5212,6086,6222,6221,6219
鄭谷,111,5983,53.9009009009009,1434,5316,5871,5983,5982,5980
呂溫,102,5894,57.78431372549019,1503,5121,5728,5894,5893,5891
胡曾,165,5802,35.163636363636364,1308,4450,5474,5802,5801,5799
雍陶,123,5651,45.94308943089431,1212,4887,5524,5651,5650,5648
無可,96,5524,57.541666666666664,1396,4957,5400,5524,5523,5521
李山甫,77,5430,70.51948051948052,1353,4766,5341,5430,5429,5427
羊士諤,94,5248,55.829787234042556,1301,4465,5098,5248,5247,5245
張蠙,101,5112,50.613861386138616,1277,4598,5030,5112,5111,5109
李建勳,88,5017,57.01136363636363,1286,4486,4946,5017,5016,5014
劉兼,72,4923,68.375,1373,4325,4844,4923,4922,4920
項斯,97,4886,50.371134020618555,1166,4387,4804,4886,4885,4883
周賀,92,4706,51.15217391304348,1076,4158,4620,4706,4705,4703
李世民,86,4674,54.348837209302324,1338,4379,4577,4674,4673,4671
崔塗,100,4672,46.72,1078,4007,4581,4672,4671,4669
歐陽詹,79,4484,56.75949367088607,1362,3997,4382,4484,4483,4481
孫光憲,36,4479,124.41666666666667,1101,3639,4256,4479,4478,4476
王勃,78,4315,55.32051282051282,1059,3591,4116,4315,4314,4312
殷堯藩,77,4254,55.246753246753244,1336,3870,4180,4254,4253,4251
劉駕,73,4251,58.23287671232877,1044,3444,3958,4251,4250,4248
馮延巳,32,4187,130.84375,870,3360,4109,4187,4186,4184
段成式,50,4153,83.06,1305,3258,3690,4153,4152,4150
常建,51,4087,80.13725490196079,1143,3521,3984,4087,4086,4084
崔顥,44,4040,91.81818181818181,1102,3335,3817,4040,4039,4037
劉言史,70,3986,56.94285714285714,1204,3432,3836,3986,3985,3983
牟融,61,3975,65.1639344262295,1021,3331,3893,3975,3974,3972
李郢,70,3922,56.02857142857143,1179,3529,3858,3922,3921,3919
嚴維,67,3860,57.61194029850746,1187,3389,3752,3860,3859,3857
孫逖,60,3817,63.61666666666667,1102,3365,3728,3817,3816,3814
李隆基,62,3678,59.32258064516129,1296,3544,3675,3678,3677,3675
章孝標,67,3658,54.59701492537314,1226,3310,3561,3658,3657,3655
楊衡,60,3631,60.516666666666666,1169,3157,3446,3631,3630,3628
顧非熊,71,3561,50.15492957746479,1073,3191,3484,3561,3560,3558
曹唐,39,3558,91.23076923076923,1070,3103,3469,3558,3557,3555
郎士元,71,3499,49.28169014084507,941,3041,3397,3499,3498,3496
王貞白,66,3486,52.81818181818182,1150,3130,3398,3486,3485,3483
歐陽炯,25,3466,138.64,1096,3003,3374,3466,3465,3463
徐凝,91,3460,38.02197802197802,989,2962,3375,3460,3459,3457
劉希夷,32,3453,107.90625,983,2887,3338,3453,3452,3450
令狐楚,51,3169,62.13725490196079,980,2653,2926,3169,3168,3166
於鵠,50,3143,62.86,925,2759,3052,3143,3142,3140
薛濤,77,3127,40.61038961038961,1043,2730,3045,3127,3126,3124
王周,52,3096,59.53846153846154,1077,2704,3023,3096,3095,3093
顏真卿,29,3060,105.51724137931035,1066,2315,2771,3060,3059,3057
杜審言,40,2968,74.2,1042,2612,2861,2968,2967,2965
喻鳧,64,2928,45.75,1002,2641,2868,2928,2927,2925
王績,45,2912,64.71111111111111,1140,2649,2771,2912,2911,2909
陳羽,61,2853,46.77049180327869,888,2446,2761,2853,2852,2850
魚玄機,48,2773,57.770833333333336,935,2515,2738,2773,2772,2770
皇甫曾,48,2769,57.6875,880,2454,2691,2769,2768,2766
顧夐,17,2754,162.0,724,2270,2739,2754,2753,2751
錢珝,6,2668,444.6666666666667,842,2213,2521,2668,2667,2665
喬知之,21,2667,127.0,851,2027,2315,2667,2666,2664
李珣,15,2594,172.93333333333334,808,2233,2578,2594,2593,2591
徐彥伯,35,2593,74.08571428571429,1067,2222,2426,2593,2592,2590
裴說,51,2549,49.98039215686274,925,2356,2517,2549,2548,2546
孫元晏,74,2516,34.0,842,2162,2512,2516,2515,2513
賈至,42,2493,59.357142857142854,901,2147,2429,2493,2492,2490
譚用之,39,2493,63.92307692307692,919,2242,2443,2493,2492,2490
聶夷中,42,2473,58.88095238095238,748,1838,2093,2473,2472,2470
李煜,38,2446,64.36842105263158,854,2207,2433,2446,2445,2443
王涯,31,2424,78.19354838709677,729,1905,2185,2424,2423,2421
楊炯,32,2409,75.28125,965,2146,2359,2409,2408,2406
崔峒,47,2390,50.851063829787236,820,2138,2340,2390,2389,2387
包佶,46,2352,51.130434782608695,1002,2140,2291,2352,2351,2349
裴度,27,2348,86.96296296296296,906,1904,2136,2348,2347,2345
于武陵,50,2307,46.14,627,1981,2244,2307,2306,2304
李乂,43,2298,53.44186046511628,923,2051,2239,2298,2297,2295
蕭穎士,18,2292,127.33333333333333,956,2009,2207,2292,2291,2289
司馬紮,38,2290,60.26315789473684,799,2049,2252,2290,2289,2287
崔湜,33,2284,69.21212121212122,899,1996,2175,2284,2283,2281
張謂,39,2267,58.12820512820513,839,2044,2223,2267,2266,2264
秦韜玉,37,2266,61.24324324324324,924,2109,2225,2266,2265,2263
孫魴,21,2265,107.85714285714286,831,1930,2108,2265,2264,2262
李咸用,36,2253,62.583333333333336,968,2074,2220,2253,2252,2250
崔道融,67,2252,33.61194029850746,784,2010,2210,2252,2251,2249
虞世南,37,2249,60.78378378378378,899,1783,1856,2249,2248,2246
李華,14,2142,153.0,927,1834,2032,2142,2141,2139
於濆,37,2121,57.32432432432432,769,1707,1913,2121,2120,2118
張繼,48,2112,44.0,832,1922,2058,2112,2111,2109
姚鵠,32,2108,65.875,821,1902,2062,2108,2107,2105
邵謁,32,2096,65.5,753,1799,2057,2096,2095,2093
靈一,42,2046,48.714285714285715,753,1842,2011,2046,2045,2043
裴夷直,52,2033,39.09615384615385,759,1825,1989,2033,2032,2030
崔國輔,51,1995,39.11764705882353,731,1559,1722,1995,1994,1992
張泌,30,1995,66.5,748,1812,1982,1995,1994,1992
杜光庭,28,1994,71.21428571428571,836,1809,1962,1994,1993,1991
汪遵,59,1976,33.49152542372882,830,1812,1967,1976,1975,1973
崔櫓,30,1972,65.73333333333333,718,1767,1923,1972,1971,1969
高駢,48,1932,40.25,749,1710,1893,1932,1931,1929
李適,31,1874,60.45161290322581,811,1734,1850,1874,1873,1871
祖詠,36,1845,51.25,779,1680,1802,1845,1844,1842
秦系,37,1828,49.4054054054054,730,1620,1784,1828,1827,1825
蘇拯,28,1828,65.28571428571429,736,1633,1819,1828,1827,1825
李百藥,28,1806,64.5,822,1600,1730,1806,1805,1803
長孫佐輔,20,1798,89.9,750,1472,1607,1798,1797,1795
盧象,25,1779,71.16,778,1606,1731,1779,1778,1776
李遠,35,1779,50.82857142857143,737,1635,1751,1779,1778,1776
殷文圭,27,1769,65.51851851851852,851,1649,1738,1769,1768,1766
沈亞之,25,1751,70.04,790,1485,1613,1751,1750,1748
竇庠,20,1748,87.4,773,1570,1704,1748,1747,1745
張南史,26,1720,66.15384615384616,769,1579,1683,1720,1719,1717
翁承贊,30,1711,57.03333333333333,784,1571,1682,1711,1710,1708
竇鞏,40,1707,42.675,700,1534,1668,1707,1706,1704
儲嗣宗,38,1695,44.60526315789474,640,1515,1661,1695,1694,1692
唐求,35,1680,48.0,642,1531,1651,1680,1679,1677
林寬,32,1677,52.40625,792,1543,1647,1677,1676,1674
孟雲卿,20,1676,83.8,646,1378,1542,1676,1675,1673
毛文錫,21,1670,79.52380952380952,724,1489,1663,1670,1669,1667
李昌符,34,1669,49.088235294117645,689,1535,1645,1669,1668,1666
鄭愔,24,1665,69.375,738,1508,1625,1665,1664,1662
尚顏,32,1655,51.71875,714,1529,1626,1655,1654,1652
許敬宗,27,1649,61.074074074074076,866,1609,1640,1649,1648,1646
牛嶠,15,1627,108.46666666666667,578,1306,1511,1627,1626,1624
和凝,23,1626,70.69565217391305,695,1398,1543,1626,1625,1623
張仲素,29,1585,54.6551724137931,624,1298,1440,1585,1584,1582
王翰,14,1563,111.64285714285714,691,1361,1505,1563,1562,1560
毛熙震,13,1563,120.23076923076923,557,1379,1560,1563,1562,1560
陶翰,17,1542,90.70588235294117,722,1375,1492,1542,1541,1539
楊凝,38,1526,40.1578947368421,644,1397,1503,1526,1525,1523
張碧,15,1520,101.33333333333333,741,1370,1480,1520,1519,1517
章碣,25,1496,59.84,723,1410,1478,1496,1495,1493
朱灣,22,1485,67.5,657,1368,1458,1485,1484,1482
劉威,26,1480,56.92307692307692,622,1371,1460,1480,1479,1477
武則天,46,1451,31.543478260869566,713,1405,1446,1451,1450,1448
竇常,26,1429,54.96153846153846,733,1315,1396,1429,1428,1426
孟貫,30,1428,47.6,564,1287,1400,1428,1427,1425
崔融1,16,1414,88.375,719,1274,1381,1414,1413,1411
劉叉,26,1414,54.38461538461539,665,1295,1398,1414,1413,1411
劉憲,26,1398,53.76923076923077,638,1208,1326,1398,1397,1395
盧肇,28,1394,49.785714285714285,691,1279,1365,1394,1393,1391
竇牟,21,1341,63.857142857142854,691,1219,1305,1341,1340,1338
鄭巢,28,1332,47.57142857142857,531,1204,1306,1332,1331,1329
李廓,10,1317,131.7,472,863,972,1317,1316,1314
褚亮,33,1304,39.515151515151516,702,1242,1268,1304,1303,1301
沈彬,18,1290,71.66666666666667,607,1142,1226,1290,1289,1287
陸暢,35,1286,36.74285714285714,559,1156,1253,1286,1285,1283
伍喬,21,1283,61.095238095238095,608,1212,1263,1283,1282,1280
王灣,11,1279,116.27272727272727,703,1137,1232,1279,1278,1276
韓琮,24,1273,53.041666666666664,606,1166,1235,1273,1272,1270
劉方平,27,1260,46.666666666666664,546,1012,1113,1260,1259,1257
修睦,27,1257,46.55555555555556,503,1148,1239,1257,1256,1254
綦毋潛,25,1251,50.04,610,1148,1221,1251,1250,1248
魏征,35,1247,35.628571428571426,609,1126,1165,1247,1246,1244
趙冬曦,16,1236,77.25,648,1104,1199,1236,1235,1233
皇甫松,19,1183,62.26315789473684,461,788,910,1183,1182,1180
盧鴻一,9,1182,131.33333333333334,489,963,1110,1182,1181,1179
劉複,16,1174,73.375,628,1090,1161,1174,1173,1171
高蟾,32,1165,36.40625,458,1001,1108,1165,1164,1162
于鵠,18,1160,64.44444444444444,587,1058,1134,1160,1159,1157
周樸,24,1154,48.083333333333336,554,1059,1136,1154,1153,1151
賀知章,20,1151,57.55,597,972,1065,1151,1150,1148
盧僎,13,1149,88.38461538461539,573,1032,1113,1149,1148,1146
水神,11,1139,103.54545454545455,554,989,1095,1139,1138,1136
周朴,21,1136,54.095238095238095,533,1061,1123,1136,1135,1133
來鵠,28,1135,40.535714285714285,559,1038,1121,1135,1134,1132
清江,21,1131,53.857142857142854,549,1036,1105,1131,1130,1128
胡宿,18,1112,61.77777777777778,628,1057,1102,1112,1111,1109
子蘭,24,1106,46.083333333333336,513,971,1036,1106,1105,1103
周繇,21,1102,52.476190476190474,618,1015,1077,1102,1101,1099
熊孺登,29,1094,37.724137931034484,492,974,1063,1094,1093,1091
劉昚虛,16,1077,67.3125,461,955,1048,1077,1076,1074
顧雲,7,1074,153.42857142857142,635,1011,1057,1074,1073,1071
薛據,13,1073,82.53846153846153,569,965,1042,1073,1072,1070
王季友1,13,1066,82.0,529,965,1043,1066,1065,1063
竇群,23,1063,46.21739130434783,567,983,1038,1063,1062,1060
趙彥昭,21,1060,50.476190476190474,540,945,1033,1060,1059,1057
尹鶚,12,1059,88.25,534,963,1056,1059,1058,1056
崔玨,10,1055,105.5,547,978,1037,1055,1054,1052
韋渠牟,3,1040,346.6666666666667,465,876,979,1040,1039,1037
張子容,17,1036,60.94117647058823,529,948,1010,1036,1035,1033
朱放,26,1011,38.88461538461539,468,918,992,1011,1010,1008
吳少微,7,1010,144.28571428571428,542,869,951,1010,1009,1007
於鄴,23,1008,43.82608695652174,408,901,992,1008,1007,1005
王轂,17,1003,59.0,528,913,977,1003,1002,1000
舒元輿,6,1000,166.66666666666666,549,879,963,1000,999,997
薛昭蘊,7,964,137.71428571428572,488,881,958,964,963,961
許彬,19,956,50.31578947368421,482,878,933,956,955,953
蘇味道,14,946,67.57142857142857,583,873,921,946,945,943
任華,2,942,471.0,503,844,916,942,941,939
廣宣,15,930,62.0,458,851,909,930,929,927
李冶,18,921,51.166666666666664,499,857,909,921,920,918
鄭畋,15,914,60.93333333333333,512,807,883,914,913,911
武平一,15,908,60.53333333333333,550,830,886,908,907,905
包何,18,894,49.666666666666664,509,830,875,894,893,891
王仁裕,14,891,63.642857142857146,543,832,874,891,890,888
閻朝隱,13,888,68.3076923076923,466,763,836,888,887,885
上官昭容,7,881,125.85714285714286,568,864,878,881,880,878
丘為,13,879,67.61538461538461,472,794,855,879,878,876
魏承班,7,879,125.57142857142857,402,771,874,879,878,876
成彥雄,19,878,46.21052631578947,489,792,855,878,877,875
崔曙,14,870,62.142857142857146,439,793,845,870,869,867
楊師道,20,868,43.4,530,860,865,868,867,865
裴迪,29,863,29.75862068965517,452,763,833,863,862,860
上官儀,18,862,47.888888888888886,488,842,859,862,861,859
薛存誠,12,861,71.75,504,772,835,861,860,858
喻坦之,17,860,50.588235294117645,465,786,839,860,859,857
雍裕之,30,858,28.6,463,794,830,858,857,855
董思恭,18,857,47.611111111111114,470,817,851,857,856,854
王初,17,852,50.11764705882353,445,780,835,852,851,849
李敬方,8,844,105.5,547,762,815,844,843,841
法振,17,841,49.470588235294116,444,779,822,841,840,838
褚載,15,808,53.86666666666667,504,777,802,808,807,805
常袞,9,807,89.66666666666667,466,730,779,807,806,804
丁仙芝,12,797,66.41666666666667,467,732,776,797,796,794
翁洮,13,795,61.15384615384615,464,754,785,795,794,792
牛希濟,6,789,131.5,425,707,785,789,788,786
任翻,18,785,43.611111111111114,379,716,772,785,784,782
盧延讓,13,776,59.69230769230769,487,731,761,776,775,773
薛稷,14,774,55.285714285714285,481,720,755,774,773,771
棲白,16,774,48.375,422,720,757,774,773,771
虛中,15,770,51.333333333333336,469,720,757,770,769,767
蔣防,11,756,68.72727272727273,454,684,732,756,755,753
暢當,14,755,53.92857142857143,472,692,734,755,754,752
慧淨,5,742,148.4,493,701,730,742,741,739
梁鍠,16,737,46.0625,437,690,724,737,736,734
郭震,17,735,43.23529411764706,434,680,720,735,734,732
丘丹,12,735,61.25,367,513,564,735,734,732
孔德紹,12,723,60.25,428,654,700,723,722,720
靈澈,16,722,45.125,374,663,706,722,721,719
孟簡,8,721,90.125,446,646,697,721,720,718
陸希聲,20,716,35.8,356,589,672,716,715,713
張賁,15,715,47.666666666666664,432,653,695,715,714,712
徐堅,11,711,64.63636363636364,417,579,625,711,710,708
楊淩,20,710,35.5,361,631,677,710,709,707
姚系,11,700,63.63636363636363,357,588,645,700,699,697
盧藏用,7,692,98.85714285714286,435,623,668,692,691,689
韋蟾,10,689,68.9,445,616,655,689,688,686
劉昭禹,14,688,49.142857142857146,394,647,675,688,687,685
劉允濟,4,686,171.5,470,613,660,686,685,683
崔日用,13,682,52.46153846153846,441,631,664,682,681,679
崔液,7,682,97.42857142857143,350,555,618,682,681,679
薛曜,8,681,85.125,426,635,671,681,680,678
義淨,6,680,113.33333333333333,418,628,661,680,679,677
李渤,4,679,169.75,403,625,663,679,678,676
孟遲,18,674,37.44444444444444,372,633,667,674,673,671
楊夔,11,674,61.27272727272727,423,627,657,674,673,671
路德延,3,673,224.33333333333334,484,620,669,673,672,670
楊憑,18,672,37.333333333333336,360,616,656,672,671,669
張又新,17,665,39.11764705882353,380,604,655,665,664,662
費冠卿,9,665,73.88888888888889,420,610,653,665,664,662
莊南傑,12,664,55.333333333333336,401,600,629,664,663,661
武三思,8,663,82.875,402,605,649,663,662,660
許景先,5,662,132.4,444,610,649,662,661,659
裴潾,2,662,331.0,418,611,645,662,661,659
陳子良,12,654,54.5,439,642,651,654,653,651
楊發,12,652,54.333333333333336,410,618,641,652,651,649
張潮,7,650,92.85714285714286,282,492,560,650,649,647
熊皎,11,644,58.54545454545455,384,595,622,644,643,641
陳標,12,642,53.5,399,603,633,642,641,639
晁采,5,638,127.6,330,553,610,638,637,635
徐仲雅,7,636,90.85714285714286,395,605,630,636,635,633
馬懷素,12,632,52.666666666666664,397,587,617,632,631,629
于濆,11,630,57.27272727272727,360,546,592,630,629,627
李九齡,18,630,35.0,380,579,615,630,629,627
韋嗣立,6,628,104.66666666666667,414,561,605,628,627,625
僧鸞,2,625,312.5,412,589,614,625,624,622
袁朗,5,620,124.0,359,481,494,620,619,617
胡皓,6,604,100.66666666666667,404,557,592,604,603,601
陳去疾,12,604,50.333333333333336,388,558,594,604,603,601
修雅,1,601,601.0,287,479,552,601,600,598
李義府,9,596,66.22222222222223,476,594,593,596,595,593
崔元翰,6,594,99.0,394,531,572,594,593,591
護國,11,594,54.0,369,558,581,594,593,591
任希古,6,590,98.33333333333333,380,525,567,590,589,587
翁綬,14,577,41.214285714285715,323,483,518,577,576,574
棲蟾,12,574,47.833333333333336,373,541,565,574,573,571
徐安貞,11,571,51.90909090909091,344,524,555,571,570,568
韋元旦,10,566,56.6,329,517,554,566,565,563
薛奇童,7,565,80.71428571428571,306,459,493,565,564,562
臨淄縣主,1,558,558.0,331,483,532,558,557,555
王渙,3,556,185.33333333333334,341,476,526,556,555,553
崔泰之,4,552,138.0,378,492,530,552,551,549
李昂2,3,550,183.33333333333334,325,513,541,550,549,547
賀朝,7,542,77.42857142857143,360,512,535,542,541,539
萬楚,9,537,59.666666666666664,306,454,492,537,536,534
馬異,4,537,134.25,349,491,522,537,536,534
袁暉,10,536,53.6,317,443,485,536,535,533
張諤,11,534,48.54545454545455,340,499,524,534,533,531
李沇,6,534,89.0,378,510,529,534,533,531
冷朝陽,11,530,48.18181818181818,315,489,518,530,529,527
鄭遨,14,529,37.785714285714285,347,489,519,529,528,526
柳中庸,12,528,44.0,298,487,517,528,527,525
朱景玄,15,527,35.13333333333333,317,487,514,527,526,524
李顯,7,525,75.0,408,516,522,525,524,522
李紓,13,520,40.0,293,443,492,520,519,517
皇甫湜,3,519,173.0,342,477,511,519,518,516
李逢吉,8,518,64.75,369,479,504,518,517,515
鮑防,8,517,64.625,331,471,502,517,516,514
鄭錫,11,516,46.90909090909091,322,451,481,516,515,513
劉灣,6,510,85.0,299,452,497,510,509,507
牛僧孺,5,505,101.0,374,471,491,505,504,502
盧士衡,9,500,55.55555555555556,327,472,491,500,499,497
楊乘,5,492,98.4,347,440,474,492,491,489
王諲,7,486,69.42857142857143,271,416,451,486,485,483
竇叔向,9,486,54.0,329,449,472,486,485,483
王泠然,5,485,97.0,331,457,478,485,484,482
孟賓於,7,485,69.28571428571429,319,464,480,485,484,482
王睿,10,484,48.4,290,399,428,484,483,481
蕭至忠,8,484,60.5,329,442,469,484,483,481
詹敦仁,6,483,80.5,341,435,466,483,482,480
李赤,10,480,48.0,287,418,458,480,479,477
可止,9,477,53.0,320,440,465,477,476,474
嵩岳諸仙,1,477,477.0,292,422,472,477,476,474
李約,8,475,59.375,303,431,460,475,474,472
蕭祜,2,475,237.5,333,441,462,475,474,472
蔣吉,15,474,31.6,297,439,465,474,473,471
吳仁璧,12,473,39.416666666666664,324,447,466,473,472,470
王適,7,467,66.71428571428571,263,384,412,467,466,464
白行簡,7,465,66.42857142857143,317,423,451,465,464,462
賀蘭進明,3,464,154.66666666666666,247,360,407,464,463,461
徐氏,15,462,30.8,321,451,459,462,461,459
崔涯,9,462,51.333333333333336,307,428,453,462,461,459
歐陽袞,9,458,50.888888888888886,313,432,449,458,457,455
宋璟,6,456,76.0,320,405,438,456,455,453
辛常伯,1,455,455.0,299,409,439,455,454,452
嚴武,6,454,75.66666666666667,304,419,442,454,453,451
楊汝士,9,454,50.44444444444444,315,421,442,454,453,451
李宣古,6,452,75.33333333333333,306,421,441,452,451,449
鄭澣,5,449,89.8,323,414,435,449,448,446
李昭象,9,446,49.55555555555556,312,421,435,446,445,443
李玖,4,444,111.0,280,395,425,444,443,441
蔣冽,7,441,63.0,290,400,427,441,440,438
李康成,6,439,73.16666666666667,284,384,413,439,438,436
吳商浩,9,435,48.333333333333336,263,402,427,435,434,432
張彪,6,434,72.33333333333333,271,369,399,434,433,431
韓溉,8,434,54.25,301,426,430,434,433,431
閻防,6,433,72.16666666666667,293,387,417,433,432,430
張志和,5,429,85.8,196,273,301,429,428,426
閻選,6,429,71.5,284,399,426,429,428,426
盧殷,12,425,35.416666666666664,289,403,418,425,424,422
張登,8,421,52.625,290,386,408,421,420,418
王縉,8,420,52.5,284,382,408,420,419,417
王琚,4,420,105.0,292,391,410,420,419,417
包融,7,419,59.857142857142854,265,378,404,419,418,416
厲玄,7,416,59.42857142857143,306,389,407,416,415,413
劉象,7,414,59.142857142857146,263,372,401,414,413,411
張紹,1,414,414.0,302,393,411,414,413,411
韋承慶,8,410,51.25,258,342,365,410,409,407
于鄴,10,409,40.9,249,379,402,409,408,406
蔣貽恭,10,408,40.8,283,373,398,408,407,405
蘇渙,2,406,203.0,276,380,403,406,405,403
牛殳,2,396,198.0,259,371,393,396,395,393
處默,9,396,44.0,269,377,390,396,395,393
張若虛,3,390,130.0,188,314,338,390,389,387
盧汝弼,5,390,78.0,258,355,379,390,389,387
徐浩,2,388,194.0,307,350,379,388,387,385
林滋,6,387,64.5,290,368,379,387,386,384
馮著,4,386,96.5,233,351,382,386,385,383
薛瑩,12,385,32.083333333333336,241,366,379,385,384,382
崔日知,2,384,192.0,288,341,367,384,383,381
袁皓,4,384,96.0,279,347,370,384,383,381
常達,1,384,384.0,213,332,365,384,383,381
吳越僧,1,384,384.0,248,346,370,384,383,381
姚月華,5,382,76.4,229,330,366,382,381,379
楊嗣複,5,380,76.0,288,356,370,380,379,377
宗楚客,7,376,53.714285714285715,248,345,366,376,375,373
陳潤,8,374,46.75,245,347,364,374,373,371
李程,5,372,74.4,258,343,362,372,371,369
趙摶,2,371,185.5,254,358,368,371,370,368
伊用昌,8,371,46.375,233,323,339,371,370,368
陳叔達,9,370,41.111111111111114,278,355,363,370,369,367
吳越人,5,368,73.6,268,348,362,368,367,365
李治,7,366,52.285714285714285,274,359,363,366,365,363
沈傳師,5,365,73.0,287,346,360,365,364,362
霍總,7,361,51.57142857142857,263,342,356,361,360,358
劉孝孫,7,360,51.42857142857143,302,355,357,360,359,357
崔備,5,360,72.0,244,323,347,360,359,357
徐敞,5,360,72.0,242,325,347,360,359,357
尉遲汾,1,360,360.0,275,317,343,360,359,357
王無競,7,359,51.285714285714285,211,288,317,359,358,356
張聿,5,357,71.4,249,324,346,357,356,354
左偃,11,356,32.36363636363637,242,336,349,356,355,353
鹿虔扆,4,355,88.75,248,326,352,355,354,352
李絳,4,354,88.5,226,298,330,354,353,351
江為,9,353,39.22222222222222,235,335,349,353,352,350
鄭絪,7,351,50.142857142857146,252,326,341,351,350,348
李騭,3,350,116.66666666666667,228,309,335,350,349,347
李嶷,5,348,69.6,191,245,278,348,347,345
蔡希寂,5,348,69.6,253,312,335,348,347,345
馮道,5,348,69.6,239,333,343,348,347,345
廖融,7,344,49.142857142857146,274,329,338,344,343,341
席豫,4,336,84.0,242,299,322,336,335,333
張柬之,5,334,66.8,222,280,296,334,333,331
鐘離權,2,334,167.0,217,302,322,334,333,331
王起,5,333,66.6,254,311,324,333,332,330
陳元光,3,332,110.66666666666667,264,300,320,332,331,329
崔護,6,332,55.333333333333336,245,302,321,332,331,329
程長文,3,332,110.66666666666667,246,307,322,332,331,329
元晦,3,326,108.66666666666667,264,294,313,326,325,323
萬齊融,4,324,81.0,237,302,316,324,323,321
顧甄遠,1,324,324.0,191,265,298,324,323,321
歸仁,6,324,54.0,230,309,319,324,323,321
唐扶,2,322,161.0,256,297,311,322,321,319
沈千運,4,320,80.0,219,291,310,320,319,317
慕幽,6,320,53.333333333333336,249,307,314,320,319,317
張文琮,8,318,39.75,226,277,278,318,317,315
姚崇,7,317,45.285714285714285,245,300,309,317,316,314
黃損,5,317,63.4,232,307,314,317,316,314
元希聲,1,312,312.0,206,266,294,312,311,309
於頔,2,312,156.0,216,274,298,312,311,309
徐晶,5,310,62.0,233,286,300,310,309,307
于良史,7,310,44.285714285714285,219,286,301,310,309,307
張易之,5,308,61.6,188,231,248,308,307,305
岑羲,6,308,51.333333333333336,211,283,299,308,307,305
章八元,6,308,51.333333333333336,229,288,299,308,307,305
公乘億,5,303,60.6,222,275,292,303,302,300
張夫人,6,303,50.5,208,277,294,303,302,300
袁瓘,2,301,150.5,211,269,296,301,300,298
賈曾,6,300,50.0,208,278,293,300,299,297
鄭世翼,6,300,50.0,222,260,264,300,299,297
張嘉貞,4,299,74.75,227,269,287,299,298,296
沈頌,6,298,49.666666666666664,205,274,289,298,297,295
劉斌,4,298,74.5,220,270,287,298,297,295
陸敬,4,294,73.5,259,293,291,294,293,291
張為,4,293,73.25,209,265,287,293,292,290
鄭損,5,290,58.0,226,280,287,290,289,287
劉禕之,4,288,72.0,219,263,277,288,287,285
韋述,4,288,72.0,205,260,277,288,287,285
魏萬,1,288,288.0,192,251,272,288,287,285
皇甫澈,4,288,72.0,213,253,274,288,287,285
韋處厚,12,288,24.0,210,254,274,288,287,285
趙光逢,3,288,96.0,166,234,267,288,287,285
于季子,7,286,40.857142857142854,220,274,281,286,285,283
陳翊,6,286,47.666666666666664,203,264,277,286,285,283
可朋,5,286,57.2,221,274,283,286,285,283
宋昱,3,285,95.0,224,259,275,285,284,282
鄭准,6,281,46.833333333333336,206,267,274,281,280,278
郎大家宋氏,6,280,46.666666666666664,134,178,200,280,279,277
楊浚,4,280,70.0,211,257,270,280,279,277
裴漼,4,280,70.0,205,251,268,280,279,277
魏知古,4,278,69.5,214,251,267,278,277,275
裴諝,3,278,92.66666666666667,190,258,274,278,277,275
張均,5,276,55.2,193,253,266,276,275,273
李翱,6,276,46.0,208,257,270,276,275,273
郭周藩,1,276,276.0,205,248,271,276,275,273
許堅2,6,275,45.833333333333336,207,261,269,275,274,272
周匡物,5,274,54.8,206,258,268,274,273,271
劉庭琦,4,272,68.0,219,259,266,272,271,269
李邕,4,272,68.0,219,254,266,272,271,269
朱長文,7,272,38.857142857142854,193,255,264,272,271,269
王丘,3,270,90.0,213,245,260,270,269,267
李存勖,4,269,67.25,192,254,266,269,268,266
竇參,3,268,89.33333333333333,182,237,256,268,267,265
韓熙載,5,267,53.4,172,236,256,267,266,264
元季川,4,266,66.5,182,239,258,266,265,263
李觀,4,265,66.25,201,240,256,265,264,262
廖匡圖,5,265,53.0,216,255,259,265,264,262
陳通方,3,264,88.0,195,248,257,264,263,261
陳存,6,261,43.5,187,244,254,261,260,258
孔紹安,7,260,37.142857142857146,209,258,257,260,259,257
李正封,5,260,52.0,191,239,252,260,259,257
王元,6,259,43.166666666666664,202,246,254,259,258,256
丘光庭,2,259,129.5,95,159,199,259,258,256
李泌,5,256,51.2,184,232,248,256,255,253
孫昌胤,4,256,64.0,192,237,250,256,255,253
湯悅,5,256,51.2,192,237,247,256,255,253
歐陽玭,5,254,50.8,189,238,248,254,253,251
李暇,5,253,50.6,139,167,183,253,252,250
張循之,6,252,42.0,192,236,245,252,251,249
張仲方,3,251,83.66666666666667,200,229,240,251,250,248
寒山,2,250,125.0,139,203,229,250,249,247
員半千,4,248,62.0,198,229,241,248,247,245
張袞,7,248,35.42857142857143,167,216,235,248,247,245
源幹曜,3,248,82.66666666666667,191,222,237,248,247,245
許堅1,5,248,49.6,183,232,240,248,247,245
劉景複,1,248,248.0,189,230,240,248,247,245
樓穎,3,247,82.33333333333333,166,219,238,247,246,244
竇冀,1,247,247.0,194,230,239,247,246,244
原陵老翁,1,245,245.0,184,219,234,245,244,242
閻寬,5,244,48.8,177,231,238,244,243,241
孫棨,4,244,61.0,176,216,232,244,243,241
閻德隱,2,244,122.0,191,226,237,244,243,241
楊牢,3,243,81.0,195,233,238,243,242,240
陸長源,5,241,48.2,179,210,221,241,240,238
鄭熏,2,241,120.5,199,222,238,241,240,238
蔣渙,4,240,60.0,189,221,231,240,239,237
姚康,4,240,60.0,185,220,231,240,239,237
袁不約,5,240,48.0,188,230,235,240,239,237
杜頠,2,239,119.5,179,231,236,239,238,236
張鼎,4,238,59.5,181,225,233,238,237,235
麹信陵,7,238,34.0,177,221,230,238,237,235
梁瓊,5,238,47.6,170,224,233,238,237,235
史鳳,7,238,34.0,185,221,235,238,237,235
陳季卿,5,238,47.6,176,224,232,238,237,235
文丙,5,237,47.4,190,227,234,237,236,234
殷遙,5,236,47.2,186,219,229,236,235,233
潘鹹,5,235,47.0,171,223,229,235,234,232
呂渭,5,233,46.6,185,214,226,233,232,230
張窈窕,6,233,38.833333333333336,153,210,225,233,232,230
海順,1,233,233.0,182,207,221,233,232,230
王季文,2,232,116.0,188,218,226,232,231,229
姚揆,4,232,58.0,176,221,227,232,231,229
蔡孚,3,231,77.0,193,223,227,231,230,228
殷寅,2,230,115.0,176,205,219,230,229,227
袁高,1,230,230.0,188,211,227,230,229,227
隱巒,5,229,45.8,166,222,225,229,228,226
溫庭皓,2,228,114.0,173,212,220,228,227,225
龐蘊,1,228,228.0,155,214,225,228,227,225
裴次元,4,227,56.75,179,208,218,227,226,224
慧宣,3,227,75.66666666666667,183,205,217,227,226,224
李希仲,3,224,74.66666666666667,119,142,162,224,223,221
趙璜,5,222,44.4,159,205,217,222,221,219
王zr,1,221,221.0,157,196,213,221,220,218
虞羽客,2,220,110.0,102,118,138,220,219,217
岑文本,4,220,55.0,198,219,217,220,219,217
宋華,1,220,220.0,130,186,206,220,219,217
王烈,4,219,54.75,151,201,213,219,218,216
王鐸,4,219,54.75,180,209,213,219,218,216
廖凝,4,219,54.75,182,212,215,219,218,216
常理,3,216,72.0,126,152,166,216,215,213
于邵,5,216,43.2,164,194,206,216,215,213
李幼卿,2,216,108.0,152,191,205,216,215,213
楊于陵,2,216,108.0,175,193,206,216,215,213
崔立之,3,216,72.0,162,195,207,216,215,213
範傳正,3,216,72.0,165,195,207,216,215,213
葉季良,3,216,72.0,170,196,207,216,215,213
柳泌,2,216,108.0,162,199,213,216,215,213
張光朝,2,216,108.0,167,192,206,216,215,213
譚銖,2,216,108.0,146,187,206,216,215,213
王駕,6,216,36.0,146,201,210,216,215,213
唐堯臣,1,215,215.0,162,189,204,215,214,212
徐賢妃,6,214,35.666666666666664,156,176,178,214,213,211
張紘,4,214,53.5,148,184,194,214,213,211
丁澤,3,213,71.0,171,195,206,213,212,210
徐延壽,3,209,69.66666666666667,149,193,205,209,208,206
李璟,4,208,52.0,164,194,202,208,207,205
徐九皋,5,208,41.6,166,196,204,208,207,205
馮待征,1,208,208.0,147,196,205,208,207,205
李曄,2,208,104.0,152,191,201,208,207,205
朱晝,3,206,68.66666666666667,142,185,197,206,205,203
李昂1,6,205,34.166666666666664,179,202,202,205,204,202
高瑾,4,204,51.0,148,186,196,204,203,201
張昌宗,3,204,68.0,165,190,199,204,203,201
崔興宗,5,204,40.8,164,189,198,204,203,201
王岩,6,204,34.0,152,188,198,204,203,201
莫宣卿,4,203,50.75,166,187,195,203,202,200
趙氏2,4,202,50.5,146,183,195,202,201,199
屈同仙,2,201,100.5,155,190,198,201,200,198
奚賈,4,201,50.25,147,186,194,201,200,198
郭元振,5,200,40.0,167,198,197,200,199,197
杜淹,3,200,66.66666666666667,178,199,197,200,199,197
庾抱,5,200,40.0,174,198,197,200,199,197
韓仲宣,4,200,50.0,151,186,193,200,199,197
韋表微,1,200,200.0,124,158,183,200,199,197
黃頗,3,200,66.66666666666667,165,187,193,200,199,197
李縠,3,200,66.66666666666667,155,183,192,200,199,197
鄭璧,4,200,50.0,162,185,193,200,199,197
蜀宮群仙,6,200,33.333333333333336,141,185,195,200,199,197
金車美人,1,200,200.0,136,175,188,200,199,197
盧注,2,198,99.0,133,179,195,198,197,195
李迥秀,4,196,49.0,146,179,189,196,195,193
馬逢,4,196,49.0,143,179,190,196,195,193
沈廷瑞,4,196,49.0,147,182,189,196,195,193
徐昌圖,3,194,64.66666666666667,148,182,191,194,193,191
盧從願,3,192,64.0,157,176,184,192,191,189
王光庭,2,192,96.0,150,170,182,192,191,189
陳希烈,3,192,64.0,150,174,183,192,191,189
崔翹,3,192,64.0,152,176,184,192,191,189
劉損,1,192,192.0,145,175,184,192,191,189
顏萱,3,192,64.0,166,182,186,192,191,189
趙光遠,2,192,96.0,160,179,185,192,191,189
賈彥璋,4,192,48.0,150,177,185,192,191,189
李賓,2,192,96.0,144,170,183,192,191,189
蘇廣文,3,192,64.0,141,180,186,192,191,189
善生,4,192,48.0,157,179,185,192,191,189
王之渙,5,190,38.0,120,151,164,190,189,187
趙居貞,1,190,190.0,151,166,180,190,189,187
鄭啟,2,190,95.0,151,178,184,190,189,187
羅袞,3,190,63.333333333333336,157,180,185,190,189,187
卿雲,4,190,47.5,139,175,184,190,189,187
趙征明,3,189,63.0,134,173,183,189,188,186
張匯,3,189,63.0,150,175,183,189,188,186
韓休,3,188,62.666666666666664,160,171,180,188,187,185
崔邠,4,188,47.0,163,177,182,188,187,185
顏胄,1,188,188.0,156,178,185,188,187,185
魏氏,1,188,188.0,146,179,185,188,187,185
崔仲容,4,188,47.0,142,179,185,188,187,185
鄭鏦,4,186,46.5,147,174,182,186,185,183
若虛,3,186,62.0,158,179,182,186,185,183
魯收,1,184,184.0,138,173,178,184,183,181
周弘亮,3,184,61.333333333333336,135,167,177,184,183,181
唐堯客,1,184,184.0,141,166,181,184,183,181
崔宗之,1,182,182.0,134,160,172,182,181,179
張建封,1,182,182.0,145,172,176,182,181,179
徐鍇,4,182,45.5,151,168,174,182,181,179
常楚老,3,181,60.333333333333336,137,169,176,181,180,178
豆盧回,1,181,181.0,142,158,171,181,180,178
許孟容,4,180,45.0,151,167,173,180,179,177
馮伉,3,180,60.0,140,163,172,180,179,177
謝偃,2,180,90.0,146,177,177,180,179,177
尹懋,3,180,60.0,131,162,172,180,179,177
李吉甫,3,180,60.0,140,163,172,180,179,177
湛賁,3,180,60.0,143,163,172,180,179,177
劉元叔,1,180,180.0,133,172,177,180,179,177
同穀子,1,180,180.0,124,150,168,180,179,177
成都醉道士,1,180,180.0,127,165,173,180,179,177
水府君,1,180,180.0,113,145,165,180,179,177
李從善,1,179,179.0,172,178,176,179,178,176
孫合,3,179,59.666666666666664,141,163,171,179,178,176
薛馧,4,178,44.5,145,169,173,178,177,175
張辭,4,178,44.5,139,167,173,178,177,175
許晝,2,177,88.5,141,164,174,177,176,174
彭伉,2,176,88.0,128,157,167,176,175,173
林藻,3,176,58.666666666666664,139,159,169,176,175,173
鄭良士,3,176,58.666666666666664,141,165,170,176,175,173
趙氏1,1,176,176.0,142,167,173,176,175,173
王氏婦,1,174,174.0,117,154,165,174,173,171
易思,4,172,43.0,133,157,165,172,171,169
李貞白,6,172,28.666666666666668,129,163,168,172,171,169
畢耀,3,171,57.0,124,161,166,171,170,168
王表,3,170,56.666666666666664,130,156,164,170,169,167
吳清妻,1,170,170.0,110,140,157,170,169,167
翁宏,4,169,42.25,139,158,165,169,168,166
蕭嵩,2,168,84.0,132,151,160,168,167,165
張旭,5,168,33.6,124,156,163,168,167,165
寇坦,2,168,84.0,135,152,160,168,167,165
李林甫,2,168,84.0,135,152,160,168,167,165
令狐峘,2,168,84.0,132,152,160,168,167,165
韋建,2,168,84.0,134,151,160,168,167,165
潘孟陽,3,168,56.0,137,155,161,168,167,165
殷潛之,1,168,168.0,141,149,159,168,167,165
溫憲,4,168,42.0,137,161,164,168,167,165
路應,1,168,168.0,142,149,159,168,167,165
李縝,1,168,168.0,137,149,159,168,167,165
戴公懷,1,168,168.0,141,149,159,168,167,165
趙彥伯,4,167,41.75,129,150,160,167,166,164
劉皂,3,167,55.666666666666664,108,143,158,167,166,164
劉乙,4,167,41.75,140,159,162,167,166,164
蘇晉,2,166,83.0,142,151,159,166,165,163
韋夏卿,3,166,55.333333333333336,142,154,160,166,165,163
胡玢,4,165,41.25,127,156,161,165,164,162
馬令,1,165,165.0,122,146,156,165,164,162
段文昌,4,164,41.0,137,154,158,164,163,161
李棲筠,2,164,82.0,126,149,160,164,163,161
平曾,3,164,54.666666666666664,133,153,158,164,163,161
白敏中,3,163,54.333333333333336,128,153,157,163,162,160
幸夤遜,2,163,81.5,140,162,160,163,162,160
柳曾,1,163,163.0,104,148,159,163,162,160
張蕭遠,3,162,54.0,140,157,158,162,161,159
楊希道,4,162,40.5,130,151,157,162,161,159
元淳,3,162,54.0,130,153,157,162,161,159
虎丘石壁鬼,2,162,81.0,116,147,159,162,161,159
李舒,5,160,32.0,136,159,157,160,159,157
顧在鎔,3,160,53.333333333333336,135,150,154,160,159,157
趙鸞鸞,5,160,32.0,129,154,157,160,159,157
馬湘,3,160,53.333333333333336,118,145,152,160,159,157
魏扶,3,159,53.0,138,151,155,159,158,156
李懷遠,2,158,79.0,131,142,150,158,157,155
劉太真,2,158,79.0,127,142,150,158,157,155
張濯,2,158,79.0,131,146,152,158,157,155
鄭綮,5,158,31.6,120,147,153,158,157,155
王揆,1,158,158.0,118,135,148,158,157,155
曇域,3,158,52.666666666666664,133,149,153,158,157,155
惟審,3,158,52.666666666666664,117,149,153,158,157,155
詹琲,3,157,52.333333333333336,136,147,152,157,156,154
劉瑤,3,157,52.333333333333336,127,149,153,157,156,154
張昭,2,156,78.0,133,148,150,156,155,153
田娥,5,156,31.2,128,150,153,156,155,153
朱逵,1,156,156.0,128,146,150,156,155,153
蔡瑰,1,156,156.0,135,146,150,156,155,153
神穎,2,156,78.0,125,140,148,156,155,153
李叔卿,2,155,77.5,125,148,152,155,154,152
李衍,6,154,25.666666666666668,120,146,151,154,153,151
李夢符,3,154,51.333333333333336,122,140,147,154,153,151
李如璧,1,153,153.0,119,141,148,153,152,150
陸贄,3,153,51.0,115,136,146,153,152,150
陳至,3,153,51.0,131,144,148,153,152,150
盧懷慎,3,152,50.666666666666664,131,143,147,152,151,149
崔知賢,3,152,50.666666666666664,115,142,146,152,151,149
李深,1,152,152.0,116,130,142,152,151,149
薛戎,1,152,152.0,108,129,142,152,151,149
謝勮,1,152,152.0,110,129,141,152,151,149
李宏皋,2,152,76.0,125,142,149,152,151,149
羊滔,1,151,151.0,107,128,141,151,150,148
蕭遘,4,151,37.75,136,145,147,151,150,148
褚朝陽,3,150,50.0,130,141,145,150,149,147
楊凝式,5,150,30.0,118,143,145,150,149,147
狄煥,4,150,37.5,119,142,145,150,149,147
湘中蛟女,3,150,50.0,107,143,146,150,149,147
楊思玄,2,148,74.0,113,131,140,148,147,145
張宣明,2,148,74.0,110,130,140,148,147,145
鄭史,3,148,49.333333333333336,120,136,142,148,147,145
知玄,3,148,49.333333333333336,123,142,145,148,147,145
崔萱,4,147,36.75,122,141,144,147,146,144
張生妻,1,147,147.0,100,128,144,147,146,144
裴諧,2,146,73.0,126,139,141,146,145,143
潘佑,5,146,29.2,121,141,142,146,145,143
元萬頃,3,144,48.0,95,127,136,144,143,141
胡元范,1,144,144.0,113,128,136,144,143,141
裴守真,1,144,144.0,118,128,136,144,143,141
陳嘉言,3,144,48.0,111,132,138,144,143,141
韋安石,3,144,48.0,116,133,138,144,143,141
宋鼎,2,144,72.0,122,131,137,144,143,141
王邕,2,144,72.0,112,130,137,144,143,141
沈東美,1,144,144.0,121,128,136,144,143,141
李岑2,2,144,72.0,117,130,137,144,143,141
張眾甫,3,144,48.0,125,133,138,144,143,141
張少博,2,144,72.0,106,129,137,144,143,141
周存,2,144,72.0,115,130,137,144,143,141
黎逢,2,144,72.0,110,130,137,144,143,141
李夷簡,1,144,144.0,116,128,136,144,143,141
鄭常,3,144,48.0,114,132,138,144,143,141
鄭審,2,144,72.0,119,131,137,144,143,141
張正元,2,144,72.0,114,131,137,144,143,141
崔樞,2,144,72.0,121,130,137,144,143,141
張嗣初,2,144,72.0,111,130,137,144,143,141
許康佐,2,144,72.0,102,129,137,144,143,141
郭遵,2,144,72.0,110,130,137,144,143,141
許稷,2,144,72.0,111,131,137,144,143,141
陳昌言,2,144,72.0,112,131,137,144,143,141
侯冽,2,144,72.0,110,127,137,144,143,141
柳棠,4,144,36.0,64,74,87,144,143,141
裴諴,2,144,72.0,102,127,135,144,143,141
張友正,2,144,72.0,118,131,137,144,143,141
陳光,3,144,48.0,114,133,138,144,143,141
劉辟,1,144,144.0,108,128,136,144,143,141
李延陵,1,144,144.0,117,127,135,144,143,141
陳政,1,144,144.0,116,128,136,144,143,141
沈徽,1,144,144.0,118,128,136,144,143,141
孫頠,2,144,72.0,118,131,137,144,143,141
穆寂,2,144,72.0,113,131,137,144,143,141
李沛,2,144,72.0,107,130,137,144,143,141
嚴巨川,2,144,72.0,117,129,137,144,143,141
呂敞,2,144,72.0,119,131,137,144,143,141
張隨,2,144,72.0,118,130,137,144,143,141
劉采春,1,144,144.0,97,125,134,144,143,141
豐幹,1,144,144.0,101,126,135,144,143,141
法照,3,144,48.0,117,134,138,144,143,141
李浩,1,144,144.0,92,119,134,144,143,141
何光遠,3,144,48.0,97,120,134,144,143,141
陳宮妃嬪,1,144,144.0,100,122,134,144,143,141
李夐,1,144,144.0,121,128,136,144,143,141
柴宿,2,143,71.5,117,130,136,143,142,140
沈如筠,4,142,35.5,114,134,137,142,141,139
張萬頃,3,142,47.333333333333336,112,134,137,142,141,139
李家明,4,142,35.5,114,128,136,142,141,139
許碏,2,142,71.0,112,134,137,142,141,139
李忱,7,141,20.142857142857142,128,140,138,141,140,138
蕭昕,2,141,70.5,118,130,136,141,140,138
陳季,2,141,70.5,117,130,136,141,140,138
張瀛,1,141,141.0,98,126,133,141,140,138
馮涓,3,141,47.0,113,131,137,141,140,138
石殷士,2,141,70.5,117,129,136,141,140,138
錢眾仲,2,141,70.5,116,129,136,141,140,138
紀唐夫,3,140,46.666666666666664,108,121,125,140,139,137
杜正倫,2,140,70.0,133,139,137,140,139,137
陳翥,2,140,70.0,109,126,135,140,139,137
劉綺莊,3,140,46.666666666666664,108,132,135,140,139,137
張琰,3,139,46.333333333333336,100,126,133,139,138,136
喬備,3,138,46.0,107,130,134,138,137,135
蔣維翰,4,138,34.5,102,128,132,138,137,135
羅讓,2,138,69.0,113,129,133,138,137,135
席夔,2,138,69.0,110,127,133,138,137,135
春台仙,1,138,138.0,101,118,129,138,137,135
卓英英,4,138,34.5,103,122,131,138,137,135
張元一,4,137,34.25,102,128,132,137,136,134
鄭渥,3,136,45.333333333333336,109,119,122,136,135,133
馮宿,2,136,68.0,111,126,130,136,135,133
王武陵,2,136,68.0,110,125,130,136,135,133
周渭,2,136,68.0,115,126,130,136,135,133
王播,2,136,68.0,97,118,126,136,135,133
戈牢,2,136,68.0,112,126,130,136,135,133
金厚載,2,136,68.0,116,126,130,136,135,133
王甚夷,2,136,68.0,106,125,130,136,135,133
盧渥,2,136,68.0,112,126,130,136,135,133
伍唐珪,3,136,45.333333333333336,111,126,130,136,135,133
鐘謨,3,136,45.333333333333336,110,126,130,136,135,133
步非煙,4,136,34.0,101,123,132,136,135,133
曲龍山仙,1,136,136.0,98,119,133,136,135,133
宮嬪,1,136,136.0,96,119,132,136,135,133
封敖,2,135,67.5,117,125,129,135,134,132
趙蕃,2,135,67.5,112,127,132,135,134,132
鮑君徽,3,134,44.666666666666664,124,133,131,134,133,131
東方虯,3,134,44.666666666666664,105,125,129,134,133,131
李敬玄,2,134,67.0,105,118,127,134,133,131
武少儀,2,134,67.0,121,125,129,134,133,131
何希堯,4,134,33.5,102,124,131,134,133,131
張孜,3,134,44.666666666666664,115,131,131,134,133,131
崔璐,1,134,134.0,109,118,126,134,133,131
張直,1,134,134.0,104,116,126,134,133,131
宋齊丘,3,134,44.666666666666664,118,126,129,134,133,131
周濆,4,134,33.5,100,124,131,134,133,131
懿宗朝舉子,1,134,134.0,98,115,125,134,133,131
澹交,3,134,44.666666666666664,108,127,131,134,133,131
孟翔,1,134,134.0,109,118,126,134,133,131
柳公綽,3,132,44.0,108,122,126,132,131,129
孫氏,3,132,44.0,101,124,127,132,131,129
葉法善,1,132,132.0,97,125,129,132,131,129
韋皋,3,131,43.666666666666664,107,122,127,131,130,128
盧拱,3,131,43.666666666666664,111,121,125,131,130,128
李節,1,131,131.0,84,115,122,131,130,128
張佐,2,130,65.0,107,124,126,130,129,127
謝良輔,4,130,32.5,98,112,122,130,129,127
鄭還古,3,130,43.333333333333336,106,119,125,130,129,127
趙牧,1,130,130.0,108,126,127,130,129,127
韓常侍,4,130,32.5,99,118,124,130,129,127
常浩,2,130,65.0,98,124,126,130,129,127
李善夷,2,129,64.5,69,100,117,129,128,126
錢鏐,3,128,42.666666666666664,95,118,122,128,127,125
柯崇,2,128,64.0,60,71,86,128,127,125
崔善為,3,128,42.666666666666664,108,122,124,128,127,125
滕邁,3,128,42.666666666666664,99,118,122,128,127,125
周墀,2,128,64.0,111,121,123,128,127,125
司馬都,2,128,64.0,112,121,123,128,127,125
吉師老,3,128,42.666666666666664,108,121,124,128,127,125
元凜,2,128,64.0,112,121,123,128,127,125
謝邈,2,128,64.0,115,121,123,128,127,125
棲一,2,128,64.0,103,119,123,128,127,125
彭曉,1,128,128.0,105,118,122,128,127,125
蒯希逸,2,127,63.5,114,122,123,127,126,124
王鎔,1,127,127.0,108,117,121,127,126,124
夷陵女郎,1,127,127.0,90,110,119,127,126,124
嚴郾,2,126,63.0,109,120,122,126,125,123
劉媛,3,126,42.0,93,117,123,126,125,123
滕傳胤,3,126,42.0,96,114,120,126,125,123
韋璜,3,126,42.0,98,117,121,126,125,123
王偃,4,124,31.0,75,94,104,124,123,121
李諒,1,124,124.0,113,117,119,124,123,121
裴廷裕,2,124,62.0,107,119,120,124,123,121
廉氏,3,124,41.333333333333336,102,120,121,124,123,121
應物,2,124,62.0,101,117,120,124,123,121
許岷,1,124,124.0,101,117,121,124,123,121
張賈,3,123,41.0,103,116,118,123,122,120
鄭仁表,4,123,30.75,96,110,117,123,122,120
紇幹著,4,123,30.75,97,117,120,123,122,120
蔡京,3,122,40.666666666666664,105,114,118,122,121,119
劉猛,3,121,40.333333333333336,92,113,118,121,120,118
安鳳,2,121,60.5,51,63,75,121,120,118
鄭餘慶,3,120,40.0,105,113,115,120,119,117
齊浣,3,120,40.0,61,79,90,120,119,117
朱仲晦,1,120,120.0,108,118,117,120,119,117
魏奉古,1,120,120.0,101,107,113,120,119,117
房管,1,120,120.0,100,107,113,120,119,117
崔禹錫,1,120,120.0,98,107,113,120,119,117
徐知仁,1,120,120.0,101,107,113,120,119,117
周瑀,3,120,40.0,93,110,115,120,119,117
厙狄履溫,1,120,120.0,99,107,113,120,119,117
趙良器,2,120,60.0,99,110,114,120,119,117
梁德裕,1,120,120.0,92,107,113,120,119,117
鄔載,1,120,120.0,98,106,113,120,119,117
崔子向,3,120,40.0,98,109,114,120,119,117
王良士,2,120,60.0,102,108,114,120,119,117
王炎,2,120,60.0,100,110,114,120,119,117
陶雍,1,120,120.0,99,107,113,120,119,117
李景,2,120,60.0,99,109,114,120,119,117
鄭顥,1,120,120.0,99,107,113,120,119,117
袁郊,4,120,30.0,106,119,117,120,119,117
王言史,1,120,120.0,103,107,113,120,119,117
王瓚,1,120,120.0,97,107,113,120,119,117
韋鎰,1,120,120.0,100,107,113,120,119,117
景雲,3,120,40.0,100,114,117,120,119,117
理瑩,1,120,120.0,103,107,113,120,119,117
徐靈府,2,120,60.0,89,107,113,120,119,117
張白,3,120,40.0,87,103,113,120,119,117
郭密之,1,120,120.0,98,107,113,120,119,117
樊宗師,1,119,119.0,97,106,112,119,118,116
劉行敏,3,118,39.333333333333336,95,110,114,118,117,115
鄭愚,4,116,29.0,108,111,112,116,115,113
張漸,1,115,115.0,91,106,112,115,114,112
李嶼,1,115,115.0,101,106,112,115,114,112
金真德,1,115,115.0,95,106,112,115,114,112
法輪,1,115,115.0,100,106,112,115,114,112
雲台峰女仙,5,115,23.0,86,106,112,115,114,112
賈馳,3,114,38.0,69,80,86,114,113,111
劉迥,3,114,38.0,80,96,106,114,113,111
孫偓,3,114,38.0,100,107,109,114,113,111
韓湘,2,114,57.0,97,107,110,114,113,111
郭子儀,3,112,37.333333333333336,85,101,105,112,111,109
蕭仿,3,112,37.333333333333336,88,101,105,112,111,109
盧貞,3,112,37.333333333333336,73,78,84,112,111,109
歐陽詢,3,112,37.333333333333336,100,108,108,112,111,109
蘇瑰,2,112,56.0,100,105,107,112,111,109
李憕,2,112,56.0,99,105,107,112,111,109
韓昭,2,112,56.0,94,105,107,112,111,109
張氏,2,112,56.0,89,105,108,112,111,109
劉雲,3,112,37.333333333333336,85,101,108,112,111,109
懷楚,2,112,56.0,96,105,107,112,111,109
大易,2,111,55.5,90,104,106,111,110,108
許宣平,3,111,37.0,91,103,106,111,110,108
賀敱,1,110,110.0,91,97,103,110,109,107
史俊,1,110,110.0,96,103,105,110,109,107
袁傪,2,110,55.0,89,99,104,110,109,107
崔何,2,110,55.0,93,100,104,110,109,107
王緯,2,110,55.0,93,100,104,110,109,107
郭澹,2,110,55.0,93,100,104,110,109,107
解彥融,1,110,110.0,102,105,107,110,109,107
唐暄,2,110,55.0,90,100,104,110,109,107
熊曜,1,110,110.0,89,97,103,110,109,107
朱均,1,110,110.0,88,97,103,110,109,107
羅紹威,3,109,36.333333333333336,93,102,105,109,108,106
劉晏,3,108,36.0,91,100,103,108,107,105
柳公權,3,108,36.0,87,97,102,108,107,105
吳武陵,2,108,54.0,93,98,102,108,107,105
裴虔餘,2,108,54.0,92,98,102,108,107,105
武瓘,3,108,36.0,90,104,104,108,107,105
崔璞,2,108,54.0,94,98,102,108,107,105
李士元,2,108,54.0,95,103,104,108,107,105
李舜弦,3,108,36.0,90,98,102,108,107,105
李節度姬,2,108,54.0,84,94,101,108,107,105
權龍褒,5,108,21.6,92,105,105,108,107,105
王魯複,4,107,26.75,90,101,103,107,106,104
李琪,3,107,35.666666666666664,89,100,102,107,106,104
鄭縉,2,107,53.5,88,97,101,107,106,104
周元範,2,106,53.0,90,102,102,106,105,103
崔玄亮,3,106,35.333333333333336,86,100,102,106,105,103
祝元膺,4,106,26.5,93,100,102,106,105,103
胡令能,3,106,35.333333333333336,85,97,101,106,105,103
楊玢,3,106,35.333333333333336,86,95,101,106,105,103
眉娘,3,106,35.333333333333336,71,90,100,106,105,103
唐晅,2,105,52.5,91,98,102,105,104,102
李回,4,104,26.0,93,100,100,104,103,101
高球,2,104,52.0,88,97,99,104,103,101
滕倪,2,104,52.0,92,100,100,104,103,101
黃巢,3,104,34.666666666666664,77,96,100,104,103,101
馮渚,1,104,104.0,73,97,101,104,103,101
無則,2,104,52.0,84,93,98,104,103,101
陸羽,3,103,34.333333333333336,77,96,99,103,102,100
捧劍僕,3,103,34.333333333333336,88,97,99,103,102,100
甘露寺鬼,1,103,103.0,85,94,100,103,102,100
王軒,3,103,34.333333333333336,82,94,99,103,102,100
胡證,2,102,51.0,89,98,98,102,101,99
楊敬之,3,102,34.0,85,96,99,102,101,99
布燮,2,102,51.0,88,96,98,102,101,99
葛鴉兒,2,102,51.0,74,93,99,102,101,99
王福娘,3,102,34.0,80,92,98,102,101,99
西施,3,102,34.0,78,93,99,102,101,99
戴司顏,3,101,33.666666666666664,86,97,98,101,100,98
鐘輻,1,101,101.0,90,94,96,101,100,98
李彥暐,1,100,100.0,85,99,97,100,99,97
滕潛,2,100,50.0,71,87,93,100,99,97
王珪,1,100,100.0,96,99,97,100,99,97
崔膺,2,100,50.0,82,95,97,100,99,97
何扶,2,100,50.0,83,93,95,100,99,97
崔鉉,2,100,50.0,87,92,95,100,99,97
楊知至,2,100,50.0,90,93,95,100,99,97
韋承貽,1,100,100.0,80,87,93,100,99,97
魏樸,1,100,100.0,83,90,94,100,99,97
李搏,2,100,50.0,85,92,95,100,99,97
張南容,1,100,100.0,83,92,97,100,99,97
黃崇嘏,2,100,50.0,86,93,95,100,99,97
楊萊兒,2,100,50.0,85,93,95,100,99,97
司馬退之,1,100,100.0,85,94,97,100,99,97
張保胤,2,100,50.0,84,92,95,100,99,97
李餘,3,99,33.0,84,95,96,99,98,96
劉洞,2,99,49.5,83,96,96,99,98,96
郭良驥,2,98,49.0,82,91,93,98,97,95
焦鬱,1,98,98.0,81,91,95,98,97,95
張固,2,98,49.0,84,92,94,98,97,95
潘緯,3,98,32.666666666666664,80,95,95,98,97,95
王延彬,2,98,49.0,83,92,94,98,97,95
盧尚書,2,98,49.0,87,92,94,98,97,95
上元夫人,3,98,32.666666666666664,81,93,95,98,97,95
魏元忠,2,96,48.0,78,89,91,96,95,93
弓嗣初,2,96,48.0,80,88,91,96,95,93
長孫正隱,2,96,48.0,78,89,91,96,95,93
周彥暉,2,96,48.0,78,87,91,96,95,93
高嶠,2,96,48.0,81,88,91,96,95,93
周思鈞,2,96,48.0,70,86,91,96,95,93
王熊,1,96,96.0,80,86,90,96,95,93
梁知微,1,96,96.0,82,86,90,96,95,93
吳兢,1,96,96.0,80,86,90,96,95,93
楊廉,2,96,48.0,80,86,91,96,95,93
張錫,2,96,48.0,82,89,91,96,95,93
解琬,2,96,48.0,86,89,91,96,95,93
裴光庭,1,96,96.0,84,86,90,96,95,93
宇文融,1,96,96.0,84,86,90,96,95,93
李元操,1,96,96.0,82,86,90,96,95,93
範朝,2,96,48.0,86,89,91,96,95,93
苗晉卿,1,96,96.0,84,86,90,96,95,93
蕭華,1,96,96.0,78,85,90,96,95,93
韋迢,2,96,48.0,80,88,91,96,95,93
潘炎,1,96,96.0,80,86,90,96,95,93
鄭丹,2,96,48.0,83,89,91,96,95,93
朱宿,1,96,96.0,76,85,90,96,95,93
閻濟美,2,96,48.0,83,89,91,96,95,93
姚向,2,96,48.0,83,88,91,96,95,93
溫會,2,96,48.0,83,88,91,96,95,93
李敬伯,2,96,48.0,82,88,91,96,95,93
孫叔向,3,96,32.0,81,89,91,96,95,93
張良器,1,96,96.0,81,85,90,96,95,93
于瑰,1,96,96.0,78,85,89,96,95,93
高湘,2,96,48.0,76,91,92,96,95,93
陸翱,2,96,48.0,80,87,91,96,95,93
蕭彧,2,96,48.0,82,89,91,96,95,93
謝太虛,1,96,96.0,75,85,90,96,95,93
王卓,1,96,96.0,82,86,90,96,95,93
鄭馥,1,96,96.0,82,86,90,96,95,93
鄭昉,1,96,96.0,81,85,90,96,95,93
李子昂,1,96,96.0,80,85,90,96,95,93
洛中舉子,2,96,48.0,81,89,92,96,95,93
林氏,1,96,96.0,82,86,90,96,95,93
王韞秀,3,96,32.0,79,89,91,96,95,93
法宣,2,96,48.0,84,89,91,96,95,93
釋泚,2,96,48.0,82,89,91,96,95,93
懷浦,2,96,48.0,78,89,91,96,95,93
舒道紀,2,96,48.0,81,88,91,96,95,93
孫長史女,1,96,96.0,76,85,89,96,95,93
張立,3,95,31.666666666666668,72,88,91,95,94,92
孟氏,4,95,23.75,42,52,59,95,94,92
寶月,1,95,95.0,70,87,91,95,94,92
龍女,3,95,31.666666666666668,76,85,89,95,94,92
姜皎,2,94,47.0,82,90,91,94,93,91
薛業,2,94,47.0,80,90,90,94,93,91
楊諫,2,94,47.0,73,86,90,94,93,91
李宣遠,2,94,47.0,76,86,90,94,93,91
童翰卿,2,94,47.0,79,86,89,94,93,91
織女,2,94,47.0,74,87,90,94,93,91
張文規,3,93,31.0,82,85,88,93,92,90
趙鴻,3,93,31.0,75,86,89,93,92,90
洪子輿,1,92,92.0,80,85,89,92,91,89
李元紘,2,92,46.0,80,87,89,92,91,89
郭良,2,92,46.0,77,85,88,92,91,89
芮挺章,2,92,46.0,76,86,89,92,91,89
於逖,1,92,92.0,78,84,89,92,91,89
韓滉,2,92,46.0,82,85,87,92,91,89
姚倫,2,92,46.0,82,87,88,92,91,89
吉皎,1,92,92.0,83,88,88,92,91,89
劉真,1,92,92.0,83,88,88,92,91,89
鄭據,1,92,92.0,83,88,88,92,91,89
盧真,1,92,92.0,78,87,88,92,91,89
張渾,1,92,92.0,84,88,88,92,91,89
賀朝清,2,92,46.0,77,86,88,92,91,89
徐振,2,92,46.0,83,88,89,92,91,89
張文姬,4,92,23.0,69,87,89,92,91,89
酒肆布衣,2,92,46.0,71,86,89,92,91,89
幹康,3,91,30.333333333333332,82,85,87,91,90,88
辛弘智,4,90,22.5,48,58,64,90,89,87
賈躭,1,90,90.0,77,85,86,90,89,87
盧頻,3,90,30.0,74,88,87,90,89,87
王感化,3,90,30.0,80,86,86,90,89,87
陳寡言,2,90,45.0,73,84,86,90,89,87
薛昭緯,2,89,44.5,77,83,85,89,88,86
張良璞,1,88,88.0,82,84,85,88,87,85
沈顏,2,88,44.0,73,80,83,88,87,85
戴休珽,1,88,88.0,81,84,85,88,87,85
長孫佐轉妻,1,88,88.0,61,82,85,88,87,85
李公佐僕,2,88,44.0,69,82,85,88,87,85
虞有賢,1,87,87.0,74,80,83,87,86,84
魚又玄,1,87,87.0,78,82,83,87,86,84
歐陽瑾,2,86,43.0,40,45,49,86,85,83
梁獻,2,86,43.0,73,82,83,86,85,83
顧朝陽,2,86,43.0,76,83,83,86,85,83
張修之,2,86,43.0,41,44,49,86,85,83
張烜,2,86,43.0,43,45,49,86,85,83
王訓,2,86,43.0,42,46,50,86,85,83
許天正,1,86,86.0,71,76,80,86,85,83
權徹,1,86,86.0,74,76,80,86,85,83
趙惠宗,1,86,86.0,62,80,83,86,85,83
劉郇伯,2,85,42.5,71,82,82,85,84,82
長孫無忌,3,84,28.0,78,83,81,84,83,81
豆盧複,2,84,42.0,67,77,79,84,83,81
李濤1,2,84,42.0,68,79,80,84,83,81
越溪楊女,2,84,42.0,58,73,79,84,83,81
吳子來,1,84,84.0,62,72,77,84,83,81
盧絳,1,84,84.0,74,77,79,84,83,81
陸堅,2,83,41.5,73,76,78,83,82,80
李肱,2,83,41.5,73,76,78,83,82,80
于逖,1,82,82.0,64,73,79,82,81,79
劉戩,1,82,82.0,71,75,79,82,81,79
河北士人,2,82,41.0,68,76,78,82,81,79
任氏,1,82,82.0,45,63,75,82,81,79
洛川仙女,2,82,41.0,56,71,78,82,81,79
何兆,3,81,27.0,70,77,78,81,80,78
符載,3,81,27.0,68,73,77,81,80,78
林傑,3,81,27.0,68,76,78,81,80,78
蔣挺,2,80,40.0,70,76,76,80,79,77
竇威,2,80,40.0,40,42,44,80,79,77
劉濟,1,80,80.0,69,76,77,80,79,77
余延壽,1,80,80.0,72,79,77,80,79,77
趙中虛,1,80,80.0,79,79,77,80,79,77
張文恭,2,80,40.0,79,79,77,80,79,77
盧溵,2,80,40.0,67,74,76,80,79,77
陸扆,2,80,40.0,68,73,75,80,79,77
楊達,2,80,40.0,69,74,77,80,79,77
吳象之,2,80,40.0,71,75,77,80,79,77
李禕,1,79,79.0,79,78,76,79,78,76
高璩,2,79,39.5,72,75,75,79,78,76
徐月英,3,79,26.333333333333332,67,76,76,79,78,76
張敬忠,3,78,26.0,56,61,64,78,77,75
陸海,3,78,26.0,64,77,75,78,77,75
薛令之,2,78,39.0,67,74,75,78,77,75
衛象,2,78,39.0,71,74,75,78,77,75
周仲美,1,78,78.0,68,74,75,78,77,75
崔鶯鶯,3,78,26.0,66,76,75,78,77,75
孟昶,2,76,38.0,53,60,62,76,75,73
胡雄,2,76,38.0,64,72,72,76,75,73
伍彬,2,76,38.0,69,73,73,76,75,73
希道,1,76,76.0,60,66,70,76,75,73
故台城妓,2,76,38.0,65,71,73,76,75,73
嚴含質,2,76,38.0,64,73,73,76,75,73
楊虞卿,2,75,37.5,68,71,71,75,74,72
李景讓,2,75,37.5,70,71,71,75,74,72
李旦,2,74,37.0,69,73,71,74,73,71
吳燭,2,74,37.0,65,71,71,74,73,71
徐玄之,1,74,74.0,63,70,71,74,73,71
朱光弼,3,73,24.333333333333332,58,68,70,73,72,70
陳沆,2,73,36.5,61,69,69,73,72,70
梁寶,1,73,73.0,48,55,65,73,72,70
劉晃,2,72,36.0,58,67,68,72,71,69
王晙,2,72,36.0,60,68,68,72,71,69
崔玄童,2,72,36.0,63,68,68,72,71,69
何鸞,2,72,36.0,61,68,68,72,71,69
張齊賢,2,72,36.0,62,68,68,72,71,69
鄭善玉,2,72,36.0,66,68,68,72,71,69
祝欽明,2,72,36.0,59,67,68,72,71,69
歸登,2,72,36.0,62,67,68,72,71,69
杜羔,2,72,36.0,65,68,68,72,71,69
賀遂亮,1,72,72.0,62,65,67,72,71,69
韓思彥,1,72,72.0,62,65,67,72,71,69
劉懷一,1,72,72.0,62,65,67,72,71,69
李行言,1,72,72.0,64,65,67,72,71,69
劉升,1,72,72.0,63,65,67,72,71,69
韋抗,1,72,72.0,63,65,67,72,71,69
李暠,1,72,72.0,64,65,67,72,71,69
程行諶,1,72,72.0,62,65,67,72,71,69
褚琇,1,72,72.0,63,65,67,72,71,69
崔沔,1,72,72.0,63,65,67,72,71,69
崔尚,1,72,72.0,62,65,67,72,71,69
盧崇道,1,72,72.0,63,65,67,72,71,69
梁升卿,1,72,72.0,63,65,67,72,71,69
張巡,1,72,72.0,63,65,67,72,71,69
莊若訥,1,72,72.0,62,65,67,72,71,69
魏璀,1,72,72.0,62,65,67,72,71,69
李曄2,1,72,72.0,63,65,67,72,71,69
敬括,1,72,72.0,62,65,67,72,71,69
滕珦,1,72,72.0,60,65,67,72,71,69
元友讓,1,72,72.0,64,65,67,72,71,69
王綽,1,72,72.0,61,64,67,72,71,69
張叔良,1,72,72.0,61,65,67,72,71,69
呂牧,1,72,72.0,61,63,67,72,71,69
鄭孺華,1,72,72.0,60,64,67,72,71,69
李竦,1,72,72.0,61,65,67,72,71,69
張惟儉,1,72,72.0,63,65,67,72,71,69
張莒,1,72,72.0,61,65,67,72,71,69
史延,1,72,72.0,59,64,67,72,71,69
韓浚,1,72,72.0,60,65,67,72,71,69
鄭轅,1,72,72.0,60,64,67,72,71,69
王濯,1,72,72.0,64,65,67,72,71,69
獨孤綬,1,72,72.0,62,65,67,72,71,69
周徹,1,72,72.0,64,65,67,72,71,69
獨孤授,1,72,72.0,62,65,67,72,71,69
王儲,1,72,72.0,61,65,67,72,71,69
張蒙,1,72,72.0,59,63,67,72,71,69
常沂,1,72,72.0,59,64,67,72,71,69
張昔,1,72,72.0,61,63,67,72,71,69
丁位,1,72,72.0,58,63,67,72,71,69
元友直,1,72,72.0,61,65,67,72,71,69
楊系,1,72,72.0,59,64,67,72,71,69
崔績,1,72,72.0,61,65,67,72,71,69
張季略,1,72,72.0,60,65,67,72,71,69
裴達,1,72,72.0,59,64,67,72,71,69
裴逵,1,72,72.0,63,65,67,72,71,69
沈回,1,72,72.0,60,64,67,72,71,69
吉中孚,1,72,72.0,60,65,67,72,71,69
于尹躬,1,72,72.0,60,64,67,72,71,69
李子卿,1,72,72.0,62,65,67,72,71,69
獨孤良器,1,72,72.0,59,65,67,72,71,69
何頻瑜,1,72,72.0,60,64,67,72,71,69
顏粲,1,72,72.0,63,65,67,72,71,69
王履貞,1,72,72.0,59,63,67,72,71,69
陸複禮,1,72,72.0,59,65,67,72,71,69
李正辭,1,72,72.0,59,65,67,72,71,69
許堯佐,1,72,72.0,62,65,67,72,71,69
李君房,1,72,72.0,61,65,67,72,71,69
車緬,1,72,72.0,59,63,67,72,71,69
楊於陵,1,72,72.0,62,65,67,72,71,69
劉遵古,1,72,72.0,59,64,67,72,71,69
韋紓,1,72,72.0,63,65,67,72,71,69
樊陽源,1,72,72.0,60,65,67,72,71,69
豆盧榮,1,72,72.0,60,65,67,72,71,69
邵偃,1,72,72.0,62,65,67,72,71,69
柳道倫,1,72,72.0,58,64,67,72,71,69
陳九流,1,72,72.0,60,65,67,72,71,69
夏方慶,1,72,72.0,61,65,67,72,71,69
李應,1,72,72.0,61,65,67,72,71,69
陳師穆,1,72,72.0,61,64,67,72,71,69
李季何,1,72,72.0,60,65,67,72,71,69
高弁,1,72,72.0,62,65,67,72,71,69
李行敏,1,72,72.0,59,65,67,72,71,69
陳諷,1,72,72.0,63,65,67,72,71,69
嚴休複,1,72,72.0,58,62,66,72,71,69
王損之,1,72,72.0,63,65,67,72,71,69
封孟紳,1,72,72.0,58,65,67,72,71,69
鄭俞,1,72,72.0,62,65,67,72,71,69
吳丹,1,72,72.0,60,65,67,72,71,69
王鑒,1,72,72.0,63,65,67,72,71,69
杜元穎,1,72,72.0,61,65,67,72,71,69
胡直鈞,1,72,72.0,63,65,67,72,71,69
俞簡,1,72,72.0,60,65,67,72,71,69
李君何,1,72,72.0,62,65,67,72,71,69
曹著,1,72,72.0,62,65,67,72,71,69
徐牧,1,72,72.0,58,65,67,72,71,69
獨孤良弼,1,72,72.0,61,64,67,72,71,69
羅立言,1,72,72.0,63,65,67,72,71,69
獨孤申叔,1,72,72.0,62,65,67,72,71,69
宋濟,2,72,36.0,58,65,67,72,71,69
張儼,1,72,72.0,60,65,67,72,71,69
殷堯恭,1,72,72.0,62,64,67,72,71,69
浩虛舟,1,72,72.0,63,65,67,72,71,69
盧景亮,1,72,72.0,61,65,67,72,71,69
何儒亮,1,72,72.0,62,65,67,72,71,69
李虞仲,1,72,72.0,59,65,67,72,71,69
賈謨,1,72,72.0,64,65,67,72,71,69
陳彥博,1,72,72.0,62,65,67,72,71,69
王質,1,72,72.0,60,64,67,72,71,69
潘存實,1,72,72.0,61,65,67,72,71,69
獨孤鉉,1,72,72.0,62,65,67,72,71,69
劉軻,1,72,72.0,60,65,67,72,71,69
焦郁,1,72,72.0,61,64,67,72,71,69
梁鉉,1,72,72.0,62,65,67,72,71,69
趙存約,1,72,72.0,62,65,67,72,71,69
竇洵直,1,72,72.0,61,65,67,72,71,69
庾敬休,1,72,72.0,61,65,67,72,71,69
鐘輅,1,72,72.0,60,64,67,72,71,69
李衢,1,72,72.0,63,65,67,72,71,69
李損之,1,72,72.0,62,65,67,72,71,69
馮涯,1,72,72.0,63,65,67,72,71,69
薛宜僚,1,72,72.0,56,62,66,72,71,69
李體仁,1,72,72.0,59,64,67,72,71,69
顧封人,1,72,72.0,58,64,67,72,71,69
張禕,2,72,36.0,58,64,67,72,71,69
南詔驃信,1,72,72.0,59,63,67,72,71,69
朝衡,1,72,72.0,61,64,67,72,71,69
張令問,2,72,36.0,33,37,42,72,71,69
武翊黃,1,72,72.0,60,64,67,72,71,69
韋鵬翼,2,72,36.0,31,33,35,72,71,69
苗仲方,1,72,72.0,62,64,67,72,71,69
李謹言,1,72,72.0,55,61,66,72,71,69
楊行敏,1,72,72.0,55,61,66,72,71,69
伊夢昌,2,72,36.0,65,71,69,72,71,69
郭汭,1,72,72.0,63,65,67,72,71,69
蔡文恭,1,72,72.0,62,65,67,72,71,69
賈宗,1,72,72.0,62,65,67,72,71,69
石召,2,72,36.0,63,68,68,72,71,69
郭求,1,72,72.0,62,65,67,72,71,69
鄭師貞,1,72,72.0,62,65,67,72,71,69
陶拱,1,72,72.0,58,65,67,72,71,69
朱華,1,72,72.0,58,63,67,72,71,69
戴察,1,72,72.0,61,65,67,72,71,69
孫顧,1,72,72.0,61,65,67,72,71,69
陳璀,1,72,72.0,60,65,67,72,71,69
裴杞,1,72,72.0,61,65,67,72,71,69
陳祜,1,72,72.0,59,64,67,72,71,69
吳秘,1,72,72.0,61,64,67,72,71,69
張複元,1,72,72.0,59,64,67,72,71,69
王景中,1,72,72.0,60,65,67,72,71,69
朱延齡,1,72,72.0,59,65,67,72,71,69
鄭蕡,1,72,72.0,61,65,67,72,71,69
裴元,1,72,72.0,62,65,67,72,71,69
杜周士,1,72,72.0,61,65,67,72,71,69
樂伸,1,72,72.0,59,65,67,72,71,69
徐至,1,72,72.0,61,65,67,72,71,69
紇幹諷,1,72,72.0,64,65,67,72,71,69
朱休,1,72,72.0,61,64,67,72,71,69
成崿,1,72,72.0,63,65,67,72,71,69
夏侯楚,1,72,72.0,61,65,67,72,71,69
胡權,1,72,72.0,59,65,67,72,71,69
辛宏,1,72,72.0,59,65,67,72,71,69
康翊仁,1,72,72.0,59,65,67,72,71,69
陳中師,1,72,72.0,61,64,67,72,71,69
管雄甫,1,72,72.0,60,64,67,72,71,69
呂價,1,72,72.0,60,65,67,72,71,69
苑gT,1,72,72.0,61,65,67,72,71,69
羅泰,1,72,72.0,61,64,67,72,71,69
崔藩,1,72,72.0,60,63,67,72,71,69
李勳,1,72,72.0,60,65,67,72,71,69
徐元鼎,1,72,72.0,64,65,67,72,71,69
呂炅,1,72,72.0,64,65,67,72,71,69
劉公興,1,72,72.0,58,65,67,72,71,69
石倚,1,72,72.0,59,64,67,72,71,69
葉元良,1,72,72.0,64,65,67,72,71,69
裴大章,1,72,72.0,63,65,67,72,71,69
崔宗,1,72,72.0,61,65,67,72,71,69
吳叔達,1,72,72.0,59,64,67,72,71,69
孟翱,1,72,72.0,60,64,67,72,71,69
袁求賢,1,72,72.0,59,65,67,72,71,69
孟匡明,1,72,72.0,62,65,67,72,71,69
李胄,1,72,72.0,61,65,67,72,71,69
鄭述誠,1,72,72.0,62,65,67,72,71,69
宋迪,1,72,72.0,60,64,67,72,71,69
萬俟造,1,72,72.0,59,64,67,72,71,69
鄭袞,1,72,72.0,61,65,67,72,71,69
張公乂,1,72,72.0,61,65,67,72,71,69
王若岩,1,72,72.0,60,64,67,72,71,69
徐仁嗣,1,72,72.0,61,65,67,72,71,69
盧征,1,72,72.0,62,65,67,72,71,69
顧偉,1,72,72.0,57,65,67,72,71,69
薛少殷,1,72,72.0,62,65,67,72,71,69
張元正,1,72,72.0,58,65,67,72,71,69
王霞卿,2,72,36.0,61,65,67,72,71,69
竇梁賓,2,72,36.0,54,63,67,72,71,69
裴羽仙,1,72,72.0,54,62,66,72,71,69
慧偘,2,72,36.0,62,67,68,72,71,69
懷素,2,72,36.0,60,65,67,72,71,69
元孚,2,72,36.0,59,65,67,72,71,69
智亮,1,72,72.0,50,60,66,72,71,69
懷浚,1,72,72.0,26,45,59,72,71,69
無悶,2,72,36.0,53,64,67,72,71,69
亞棲,2,72,36.0,62,65,67,72,71,69
張氳,1,72,72.0,56,65,67,72,71,69
許學士,2,72,36.0,58,65,67,72,71,69
紫微孫處士,2,72,36.0,58,64,67,72,71,69
劉道昌,2,72,36.0,57,64,67,72,71,69
慈恩院女仙,1,72,72.0,57,62,66,72,71,69
嵩山女,2,72,36.0,59,67,68,72,71,69
廣利王女,1,72,72.0,55,62,66,72,71,69
龐德公,2,72,36.0,55,62,66,72,71,69
孔氏,1,72,72.0,59,65,67,72,71,69
張太華,2,72,36.0,61,65,67,72,71,69
劉氏亡婦,1,72,72.0,44,56,65,72,71,69
馬乂,1,72,72.0,62,65,67,72,71,69
薛光謙,1,72,72.0,63,65,67,72,71,69
於結,1,71,71.0,61,64,66,71,70,68
鄭洪業,1,71,71.0,62,64,66,71,70,68
朱子真,2,71,35.5,34,38,47,71,70,68
唐備,2,71,35.5,53,66,67,71,70,68
鄧陟,1,71,71.0,61,64,66,71,70,68
竇昉,1,71,71.0,60,64,66,71,70,68
李元嘉,1,70,70.0,69,69,67,70,69,67
李章,2,70,35.0,46,51,53,70,69,67
薛元超,1,70,70.0,69,69,67,70,69,67
張楚金,1,70,70.0,57,69,67,70,69,67
鄭繇,2,70,35.0,63,67,67,70,69,67
張翬,2,70,35.0,64,66,66,70,69,67
李休烈,2,70,35.0,32,40,51,70,69,67
李收,2,70,35.0,62,66,66,70,69,67
李願,2,70,35.0,63,66,66,70,69,67
朱沖和,2,70,35.0,61,63,66,70,69,67
楊漢公,2,70,35.0,52,64,66,70,69,67
熊皦,2,70,35.0,59,64,66,70,69,67
楊徽之,2,70,35.0,60,64,66,70,69,67
張起,2,70,35.0,62,66,66,70,69,67
方壺居士,2,70,35.0,61,64,66,70,69,67
李太玄,2,70,35.0,57,64,66,70,69,67
王仙仙,2,70,35.0,56,63,66,70,69,67
韋檢,2,70,35.0,62,64,66,70,69,67
閭丘均,1,69,69.0,62,64,66,69,68,66
寇泚,1,69,69.0,56,61,66,69,68,66
竇蒙,1,69,69.0,62,64,66,69,68,66
古之奇,1,69,69.0,60,64,66,69,68,66
張叔卿,2,69,34.5,62,66,66,69,68,66
王公亮,1,69,69.0,60,64,66,69,68,66
王季則,1,69,69.0,61,64,66,69,68,66
紀元皋,1,69,69.0,61,64,66,69,68,66
吳晃,1,69,69.0,60,63,66,69,68,66
張複,1,69,69.0,60,64,66,69,68,66
張勝之,1,69,69.0,60,64,66,69,68,66
錢可複,1,69,69.0,61,64,66,69,68,66
張鷺,1,69,69.0,61,64,66,69,68,66
劉莊物,1,69,69.0,60,64,66,69,68,66
劉贊,2,69,34.5,63,66,66,69,68,66
羅維,1,69,69.0,59,63,66,69,68,66
湯洙,1,69,69.0,58,63,66,69,68,66
殷琮,1,69,69.0,60,64,66,69,68,66
郭邕,1,69,69.0,60,64,66,69,68,66
張欽敬,1,69,69.0,59,64,66,69,68,66
叔孫玄觀,1,69,69.0,60,64,66,69,68,66
王季友2,1,69,69.0,60,63,66,69,68,66
濮陽瓘,1,69,69.0,60,64,66,69,68,66
沈鵬,1,69,69.0,60,63,66,69,68,66
侯道華,1,69,69.0,57,63,66,69,68,66
魏朋妻,1,69,69.0,60,64,66,69,68,66
無名鬼,2,69,34.5,56,66,66,69,68,66
夏侯孜,2,68,34.0,57,64,64,68,67,65
邢巨,2,68,34.0,60,66,65,68,67,65
韋丹,2,68,34.0,56,63,65,68,67,65
蘇郁,2,68,34.0,53,61,65,68,67,65
馮袞,2,68,34.0,55,61,65,68,67,65
盧群玉,2,68,34.0,60,63,64,68,67,65
劉氏婦,1,68,68.0,44,55,64,68,67,65
藍采和,1,68,68.0,59,63,64,68,67,65
孫處玄,3,67,22.333333333333332,63,66,64,67,66,64
韋式,1,67,67.0,59,60,62,67,66,64
楊收,3,67,22.333333333333332,65,66,64,67,66,64
安守範,1,67,67.0,51,56,61,67,66,64
鄒紹先,2,66,33.0,32,38,44,66,65,63
李崇嗣,3,66,22.0,58,64,63,66,65,63
王嶽靈,1,66,66.0,54,63,63,66,65,63
仲子陵,1,66,66.0,58,63,63,66,65,63
裴澄,1,66,66.0,59,63,63,66,65,63
範傳質,1,66,66.0,59,63,63,66,65,63
滕白,2,66,33.0,60,62,62,66,65,63
張安石,2,66,33.0,54,61,63,66,65,63
林琨,1,66,66.0,62,63,63,66,65,63
鄧倚,1,66,66.0,62,63,63,66,65,63
南巨川,1,66,66.0,61,63,63,66,65,63
丁居晦,1,66,66.0,59,63,63,66,65,63
員南溟,1,66,66.0,59,62,63,66,65,63
張何,1,66,66.0,61,63,63,66,65,63
李景儉,1,66,66.0,47,53,60,66,65,63
商山客死生,1,66,66.0,53,63,63,66,65,63
鄭概,2,65,32.5,57,59,62,65,64,62
範燈,2,65,32.5,56,59,62,65,64,62
樊珣,2,65,32.5,56,59,62,65,64,62
劉蕃,2,65,32.5,56,59,62,65,64,62
何仲舉,2,65,32.5,62,64,62,65,64,62
李茂複,2,65,32.5,55,61,61,65,64,62
衛萬,1,65,65.0,50,59,62,65,64,62
邵升,1,64,64.0,60,60,60,64,63,61
楊敬述,1,64,64.0,60,60,60,64,63,61
蔡希周,1,64,64.0,58,60,60,64,63,61
陶峴,1,64,64.0,58,60,60,64,63,61
張抃,1,64,64.0,58,60,60,64,63,61
庾光先,1,64,64.0,58,60,60,64,63,61
喬琳,1,64,64.0,59,60,60,64,63,61
蘇源明,1,64,64.0,48,59,60,64,63,61
郭受,1,64,64.0,60,60,60,64,63,61
王鋌,1,64,64.0,55,59,60,64,63,61
房孺複,1,64,64.0,60,60,60,64,63,61
楊郇伯,1,64,64.0,57,60,60,64,63,61
苗發,1,64,64.0,59,60,60,64,63,61
羅珦,1,64,64.0,58,60,60,64,63,61
盧群,1,64,64.0,58,60,60,64,63,61
張署,1,64,64.0,59,60,60,64,63,61
張薦,2,64,32.0,56,60,60,64,63,61
張彤,1,64,64.0,57,60,60,64,63,61
邵楚萇,1,64,64.0,59,60,60,64,63,61
何元上,1,64,64.0,59,60,60,64,63,61
李宗閔,1,64,64.0,59,60,60,64,63,61
馬植,1,64,64.0,59,60,60,64,63,61
皇甫曙,1,64,64.0,58,60,60,64,63,61
劉三複,1,64,64.0,60,60,60,64,63,61
韋瓘,1,64,64.0,60,60,60,64,63,61
崔郾,1,64,64.0,60,60,60,64,63,61
柴夔,1,64,64.0,56,59,60,64,63,61
房千里,1,64,64.0,59,60,60,64,63,61
陳上美,1,64,64.0,58,60,60,64,63,61
潘咸,2,64,32.0,52,61,61,64,63,61
崔元略,1,64,64.0,60,60,60,64,63,61
邢群,1,64,64.0,58,60,60,64,63,61
曹汾,1,64,64.0,57,60,60,64,63,61
彭蟾,1,64,64.0,60,60,60,64,63,61
路貫,1,64,64.0,60,60,60,64,63,61
丁棱,1,64,64.0,57,60,60,64,63,61
高退之,1,64,64.0,60,60,60,64,63,61
孟球,1,64,64.0,59,60,60,64,63,61
劉耕,1,64,64.0,58,60,60,64,63,61
裴翻,1,64,64.0,59,60,60,64,63,61
樊驤,1,64,64.0,59,60,60,64,63,61
崔軒,1,64,64.0,59,60,60,64,63,61
張道符,1,64,64.0,59,60,60,64,63,61
丘上卿,1,64,64.0,59,60,60,64,63,61
石貫,1,64,64.0,60,60,60,64,63,61
李潛,1,64,64.0,60,60,60,64,63,61
孟守,1,64,64.0,59,60,60,64,63,61
唐思言,1,64,64.0,60,60,60,64,63,61
盧嗣立,1,64,64.0,57,59,60,64,63,61
潘唐,1,64,64.0,60,60,60,64,63,61
裴休,1,64,64.0,60,60,60,64,63,61
盧順之,1,64,64.0,58,60,60,64,63,61
劉暌,1,64,64.0,59,60,60,64,63,61
李渥,1,64,64.0,58,60,60,64,63,61
柳珪,1,64,64.0,59,60,60,64,63,61
裴鉶,1,64,64.0,57,58,60,64,63,61
伊璠,1,64,64.0,59,60,60,64,63,61
羊昭業,1,64,64.0,60,60,60,64,63,61
許三畏,1,64,64.0,58,60,60,64,63,61
林嵩,1,64,64.0,56,59,60,64,63,61
李旭,1,64,64.0,60,60,60,64,63,61
胡駢,1,64,64.0,60,60,60,64,63,61
蕭項,1,64,64.0,60,60,60,64,63,61
蔣肱,1,64,64.0,59,60,60,64,63,61
周鏞,1,64,64.0,57,60,60,64,63,61
鄧洵美,1,64,64.0,57,60,60,64,63,61
高輦,2,64,32.0,60,63,61,64,63,61
李昉,1,64,64.0,57,60,60,64,63,61
馬致恭,1,64,64.0,60,60,60,64,63,61
張義方,1,64,64.0,57,60,60,64,63,61
包穎,1,64,64.0,58,60,60,64,63,61
查文徽,1,64,64.0,58,60,60,64,63,61
張格,1,64,64.0,58,59,60,64,63,61
王鍇,1,64,64.0,57,60,60,64,63,61
李浩弼,1,64,64.0,56,60,60,64,63,61
楊鼎夫,1,64,64.0,57,59,60,64,63,61
張觀,1,64,64.0,59,60,60,64,63,61
王繼勳,1,64,64.0,59,60,60,64,63,61
夏鴻,1,64,64.0,58,60,60,64,63,61
顏仁郁,2,64,32.0,54,60,61,64,63,61
陸弘休,1,64,64.0,55,58,60,64,63,61
油蔚,1,64,64.0,58,60,60,64,63,61
殷陶,1,64,64.0,57,60,60,64,63,61
羅炯,1,64,64.0,58,60,60,64,63,61
嚴郭,1,64,64.0,59,60,60,64,63,61
孫咸,1,64,64.0,58,60,60,64,63,61
何敬,1,64,64.0,53,58,60,64,63,61
麻溫其,1,64,64.0,59,60,60,64,63,61
張懷,1,64,64.0,59,60,60,64,63,61
侯氏,1,64,64.0,56,59,60,64,63,61
楚兒,1,64,64.0,59,60,60,64,63,61
中寤,1,64,64.0,59,60,60,64,63,61
金地藏,1,64,64.0,56,60,60,64,63,61
韜光,1,64,64.0,56,60,60,64,63,61
泠然,1,64,64.0,60,60,60,64,63,61
軒轅彌明,1,64,64.0,55,60,60,64,63,61
張果,1,64,64.0,57,59,60,64,63,61
崔少玄,1,64,64.0,49,60,60,64,63,61
介胄鬼,1,64,64.0,59,60,60,64,63,61
石恪,1,64,64.0,59,60,60,64,63,61
崇聖寺鬼,1,64,64.0,58,60,61,64,63,61
王麗真,1,64,64.0,56,60,60,64,63,61
陸岩夢,1,64,64.0,57,60,60,64,63,61
李都,1,64,64.0,59,60,60,64,63,61
胡傳美,1,64,64.0,57,59,60,64,63,61
歐陽澥,2,63,31.5,50,56,59,63,62,60
韓嶼,1,63,63.0,58,59,59,63,62,60
張瑛,2,63,31.5,54,60,60,63,62,60
裴交泰,2,62,31.0,28,32,37,62,61,59
王沈,2,62,31.0,30,35,41,62,61,59
王德真,1,62,62.0,53,55,57,62,61,59
鄭義真,1,62,62.0,54,55,57,62,61,59
蕭楚材,1,62,62.0,54,55,57,62,61,59
薛克構,1,62,62.0,52,55,57,62,61,59
喬侃,1,62,62.0,50,54,57,62,61,59
牛鳳及,1,62,62.0,52,55,57,62,61,59
苑鹹,1,62,62.0,59,59,59,62,61,59
許玫,1,62,62.0,59,59,59,62,61,59
郭夔,1,62,62.0,53,58,59,62,61,59
李克恭,1,62,62.0,58,59,59,62,61,59
盧尚卿,1,62,62.0,58,59,59,62,61,59
姚岩傑,1,62,62.0,53,58,59,62,61,59
裴贄,1,62,62.0,59,59,59,62,61,59
唐廩,1,62,62.0,58,59,59,62,61,59
孫定,1,62,62.0,57,59,59,62,61,59
劉章,1,62,62.0,57,59,59,62,61,59
盧鉟,1,62,62.0,59,59,59,62,61,59
周岳秀,1,62,62.0,59,59,59,62,61,59
劉望,1,62,62.0,56,59,59,62,61,59
江陵士子,1,62,62.0,56,59,59,62,61,59
吳涵虛,1,62,62.0,51,57,59,62,61,59
裴略,2,62,31.0,56,58,58,62,61,59
韋洪,1,61,61.0,53,54,56,61,60,58
宋若昭,1,60,60.0,59,59,57,60,59,57
宋若憲,1,60,60.0,57,59,57,60,59,57
鮑氏君徽,1,60,60.0,56,59,57,60,59,57
劉洎,1,60,60.0,60,59,57,60,59,57
褚遂良,1,60,60.0,60,59,57,60,59,57
楊續,1,60,60.0,60,59,57,60,59,57
楊炎,2,60,30.0,50,55,56,60,59,57
楊志堅,1,60,60.0,55,58,57,60,59,57
柳郴,2,60,30.0,51,55,56,60,59,57
張松齡,2,60,30.0,32,35,37,60,59,57
張元宗,2,60,30.0,51,55,56,60,59,57
李廷璧,1,60,60.0,54,58,57,60,59,57
趙延壽,1,60,60.0,58,58,57,60,59,57
何贊,1,60,60.0,58,58,57,60,59,57
張子明,1,60,60.0,57,58,57,60,59,57
黃文,1,60,60.0,55,57,57,60,59,57
趙氏3,1,60,60.0,57,58,57,60,59,57
鮑家四弦,2,60,30.0,52,55,56,60,59,57
崔公遠,2,60,30.0,51,57,57,60,59,57
程紫霄,2,60,30.0,44,49,55,60,59,57
毛女正美,1,60,60.0,50,53,55,60,59,57
李微,1,60,60.0,54,58,57,60,59,57
任要,1,60,60.0,49,52,55,60,59,57
閩後陳氏,1,60,60.0,45,57,57,60,59,57
談戭,2,59,29.5,51,54,55,59,58,56
劉畋,2,59,29.5,53,55,55,59,58,56
許鼎,2,59,29.5,46,55,55,59,58,56
任生,2,59,29.5,52,54,55,59,58,56
尚能,2,59,29.5,54,55,55,59,58,56
範堯佐,1,59,59.0,58,58,56,59,58,56
王衍,2,59,29.5,47,51,56,59,58,56
李景伯,2,58,29.0,53,54,55,58,57,55
張希複,2,57,28.5,48,51,53,57,56,54
姚氏月華,1,56,56.0,50,55,53,56,55,53
劉氏媛,1,56,56.0,50,55,53,56,55,53
席元明,1,56,56.0,49,52,52,56,55,53
沈宇,2,56,28.0,46,52,53,56,55,53
盧儲,2,56,28.0,53,54,53,56,55,53
李播,2,56,28.0,49,53,53,56,55,53
天寶宮人,2,56,28.0,45,53,53,56,55,53
石抱忠,1,56,56.0,48,51,52,56,55,53
竇弘餘,1,56,56.0,49,52,52,56,55,53
康駢,1,56,56.0,52,52,52,56,55,53
崔信明,2,55,27.5,51,54,52,55,54,52
劉氏雲,2,54,27.0,42,49,50,54,53,51
病狂人,1,52,52.0,44,49,49,52,51,49
樊晃,2,51,25.5,46,47,47,51,50,48
程彌綸,1,51,51.0,42,48,48,51,50,48
景審,2,51,25.5,44,47,47,51,50,48
顏蕘,2,51,25.5,45,47,47,51,50,48
關盼盼,2,51,25.5,44,47,47,51,50,48
李貞,1,50,50.0,50,49,47,50,49,47
馬周,2,50,25.0,48,49,47,50,49,47
淨顯,1,50,50.0,45,46,46,50,49,47
林楚翹,1,50,50.0,46,47,47,50,49,47
耿玉真,1,50,50.0,47,47,47,50,49,47
劉虛白,2,49,24.5,43,45,46,49,48,46
王正己,2,49,24.5,42,46,46,49,48,46
譚峭,2,49,24.5,44,46,46,49,48,46
李亨,1,48,48.0,45,47,45,48,47,45
張大安,1,48,48.0,44,44,44,48,47,45
郭正一,1,48,48.0,44,44,44,48,47,45
徐珩,1,48,48.0,43,44,44,48,47,45
魏求己,1,48,48.0,42,44,44,48,47,45
趙謙光,2,48,24.0,28,32,36,48,47,45
薛昚惑,1,48,48.0,44,44,44,48,47,45
王勔,1,48,48.0,44,44,44,48,47,45
李夔,1,48,48.0,41,44,44,48,47,45
唐遠悊,1,48,48.0,41,44,44,48,47,45
高正臣,1,48,48.0,43,44,44,48,47,45
周彥昭,1,48,48.0,42,44,44,48,47,45
王茂時,1,48,48.0,44,44,44,48,47,45
徐皓,1,48,48.0,43,44,44,48,47,45
高紹,1,48,48.0,44,44,44,48,47,45
郎餘令,1,48,48.0,43,44,44,48,47,45
劉友賢,1,48,48.0,42,44,44,48,47,45
張垍,1,48,48.0,44,44,44,48,47,45
劉知幾,1,48,48.0,42,44,44,48,47,45
陰行先,1,48,48.0,43,44,44,48,47,45
李伯魚,1,48,48.0,30,44,44,48,47,45
朱使欣,1,48,48.0,42,44,44,48,47,45
房融,1,48,48.0,44,44,44,48,47,45
李澄之,1,48,48.0,41,43,44,48,47,45
竇希玠,1,48,48.0,42,44,44,48,47,45
陸景初,1,48,48.0,43,44,44,48,47,45
鄭南金,1,48,48.0,43,44,44,48,47,45
李咸,1,48,48.0,43,44,44,48,47,45
於經野,1,48,48.0,43,44,44,48,47,45
王景,1,48,48.0,44,44,44,48,47,45
畢幹泰,1,48,48.0,43,44,44,48,47,45
麹瞻,1,48,48.0,43,44,44,48,47,45
樊忱,1,48,48.0,44,44,44,48,47,45
孫佺,1,48,48.0,44,44,44,48,47,45
李從遠,1,48,48.0,41,43,44,48,47,45
周利用,1,48,48.0,43,44,44,48,47,45
張景源,1,48,48.0,44,44,44,48,47,45
李恒,1,48,48.0,43,44,44,48,47,45
裴耀卿,1,48,48.0,43,44,44,48,47,45
崔頌,1,48,48.0,44,44,44,48,47,45
孫翃,1,48,48.0,44,44,44,48,47,45
徐仁友,1,48,48.0,43,44,44,48,47,45
蘇綰,1,48,48.0,44,44,44,48,47,45
史青,1,48,48.0,42,44,44,48,47,45
苑咸,1,48,48.0,43,44,44,48,47,45
趙驊,1,48,48.0,43,44,44,48,47,45
周萬,1,48,48.0,42,44,44,48,47,45
黃麟,1,48,48.0,43,44,44,48,47,45
荊冬倩,1,48,48.0,43,44,44,48,47,45
常非月,1,48,48.0,43,44,44,48,47,45
孫欣,1,48,48.0,43,44,44,48,47,45
王羨門,1,48,48.0,43,44,44,48,47,45
劉舟,1,48,48.0,44,44,44,48,47,45
長孫鑄,1,48,48.0,43,44,44,48,47,45
房白,1,48,48.0,43,44,44,48,47,45
元晟,1,48,48.0,44,44,44,48,47,45
劉太沖,1,48,48.0,44,44,44,48,47,45
姚發,1,48,48.0,43,44,44,48,47,45
鄭愕,1,48,48.0,43,44,44,48,47,45
殷少野,1,48,48.0,44,44,44,48,47,45
韋濟,1,48,48.0,44,44,44,48,47,45
田澄,1,48,48.0,42,44,44,48,47,45
陳孫,1,48,48.0,44,44,44,48,47,45
李峰,1,48,48.0,44,44,44,48,47,45
綦毋誠,1,48,48.0,44,44,44,48,47,45
杜誦,1,48,48.0,44,44,44,48,47,45
韋執中,1,48,48.0,42,44,44,48,47,45
趙宗儒,1,48,48.0,44,44,44,48,47,45
張正一,1,48,48.0,43,44,44,48,47,45
徐放,1,48,48.0,44,44,44,48,47,45
獨孤實,1,48,48.0,44,44,44,48,47,45
盧士政,1,48,48.0,43,44,44,48,47,45
韓察,1,48,48.0,43,44,44,48,47,45
崔恭,1,48,48.0,43,44,44,48,47,45
陸瀍,1,48,48.0,44,44,44,48,47,45
張燦,1,48,48.0,41,43,44,48,47,45
嚴公貺,1,48,48.0,43,44,44,48,47,45
賀蘭朋吉,1,48,48.0,43,44,44,48,47,45
李秘,1,48,48.0,43,44,44,48,47,45
高銖,1,48,48.0,43,44,44,48,47,45
盧求,1,48,48.0,44,44,44,48,47,45
朱可名,1,48,48.0,43,44,44,48,47,45
李質,1,48,48.0,44,44,44,48,47,45
李明遠,1,48,48.0,44,44,44,48,47,45
李朋,1,48,48.0,44,44,44,48,47,45
李續,1,48,48.0,44,44,44,48,47,45
李汶儒,1,48,48.0,44,44,44,48,47,45
田章,1,48,48.0,43,44,44,48,47,45
薛蒙,1,48,48.0,43,44,44,48,47,45
李鄴,1,48,48.0,44,44,44,48,47,45
王嚴,1,48,48.0,44,44,44,48,47,45
劉璐,1,48,48.0,42,43,44,48,47,45
盧栯,1,48,48.0,44,44,44,48,47,45
張叢,1,48,48.0,43,44,44,48,47,45
孫緯,1,48,48.0,39,43,44,48,47,45
盧嗣業,1,48,48.0,44,44,44,48,47,45
汪極,1,48,48.0,44,44,44,48,47,45
陳乘,1,48,48.0,44,44,44,48,47,45
荊浩,1,48,48.0,42,44,44,48,47,45
王良會,1,48,48.0,44,44,44,48,47,45
趙叔達,1,48,48.0,41,43,44,48,47,45
楊奇鯤,1,48,48.0,44,45,45,48,47,45
李京,1,48,48.0,42,43,44,48,47,45
孫峴,1,48,48.0,44,44,44,48,47,45
謝仲宣,1,48,48.0,42,44,44,48,47,45
鐘蒨,1,48,48.0,42,44,44,48,47,45
喬舜,1,48,48.0,42,44,44,48,47,45
王沂,1,48,48.0,43,44,44,48,47,45
陳元裕,1,48,48.0,43,44,44,48,47,45
張震,1,48,48.0,38,41,43,48,47,45
安錡,1,48,48.0,43,44,44,48,47,45
楊齊哲,1,48,48.0,42,44,44,48,47,45
韓雄,1,48,48.0,43,44,44,48,47,45
李得,1,48,48.0,40,44,44,48,47,45
王邵,1,48,48.0,42,44,44,48,47,45
李逸,1,48,48.0,43,44,44,48,47,45
沈麟,1,48,48.0,40,44,44,48,47,45
錢戭,1,48,48.0,42,43,44,48,47,45
楊彝,1,48,48.0,41,44,44,48,47,45
景池,1,48,48.0,42,44,44,48,47,45
張鴻,1,48,48.0,42,44,44,48,47,45
趙防,1,48,48.0,44,44,44,48,47,45
趙湘,1,48,48.0,43,44,44,48,47,45
徐介,1,48,48.0,43,44,44,48,47,45
徐謙,1,48,48.0,43,44,44,48,47,45
楊逵,1,48,48.0,44,44,44,48,47,45
魏兼恕,1,48,48.0,44,44,44,48,47,45
鄭嚴,1,48,48.0,44,44,44,48,47,45
林璠,1,48,48.0,43,44,44,48,47,45
鄭德玄,1,48,48.0,43,44,44,48,47,45
張軫,1,48,48.0,41,43,44,48,47,45
林珝,1,48,48.0,44,44,44,48,47,45
衛葉,1,48,48.0,41,44,44,48,47,45
梁陟,1,48,48.0,41,44,44,48,47,45
朱延,1,48,48.0,43,44,44,48,47,45
寇埴,1,48,48.0,44,44,44,48,47,45
劉gL,1,48,48.0,39,42,44,48,47,45
薛媛,1,48,48.0,43,44,44,48,47,45
劉淑柔,1,48,48.0,40,44,44,48,47,45
海印,1,48,48.0,41,44,44,48,47,45
道恭,1,48,48.0,43,44,44,48,47,45
辨才,1,48,48.0,43,44,44,48,47,45
僧鳳,1,48,48.0,44,44,44,48,47,45
大愚,1,48,48.0,44,44,44,48,47,45
恒超,1,48,48.0,43,44,44,48,47,45
文益,1,48,48.0,42,43,44,48,47,45
謙光,1,48,48.0,43,44,44,48,47,45
尚志,1,48,48.0,41,43,44,48,47,45
若水,1,48,48.0,43,44,44,48,47,45
黃冠野夫,1,48,48.0,37,42,44,48,47,45
釋明解,1,48,48.0,44,44,44,48,47,45
沈青箱,1,48,48.0,44,44,44,48,47,45
商山三丈夫,1,48,48.0,30,34,39,48,47,45
柳藏經,1,48,48.0,44,44,44,48,47,45
杜易簡,1,48,48.0,44,44,44,48,47,45
梁載言,1,48,48.0,42,44,44,48,47,45
皇甫大夫,1,48,48.0,39,42,44,48,47,45
公孫杲,1,48,48.0,44,44,44,48,47,45
暢甫,1,48,48.0,44,44,44,48,47,45
張曙2,1,48,48.0,45,45,45,48,47,45
胡幽貞,2,47,23.5,43,45,44,47,46,44
裴延,2,47,23.5,45,46,44,47,46,44
戴衢,2,47,23.5,39,43,43,47,46,44
蔡昆,2,47,23.5,39,42,43,47,46,44
袁恕己,1,46,46.0,41,43,43,46,45,43
王易從,1,46,46.0,41,43,43,46,45,43
鄭遂初,1,46,46.0,41,43,43,46,45,43
吳鞏,1,46,46.0,41,43,43,46,45,43
閭丘曉,1,46,46.0,42,43,43,46,45,43
梁洽,1,46,46.0,41,43,43,46,45,43
鄭紹,1,46,46.0,40,43,43,46,45,43
王迥,1,46,46.0,44,45,43,46,45,43
劉皋,1,46,46.0,38,42,43,46,45,43
韋鼎,1,46,46.0,43,43,43,46,45,43
韓垂,1,46,46.0,39,43,43,46,45,43
顏舒,1,46,46.0,42,43,43,46,45,43
朱琳,1,46,46.0,41,43,43,46,45,43
殷益,1,46,46.0,43,43,43,46,45,43
韋道遜,1,46,46.0,41,42,43,46,45,43
劉廓,1,46,46.0,42,43,43,46,45,43
姚偓,1,46,46.0,42,43,43,46,45,43
衛光一,1,46,46.0,40,42,43,46,45,43
張敬徽,1,46,46.0,42,43,43,46,45,43
黃山隱,1,46,46.0,42,43,43,46,45,43
開元宮人,1,46,46.0,41,43,43,46,45,43
裴淑,1,46,46.0,43,43,43,46,45,43
滄浩,1,46,46.0,38,41,43,46,45,43
張生,1,46,46.0,30,40,42,46,45,43
嚴震,1,46,46.0,26,37,41,46,45,43
包賀,1,46,46.0,35,39,41,46,45,43
歐陽彬2,1,46,46.0,42,43,43,46,45,43
劉侍讀,1,46,46.0,42,43,43,46,45,43
蘇鬱,2,45,22.5,42,42,42,45,44,42
唐怡,2,45,22.5,44,44,42,45,44,42
織錦人,2,45,22.5,38,42,42,45,44,42
殷七七,2,45,22.5,43,43,42,45,44,42
輔國將軍,1,45,45.0,40,41,41,45,44,42
郭利貞,1,44,44.0,41,42,41,44,43,41
康庭芝,1,44,44.0,42,42,41,44,43,41
崔亙,1,44,44.0,41,42,41,44,43,41
楊顏,1,44,44.0,39,41,41,44,43,41
鄭昈,1,44,44.0,38,42,41,44,43,41
暢諸,1,44,44.0,40,42,41,44,43,41
王觀,1,44,44.0,40,42,41,44,43,41
李彥遠,1,44,44.0,39,41,41,44,43,41
李溟,1,44,44.0,42,42,41,44,43,41
楊厚,1,44,44.0,42,42,41,44,43,41
汪萬於,1,44,44.0,42,42,41,44,43,41
張迥1,1,44,44.0,41,42,41,44,43,41
路洵美,1,44,44.0,41,42,41,44,43,41
符子珪,1,44,44.0,38,41,41,44,43,41
謝陶,1,44,44.0,32,40,41,44,43,41
李建業,1,44,44.0,40,42,41,44,43,41
李倫,1,44,44.0,40,42,41,44,43,41
沈祖仙,1,44,44.0,42,42,41,44,43,41
邵士彥,1,44,44.0,41,42,41,44,43,41
吳大江,1,44,44.0,42,42,41,44,43,41
清尚,1,44,44.0,41,42,41,44,43,41
智遠,1,44,44.0,40,42,41,44,43,41
釋彪,1,44,44.0,40,41,41,44,43,41
吳黔,1,44,44.0,42,42,41,44,43,41
扈載,1,44,44.0,38,42,41,44,43,41
富春沙際鬼,2,43,21.5,41,42,40,43,42,40
杜奕,1,42,42.0,36,37,39,42,41,39
陳元初,1,42,42.0,34,37,39,42,41,39
陸肱,1,42,42.0,40,41,39,42,41,39
陳凝,1,42,42.0,41,41,39,42,41,39
玄寶,1,42,42.0,39,41,39,42,41,39
段穀,1,42,42.0,40,41,39,42,41,39
張鷟,2,41,20.5,41,40,38,41,40,38
李從謙,1,40,40.0,37,39,37,40,39,37
劉子玄,1,40,40.0,40,39,37,40,39,37
崔融,1,40,40.0,39,39,37,40,39,37
陳昭,1,40,40.0,38,39,37,40,39,37
程氏長文,1,40,40.0,40,39,37,40,39,37
劉元濟,1,40,40.0,40,39,37,40,39,37
劉義,1,40,40.0,34,38,37,40,39,37
嚴識玄,1,40,40.0,38,39,37,40,39,37
梁氏瓊,1,40,40.0,39,39,37,40,39,37
張熾,2,40,20.0,18,22,26,40,39,37
趙微明,1,40,40.0,35,39,37,40,39,37
李賢,1,40,40.0,40,39,37,40,39,37
顏師古,1,40,40.0,38,39,37,40,39,37
令狐德棻,1,40,40.0,40,39,37,40,39,37
封行高,1,40,40.0,39,39,37,40,39,37
蔡允恭,1,40,40.0,38,39,37,40,39,37
杜之松,1,40,40.0,40,39,37,40,39,37
朱子奢,1,40,40.0,40,39,37,40,39,37
蕭翼,1,40,40.0,40,39,37,40,39,37
源光裕,1,40,40.0,34,36,36,40,39,37
韓思複,1,40,40.0,34,36,36,40,39,37
盧文紀,1,40,40.0,35,36,36,40,39,37
崔居儉,1,40,40.0,35,36,36,40,39,37
高傪,1,38,38.0,34,34,34,38,37,35
李岑1,1,38,38.0,34,34,34,38,37,35
袁邕,1,38,38.0,34,34,34,38,37,35
陳述,1,38,38.0,34,34,34,38,37,35
龍護老人,1,38,38.0,32,34,35,38,37,35
徐侃,1,38,38.0,29,33,34,38,37,35
郭仁表,1,38,38.0,36,37,35,38,37,35
黃幡綽,1,38,38.0,22,28,34,38,37,35
林披,1,38,38.0,28,31,33,38,37,35
蘇,1,37,37.0,32,33,33,37,36,34
崔滌,1,36,36.0,27,30,32,36,35,33
邵大震,1,36,36.0,28,31,32,36,35,33
丘悅,1,36,36.0,35,35,33,36,35,33
王紹宗,1,36,36.0,29,33,33,36,35,33
元載,1,36,36.0,31,32,32,36,35,33
王喬,1,36,36.0,29,31,32,36,35,33
李清,1,36,36.0,28,30,32,36,35,33
許瑤,1,36,36.0,30,32,32,36,35,33
李穆,1,36,36.0,31,32,32,36,35,33
崔敏童,1,36,36.0,28,30,32,36,35,33
段懷然,1,36,36.0,32,32,32,36,35,33
張偁,1,36,36.0,29,32,32,36,35,33
崔成甫,1,36,36.0,32,32,32,36,35,33
高拯,1,36,36.0,31,32,32,36,35,33
夏侯審,1,36,36.0,32,32,32,36,35,33
崔季卿,1,36,36.0,30,32,32,36,35,33
韋同則,1,36,36.0,29,32,32,36,35,33
范元凱,1,36,36.0,32,32,32,36,35,33
高崇文,1,36,36.0,29,31,32,36,35,33
駱浚,1,36,36.0,32,32,32,36,35,33
王智興,1,36,36.0,32,32,32,36,35,33
皇甫鏞,1,36,36.0,31,32,32,36,35,33
繁知一,1,36,36.0,29,31,32,36,35,33
萬彤雲,1,36,36.0,30,31,32,36,35,33
嚴公弼,1,36,36.0,31,32,32,36,35,33
先汪,1,36,36.0,32,32,32,36,35,33
薛zm,1,36,36.0,32,32,32,36,35,33
王仲舒,1,36,36.0,32,32,32,36,35,33
蕭建,1,36,36.0,31,32,32,36,35,33
劉魯風,1,36,36.0,29,32,32,36,35,33
李虞,1,36,36.0,32,32,32,36,35,33
李章武,1,36,36.0,30,32,32,36,35,33
尹璞,1,36,36.0,28,30,32,36,35,33
裴思謙,1,36,36.0,32,32,32,36,35,33
牛叢,1,36,36.0,30,31,32,36,35,33
楊鴻,1,36,36.0,29,31,32,36,35,33
王樞,1,36,36.0,27,31,32,36,35,33
令狐綯,1,36,36.0,25,29,32,36,35,33
李訥,1,36,36.0,29,32,32,36,35,33
崔元範,1,36,36.0,32,32,32,36,35,33
蕭縝,1,36,36.0,31,32,32,36,35,33
盧鄴,1,36,36.0,32,32,32,36,35,33
崔澹,1,36,36.0,32,32,32,36,35,33
封彥卿,1,36,36.0,31,32,32,36,35,33
李嶸,1,36,36.0,32,32,32,36,35,33
張演,1,36,36.0,30,32,32,36,35,33
裴澈,1,36,36.0,31,32,32,36,35,33
李拯,1,36,36.0,30,32,32,36,35,33
劉鄴,1,36,36.0,31,32,32,36,35,33
孫蜀,1,36,36.0,29,31,32,36,35,33
鄭合,1,36,36.0,31,32,32,36,35,33
韓儀,1,36,36.0,32,32,32,36,35,33
狄歸昌,1,36,36.0,29,31,32,36,35,33
張曙1,1,36,36.0,32,32,32,36,35,33
裴皞,1,36,36.0,27,30,32,36,35,33
王希羽,1,36,36.0,31,32,32,36,35,33
劉谷,1,36,36.0,29,31,32,36,35,33
王祝,1,36,36.0,32,32,32,36,35,33
王滌,1,36,36.0,31,32,32,36,35,33
韋冰,1,36,36.0,30,32,32,36,35,33
李昌鄴,1,36,36.0,32,32,32,36,35,33
王碩,1,36,36.0,31,32,32,36,35,33
李縞,1,36,36.0,30,32,32,36,35,33
張綺,1,36,36.0,30,31,32,36,35,33
高衢,1,36,36.0,30,32,32,36,35,33
王越賓,1,36,36.0,32,32,32,36,35,33
張隱,1,36,36.0,32,32,32,36,35,33
朱元,1,36,36.0,25,30,32,36,35,33
王易簡,1,36,36.0,29,32,32,36,35,33
朱褒,1,36,36.0,31,32,32,36,35,33
韓昭裔,1,36,36.0,30,32,32,36,35,33
張仁溥,1,36,36.0,30,31,32,36,35,33
李瀚1,1,36,36.0,30,31,32,36,35,33
劉坦,1,36,36.0,32,32,32,36,35,33
韋遵,1,36,36.0,32,32,32,36,35,33
孟賓于,1,36,36.0,32,32,32,36,35,33
馬彧,1,36,36.0,31,32,32,36,35,33
何昌齡,1,36,36.0,30,32,32,36,35,33
李羽,1,36,36.0,32,32,32,36,35,33
李詢,1,36,36.0,30,32,32,36,35,33
陳彥,1,36,36.0,30,32,32,36,35,33
徐光溥,1,36,36.0,31,32,32,36,35,33
劉羲叟,1,36,36.0,30,32,32,36,35,33
梁震,1,36,36.0,30,31,32,36,35,33
劉山甫,1,36,36.0,31,32,32,36,35,33
李祜,1,36,36.0,30,31,32,36,35,33
李韶,1,36,36.0,31,32,32,36,35,33
安鴻漸,1,36,36.0,31,32,32,36,35,33
秦尚運,1,36,36.0,29,32,32,36,35,33
馮少吉,1,36,36.0,30,32,32,36,35,33
陳嶰,1,36,36.0,31,32,32,36,35,33
張保嗣,1,36,36.0,32,32,32,36,35,33
王夢周,1,36,36.0,30,32,32,36,35,33
唐溫如,1,36,36.0,32,32,32,36,35,33
裴瑤,1,36,36.0,32,32,32,36,35,33
蕭靜,1,36,36.0,30,31,32,36,35,33
方澤,1,36,36.0,31,32,32,36,35,33
李伉,1,36,36.0,26,30,32,36,35,33
朱晦,1,36,36.0,28,32,32,36,35,33
令狐挺,1,36,36.0,31,32,32,36,35,33
潘雍,1,36,36.0,31,32,32,36,35,33
梁補闕,1,36,36.0,32,32,32,36,35,33
曹生,1,36,36.0,32,32,32,36,35,33
神龍從臣,1,36,36.0,31,32,32,36,35,33
天寶時人,1,36,36.0,30,31,32,36,35,33
洪州將軍,1,36,36.0,31,32,32,36,35,33
貞元文士,1,36,36.0,32,32,32,36,35,33
元和舉子,1,36,36.0,27,31,32,36,35,33
唐末朝士,1,36,36.0,29,31,32,36,35,33
崔公佐客,1,36,36.0,32,32,32,36,35,33
建業蔔者,1,36,36.0,30,31,32,36,35,33
天嶠遊人,1,36,36.0,31,32,32,36,35,33
驪山遊人,1,36,36.0,28,30,32,36,35,33
花蕊夫人,1,36,36.0,32,32,32,36,35,33
程洛賓,1,36,36.0,32,32,32,36,35,33
崔紫雲,1,36,36.0,32,32,32,36,35,33
崔素娥,1,36,36.0,29,32,32,36,35,33
京兆女子,1,36,36.0,32,32,32,36,35,33
若耶溪女子,1,36,36.0,29,31,32,36,35,33
誰氏女,1,36,36.0,28,31,32,36,35,33
太原妓,1,36,36.0,30,32,32,36,35,33
武昌妓,1,36,36.0,31,32,32,36,35,33
舞柘枝女,1,36,36.0,32,32,32,36,35,33
襄陽妓,1,36,36.0,32,32,32,36,35,33
平康妓,1,36,36.0,32,32,32,36,35,33
盛小叢,1,36,36.0,29,32,32,36,35,33
蓮花妓,1,36,36.0,30,32,32,36,35,33
利涉,1,36,36.0,25,32,32,36,35,33
耽章,1,36,36.0,31,32,32,36,35,33
常雅,1,36,36.0,28,32,32,36,35,33
文鑒,1,36,36.0,27,32,32,36,35,33
李升,1,36,36.0,31,32,32,36,35,33
裴航,1,36,36.0,32,32,32,36,35,33
隱者,1,36,36.0,30,32,32,36,35,33
萼嶺書生,1,36,36.0,31,32,32,36,35,33
青城丈人,1,36,36.0,30,32,32,36,35,33
太乙真君,1,36,36.0,31,32,32,36,35,33
南溟夫人,1,36,36.0,28,31,32,36,35,33
青童,1,36,36.0,29,32,32,36,35,33
王氏女,1,36,36.0,32,32,32,36,35,33
桃花夫人,1,36,36.0,32,32,32,36,35,33
黃陵美人,1,36,36.0,31,32,32,36,35,33
尉佗,1,36,36.0,32,32,32,36,35,33
蕭微,1,36,36.0,32,32,32,36,35,33
隔窗鬼,1,36,36.0,30,32,32,36,35,33
張仁寶,1,36,36.0,30,32,32,36,35,33
崔常侍,1,36,36.0,25,32,32,36,35,33
甄後,1,36,36.0,32,32,32,36,35,33
織綃女,1,36,36.0,31,32,32,36,35,33
蕭曠,1,36,36.0,32,32,32,36,35,33
沙磧女子,1,36,36.0,32,32,32,36,35,33
蘇檢,1,36,36.0,31,32,32,36,35,33
鐵銚,1,36,36.0,30,32,32,36,35,33
破笛,1,36,36.0,30,32,32,36,35,33
禿帚,1,36,36.0,32,32,32,36,35,33
邢鳳,1,36,36.0,30,31,32,36,35,33
漳郡守,1,36,36.0,30,32,32,36,35,33
張氏女,1,36,36.0,32,32,32,36,35,33
張懷慶,1,36,36.0,32,32,32,36,35,33
孔顒,1,36,36.0,30,32,32,36,35,33
朱澤,1,36,36.0,30,32,32,36,35,33
孫子多,1,36,36.0,26,32,32,36,35,33
崔立言,1,36,36.0,29,32,32,36,35,33
姚嶸,1,36,36.0,31,32,32,36,35,33
黎瓘,1,36,36.0,30,32,32,36,35,33
馮道幕客,1,36,36.0,29,31,32,36,35,33
閻敬愛,1,36,36.0,31,32,32,36,35,33
李和風,1,36,36.0,31,32,32,36,35,33
歸氏子,1,36,36.0,30,32,32,36,35,33
張魯封,1,36,36.0,32,32,32,36,35,33
李晝,1,36,36.0,32,32,32,36,35,33
宋元素,1,36,36.0,32,32,32,36,35,33
吳士矩,1,36,36.0,31,32,32,36,35,33
蔡隱丘,2,35,17.5,34,34,32,35,34,32
李濤,2,35,17.5,35,34,32,35,34,32
閻立本,1,34,34.0,27,29,29,34,33,31
裴士淹,1,34,34.0,29,30,31,34,33,31
崔瓘,1,34,34.0,29,31,31,34,33,31
鄭立之,1,34,34.0,31,31,31,34,33,31
張頂,1,34,34.0,29,31,31,34,33,31
廖有方,1,34,34.0,30,31,31,34,33,31
崔郊,1,34,34.0,31,31,31,34,33,31
李甘,1,34,34.0,29,31,31,34,33,31
郭圓,1,34,34.0,29,30,31,34,33,31
南卓,1,34,34.0,31,31,31,34,33,31
崔安潛,1,34,34.0,30,31,31,34,33,31
陳琡,1,34,34.0,28,31,31,34,33,31
劉崇龜,1,34,34.0,30,31,31,34,33,31
劉崇魯,1,34,34.0,30,31,31,34,33,31
薛准,1,34,34.0,30,31,31,34,33,31
杜常,1,34,34.0,28,30,31,34,33,31
王巨仁,1,34,34.0,29,31,31,34,33,31
陳璠,1,34,34.0,31,31,31,34,33,31
楊昭儉,1,34,34.0,26,29,31,34,33,31
韓定辭,1,34,34.0,31,31,31,34,33,31
梁藻,1,34,34.0,31,31,31,34,33,31
李曜,1,34,34.0,31,31,31,34,33,31
吳圓,1,34,34.0,30,31,31,34,33,31
李習,1,34,34.0,28,31,31,34,33,31
朱絳,1,34,34.0,30,31,31,34,33,31
張仲謀,1,34,34.0,28,31,31,34,33,31
盧子發,1,34,34.0,28,30,31,34,33,31
歐陽賓,1,34,34.0,27,31,31,34,33,31
李歸唐,1,34,34.0,29,31,31,34,33,31
方愚,1,34,34.0,28,31,31,34,33,31
繆氏子,1,34,34.0,30,31,31,34,33,31
京兆韋氏子,1,34,34.0,31,31,31,34,33,31
王氏,1,34,34.0,30,31,31,34,33,31
慎氏,1,34,34.0,30,31,31,34,33,31
紅綃妓,1,34,34.0,31,31,31,34,33,31
葛氏女,1,34,34.0,29,31,31,34,33,31
王蘇蘇,1,34,34.0,30,31,31,34,33,31
良乂,1,34,34.0,31,31,31,34,33,31
雲表,1,34,34.0,28,30,31,34,33,31
樊夫人,1,34,34.0,31,31,31,34,33,31
許大,1,34,34.0,31,31,31,34,33,31
太白山玄士,1,34,34.0,23,28,31,34,33,31
鄰道場人,1,34,34.0,30,31,31,34,33,31
楊損,1,34,34.0,30,31,31,34,33,31
書生,1,34,34.0,27,31,31,34,33,31
劉溉,1,34,34.0,27,31,31,34,33,31
鄭瓊羅,1,34,34.0,27,31,31,34,33,31
鄭適,1,34,34.0,23,27,29,34,33,31
長安中鬼,1,34,34.0,26,30,31,34,33,31
巴陵館鬼,1,34,34.0,27,30,31,34,33,31
峽中白衣,1,34,34.0,29,30,31,34,33,31
客戶裏女子,1,34,34.0,30,31,31,34,33,31
韋檢亡姬,1,34,34.0,28,31,31,34,33,31
韋鏗,1,34,34.0,29,31,31,34,33,31
李日新,1,34,34.0,29,30,30,34,33,31
郫城令,1,34,34.0,31,31,31,34,33,31
座客,1,34,34.0,31,31,31,34,33,31
周顓,1,34,34.0,31,31,31,34,33,31
許宏,1,34,34.0,28,30,31,34,33,31
崔耿,1,34,34.0,31,32,31,34,33,31
清豁,1,34,34.0,23,30,31,34,33,31
塚中人,1,33,33.0,24,28,29,33,32,30
釋元康,1,33,33.0,27,28,29,33,32,30
僧法軌,1,33,33.0,24,28,29,33,32,30
薑晞,1,32,32.0,32,31,29,32,31,29
裴璀,1,32,32.0,32,31,29,32,31,29
丘說,1,32,32.0,30,31,29,32,31,29
陳京,1,32,32.0,31,31,29,32,31,29
柳渾,1,32,32.0,28,29,29,32,31,29
于敖,1,32,32.0,29,30,29,32,31,29
長孫翱,1,32,32.0,28,30,29,32,31,29
許瀍,1,32,32.0,29,30,29,32,31,29
權審,1,32,32.0,22,27,29,32,31,29
嚴惲,1,32,32.0,23,29,29,32,31,29
程賀,1,32,32.0,27,29,29,32,31,29
周祚,1,32,32.0,27,30,29,32,31,29
成輔端,1,32,32.0,29,30,29,32,31,29
高越,1,32,32.0,30,30,29,32,31,29
朱存,1,32,32.0,28,30,29,32,31,29
曾麻幾,1,32,32.0,28,30,29,32,31,29
徐安期,1,32,32.0,29,30,29,32,31,29
宋雍,1,32,32.0,29,30,29,32,31,29
鄭玉,1,32,32.0,28,30,29,32,31,29
張陵,1,32,32.0,30,30,29,32,31,29
張侹,1,32,32.0,29,30,29,32,31,29
李建樞,1,32,32.0,25,29,29,32,31,29
吳英秀,1,32,32.0,27,29,29,32,31,29
僖宗北省官,1,32,32.0,29,30,29,32,31,29
華山老人,1,32,32.0,25,30,29,32,31,29
終南山翁,1,32,32.0,30,30,29,32,31,29
李玉簫,1,32,32.0,29,30,29,32,31,29
崔氏,1,32,32.0,22,25,28,32,31,29
陳玉蘭,1,32,32.0,23,30,29,32,31,29
嚴續姬,1,32,32.0,29,30,29,32,31,29
趙虛舟,1,32,32.0,30,30,29,32,31,29
劉元載妻,1,32,32.0,29,30,29,32,31,29
李主簿姬,1,32,32.0,30,30,29,32,31,29
文秀,1,32,32.0,27,29,29,32,31,29
無名釋,1,32,32.0,28,30,29,32,31,29
李真,1,32,32.0,25,27,28,32,31,29
徐釣者,1,32,32.0,29,30,29,32,31,29
觀梅女仙,1,32,32.0,29,30,29,32,31,29
李令,1,32,32.0,29,30,29,32,31,29
楊鸞,1,32,32.0,30,30,29,32,31,29
冷朝光,1,31,31.0,23,29,28,31,30,28
李聰,1,31,31.0,26,29,28,31,30,28
楊廷玉,1,31,31.0,26,27,28,31,30,28
楊貴妃,1,31,31.0,29,30,28,31,30,28
王麗真女郎,1,31,31.0,23,30,28,31,30,28
蕭妃,1,30,30.0,29,29,27,30,29,27
薛維翰,1,30,30.0,24,27,27,30,29,27
丁元和,1,30,30.0,29,29,27,30,29,27
白衫舉子,1,30,30.0,28,29,27,30,29,27
衡州舟子,1,30,30.0,28,29,27,30,29,27
張立本女,1,30,30.0,29,29,27,30,29,27
志定,1,30,30.0,28,29,27,30,29,27
蜀酒閣道人,1,30,30.0,29,29,27,30,29,27
章江書生,1,30,30.0,28,29,27,30,29,27
戚逍遙,1,30,30.0,29,29,27,30,29,27
吳彩鸞,1,30,30.0,29,29,27,30,29,27
襄陽舉人,1,30,30.0,28,29,27,30,29,27
田達誠宅鬼,1,30,30.0,26,29,27,30,29,27
張守中,1,30,30.0,29,29,27,30,29,27
中宗朝優人,1,30,30.0,25,26,27,30,29,27
邵景,1,30,30.0,29,29,27,30,29,27
崔懷寶,1,30,30.0,29,29,27,30,29,27
柳氏,1,30,30.0,26,27,27,30,29,27
楊玉環,1,28,28.0,26,27,25,28,27,25
江妃,1,28,28.0,28,27,25,28,27,25
宋若華,1,28,28.0,28,27,25,28,27,25
王繼鵬,1,28,28.0,28,27,25,28,27,25
張氏琰,1,28,28.0,28,27,25,28,27,25
張汯,1,28,28.0,27,27,25,28,27,25
劉阜,1,28,28.0,24,27,25,28,27,25
薛瑤,1,28,28.0,24,26,25,28,27,25
沈韜文,1,27,27.0,22,24,24,27,26,24
裴談,1,27,27.0,25,25,24,27,26,24
河中鬼,1,26,26.0,25,25,23,26,25,23
白氏,1,26,26.0,23,25,23,26,25,23
杜兼,1,25,25.0,23,24,22,25,24,22
許圉師,1,24,24.0,24,23,21,24,23,21
鄭惟忠,1,24,24.0,24,23,21,24,23,21
李福業,1,24,24.0,24,23,21,24,23,21
楊重玄,1,24,24.0,24,23,21,24,23,21
章玄同,1,24,24.0,23,23,21,24,23,21
呂太一,1,24,24.0,22,23,21,24,23,21
郭向,1,24,24.0,23,23,21,24,23,21
鄒象先,1,24,24.0,23,23,21,24,23,21
李陽冰,1,24,24.0,22,22,21,24,23,21
劉長川,1,24,24.0,24,23,21,24,23,21
邵真,1,24,24.0,23,23,21,24,23,21
徐希仁,1,24,24.0,22,23,21,24,23,21
孫革,1,24,24.0,23,23,21,24,23,21
魏謨,1,24,24.0,24,23,21,24,23,21
盧駢,1,24,24.0,24,23,21,24,23,21
陳黯,1,24,24.0,23,23,21,24,23,21
盧攜,1,24,24.0,22,22,21,24,23,21
崔庸,1,24,24.0,23,23,21,24,23,21
李贊華,1,24,24.0,21,22,21,24,23,21
李征古,1,24,24.0,20,21,21,24,23,21
何象,1,24,24.0,23,23,21,24,23,21
郭恭,1,24,24.0,23,23,21,24,23,21
潘圖,1,24,24.0,24,23,21,24,23,21
潘佐,1,24,24.0,22,23,21,24,23,21
李澣,1,24,24.0,24,23,21,24,23,21
慕容韋,1,24,24.0,24,23,21,24,23,21
徐之才,1,24,24.0,22,22,21,24,23,21
潘求仁,1,24,24.0,21,23,21,24,23,21
荊叔,1,24,24.0,24,23,21,24,23,21
楊持,1,24,24.0,24,23,21,24,23,21
魏巒,1,24,24.0,21,21,21,24,23,21
柳明獻,1,24,24.0,23,23,21,24,23,21
鄭僕射,1,24,24.0,24,23,21,24,23,21
鄭中丞,1,24,24.0,23,23,21,24,23,21
吏部選人,1,24,24.0,23,23,21,24,23,21
德宗宮人,1,24,24.0,20,22,21,24,23,21
楊德麟,1,24,24.0,24,23,21,24,23,21
蔣氏,1,24,24.0,24,23,21,24,23,21
湘驛女子,1,24,24.0,23,23,21,24,23,21
顏令賓,1,24,24.0,23,23,21,24,23,21
道會,1,24,24.0,23,23,21,24,23,21
無作,1,24,24.0,24,23,21,24,23,21
隱求,1,24,24.0,23,23,21,24,23,21
水心寺僧,1,24,24.0,23,23,21,24,23,21
裴翛然,1,24,24.0,22,23,21,24,23,21
申歡,1,24,24.0,24,23,21,24,23,21
欒清,1,24,24.0,21,22,21,24,23,21
樵夫,1,24,24.0,21,21,21,24,23,21
吳興神女,1,24,24.0,23,23,21,24,23,21
竇裕,1,24,24.0,21,21,21,24,23,21
張省躬,1,24,24.0,20,22,21,24,23,21
密陀僧,1,24,24.0,22,23,21,24,23,21
湘中女子,1,24,24.0,24,23,21,24,23,21
蘇檢妻,1,24,24.0,24,23,21,24,23,21
無名女鬼,1,24,24.0,24,23,21,24,23,21
少年,1,24,24.0,23,23,21,24,23,21
國邵南,1,24,24.0,24,23,21,24,23,21
省吏,1,24,24.0,23,23,21,24,23,21
選人,1,24,24.0,23,23,21,24,23,21
裴玄智,1,24,24.0,24,23,21,24,23,21
李榮,1,24,24.0,20,23,21,24,23,21
麹崇裕,1,24,24.0,23,23,21,24,23,21
石惠泰,1,24,24.0,24,23,21,24,23,21
賀遂涉,1,24,24.0,24,23,21,24,23,21
荊人,1,24,24.0,22,22,21,24,23,21
李花開,1,24,24.0,24,23,21,24,23,21
楊苧蘿,1,24,24.0,24,23,21,24,23,21
太守,1,24,24.0,21,21,21,24,23,21
趙武建,1,24,24.0,22,23,21,24,23,21
崔融2,1,24,24.0,23,23,21,24,23,21
錢信,1,24,24.0,22,22,21,24,23,21
鄭蜀賓,1,23,23.0,23,22,20,23,22,20
李適之,1,23,23.0,21,21,20,23,22,20
賈弇,1,23,23.0,21,21,20,23,22,20
沈仲昌,1,23,23.0,21,21,20,23,22,20
朱彬,1,23,23.0,23,22,20,23,22,20
于興宗,1,23,23.0,23,22,20,23,22,20
馬冉,1,23,23.0,22,22,20,23,22,20
鄭頲,1,23,23.0,19,22,20,23,22,20
劉義度,1,23,23.0,23,22,20,23,22,20
劉夷道,1,23,23.0,23,22,20,23,22,20
西鄙人,1,23,23.0,21,21,20,23,22,20
宣宗宮人,1,23,23.0,21,21,20,23,22,20
僖宗宮人,1,23,23.0,20,22,20,23,22,20
喬氏,1,23,23.0,23,22,20,23,22,20
薛瓊,1,23,23.0,23,22,20,23,22,20
元寂,1,23,23.0,19,21,20,23,22,20
唐末僧,1,23,23.0,23,22,20,23,22,20
元礎,1,23,23.0,21,22,20,23,22,20
陸禹臣,1,23,23.0,22,22,20,23,22,20
李序,1,23,23.0,23,22,20,23,22,20
河湄鬼,1,23,23.0,23,22,20,23,22,20
李叔霽,1,23,23.0,22,22,20,23,22,20
陸憑,1,23,23.0,20,22,20,23,22,20
韓弇,1,23,23.0,23,22,20,23,22,20
趙z7,1,23,23.0,18,22,20,23,22,20
任彥思家鬼,1,23,23.0,23,22,20,23,22,20
李助,1,23,23.0,23,22,20,23,22,20
安邑坊女,1,23,23.0,23,22,20,23,22,20
石季武,1,23,23.0,23,22,20,23,22,20
盧獻卿,1,23,23.0,23,22,20,23,22,20
柳逢,1,23,23.0,22,22,20,23,22,20
鄭露,1,23,23.0,21,21,20,23,22,20
宇文鼎,1,23,23.0,21,21,20,23,22,20
劉幽求,1,22,22.0,22,21,19,22,21,19
朱斌,1,22,22.0,21,21,19,22,21,19
鄭虔,1,22,22.0,22,21,19,22,21,19
王鐐,1,22,22.0,20,20,19,22,21,19
張道古,1,22,22.0,21,21,19,22,21,19
杜建徽,1,22,22.0,20,20,19,22,21,19
金昌緒,1,22,22.0,21,21,19,22,21,19
李何,1,22,22.0,21,21,19,22,21,19
徐璧,1,22,22.0,22,21,19,22,21,19
曹修古,1,22,22.0,21,21,19,22,21,19
方棫,1,22,22.0,22,21,19,22,21,19
範夜,1,22,22.0,22,21,19,22,21,19
王玄,1,22,22.0,22,21,19,22,21,19
夏侯子雲,1,22,22.0,22,21,19,22,21,19
吳公,1,22,22.0,21,21,19,22,21,19
太上隱者,1,22,22.0,22,21,19,22,21,19
七歲女子,1,22,22.0,22,21,19,22,21,19
郭紹蘭,1,22,22.0,20,21,19,22,21,19
成真人,1,22,22.0,22,21,19,22,21,19
李遐周,1,22,22.0,22,21,19,22,21,19
廣陵道士,1,22,22.0,22,21,19,22,21,19
巴峽鬼,1,22,22.0,22,21,19,22,21,19
陸子,1,22,22.0,21,21,19,22,21,19
吳人,1,22,22.0,18,21,19,22,21,19
封抱一,1,22,22.0,22,21,19,22,21,19
史思明,1,22,22.0,14,17,19,22,21,19
婺州山中人,1,21,21.0,21,20,18,21,20,18
南唐失名僧,1,21,21.0,19,20,18,21,20,18
趙自然,1,21,21.0,21,20,18,21,20,18
冥吏,1,21,21.0,18,19,18,21,20,18
太白山神,1,21,21.0,20,20,18,21,20,18
鄭符,1,21,21.0,18,18,18,21,20,18
薛耀,1,20,20.0,20,19,17,20,19,17
吉中孚妻,1,20,20.0,20,19,17,20,19,17
張文收,1,20,20.0,20,19,17,20,19,17
毛明素,1,20,20.0,20,19,17,20,19,17
來濟,1,20,20.0,20,19,17,20,19,17
長屋,1,20,20.0,20,19,17,20,19,17
鄭光業,1,20,20.0,17,19,17,20,19,17
蕭結,1,19,19.0,19,18,16,19,18,16
李豫,1,18,18.0,14,17,15,18,17,15
任玠,1,18,18.0,18,17,15,18,17,15
劉炎,1,18,18.0,18,17,15,18,17,15
羅穎,1,18,18.0,18,17,15,18,17,15
陳嶠,1,18,18.0,18,17,15,18,17,15
何承裕,1,18,18.0,18,17,15,18,17,15
張翱,1,18,18.0,17,17,15,18,17,15
蔡押衙,1,16,16.0,13,13,13,16,15,13
張幹,1,16,16.0,15,15,13,16,15,13
徐商,1,15,15.0,15,14,12,15,14,12
羅虯,1,15,15.0,15,14,12,15,14,12
曹文姬,1,15,15.0,15,14,12,15,14,12
韓襄客,1,15,15.0,15,14,12,15,14,12
爾鳥,1,15,15.0,15,14,12,15,14,12
契盈,1,15,15.0,15,14,12,15,14,12
知業,1,15,15.0,15,14,12,15,14,12
玄幽,1,15,15.0,14,14,12,15,14,12
陳複休,1,15,15.0,15,14,12,15,14,12
鄭冠卿,1,15,15.0,15,14,12,15,14,12
穠華,1,15,15.0,14,14,12,15,14,12
李曄1,1,14,14.0,12,13,11,14,13,11
李建,1,14,14.0,14,13,11,14,13,11
錢俶,1,14,14.0,14,13,11,14,13,11
盧弼,1,14,14.0,14,13,11,14,13,11
沈叔安,1,14,14.0,14,13,11,14,13,11
何仲宣,1,14,14.0,14,13,11,14,13,11
妙女,1,14,14.0,14,13,11,14,13,11
徐彥若,1,14,14.0,13,13,11,14,13,11
馮暉,1,14,14.0,13,13,11,14,13,11
蘇芸,1,14,14.0,14,13,11,14,13,11
商則,1,14,14.0,13,13,11,14,13,11
瀵水神,1,13,13.0,9,12,10,13,12,10
胥偃,1,13,13.0,12,12,10,13,12,10
曾崇范妻,1,13,13.0,13,12,10,13,12,10
王魯,1,12,12.0,12,11,9,12,11,9
伶人,1,12,12.0,12,11,9,12,11,9
高力士,1,11,11.0,11,10,8,11,10,8
寶曆宮人,1,11,11.0,10,10,8,11,10,8
神迥,1,11,11.0,11,10,8,11,10,8
可隆,1,11,11.0,11,10,8,11,10,8
悟清,1,11,11.0,11,10,8,11,10,8
淡然,1,11,11.0,11,10,8,11,10,8
庭實,1,11,11.0,11,10,8,11,10,8
靈准,1,11,11.0,11,10,8,11,10,8
陳蓬,1,11,11.0,11,10,8,11,10,8
周延翰,1,10,10.0,10,9,7,10,9,7
雲容,1,6,6.0,6,5,3,6,5,3
荊州僧,1,6,6.0,6,5,3,6,5,3
