author,poem_count,char_count,avg_chars_per_poem
白居易著,2616,219098,83.75305810397553
杜甫著,1151,121596,105.64378801042572
李白著,784,85689,109.29719387755102
齊己著,771,43925,56.97146562905318
劉禹錫著,682,54515,79.93401759530792
元稹著,583,75276,129.11835334476845
李商隱著,550,37757,68.64909090909092
韋應物著,542,38781,71.55166051660517
貫休著,533,44930,84.29643527204503
許渾著,507,29112,57.42011834319526
陸龜蒙著,502,42879,85.41633466135458
劉長卿著,501,33722,67.30938123752495
皎然著,495,36265,73.26262626262626
杜牧著,492,32504,66.0650406504065
羅隱著,466,27450,58.90557939914163
姚合著,458,30111,65.74454148471615
張籍著,434,26063,60.05299539170507
錢起著,429,29180,68.01864801864802
賈島著,404,21356,52.86138613861386
佚名,398,15541,39.04773869346734
岑參著,386,28567,74.00777202072538
孟郊著,384,36953,96.23177083333333
王建著,372,28962,77.85483870967742
韓愈著,360,55761,154.89166666666668
皮日休著,353,33137,93.87252124645893
王維著,341,24183,70.91788856304986
權德輿著,338,26593,78.6775147928994
方幹著,337,19836,58.86053412462908
張祜著,334,16204,48.51497005988024
韋莊著,334,21947,65.70958083832335
溫庭筠著,331,25753,77.8036253776435
杜荀鶴著,325,17176,52.84923076923077
盧綸著,317,20535,64.77917981072555
韓偓著,316,18087,57.2373417721519
張說著,294,21065,71.64965986394557
李中著,287,16021,55.822299651567945
戴叔倫著,283,14735,52.06713780918728
吳融著,283,19212,67.886925795053
孟浩然著,267,15535,58.18352059925093
薛能著,265,17444,65.82641509433962
李端著,256,15130,59.1015625
徐鉉著,255,18204,71.38823529411765
徐夤著,245,16000,65.3061224489796
皇甫冉著,239,13003,54.40585774058577
趙嘏著,238,12834,53.924369747899156
李群玉著,235,14513,61.757446808510636
司空圖著,230,15993,69.53478260869565
顧況著,222,14912,67.17117117117117
李嶠著,206,11683,56.713592233009706
李頻著,204,10570,51.81372549019608
高適著,203,21609,106.44827586206897
黃滔著,198,12008,60.64646464646464
鄭穀著,197,10818,54.91370558375635
周曇著,195,6809,34.91794871794872
張九齡著,192,16981,88.44270833333333
武元衡著,192,10508,54.729166666666664
宋之問著,189,13644,72.19047619047619
李賀著,188,17932,95.38297872340425
施肩吾著,186,7177,38.586021505376344
耿湋著,176,9481,53.86931818181818
鮑溶著,176,13940,79.20454545454545
司空曙著,173,8679,50.16763005780347
儲光羲著,171,18619,108.88304093567251
李洞著,168,9719,57.851190476190474
張喬著,168,8058,47.964285714285715
李益著,168,9919,59.041666666666664
朱慶餘著,168,8611,51.25595238095238
唐彥謙著,167,10774,64.51497005988024
馬戴著,165,8670,52.54545454545455
韓翃著,164,10627,64.79878048780488
胡曾著,163,5824,35.73006134969325
王昌齡著,162,10801,66.67283950617283
沈佺期著,153,11816,77.22875816993464
柳宗元著,153,16155,105.58823529411765
曹松著,146,7449,51.02054794520548
無名氏著,144,8664,60.166666666666664
楊巨源著,144,10471,72.71527777777777
羅鄴著,143,7783,54.42657342657343
李鹹用著,141,10311,73.12765957446808
劉得仁著,139,7841,56.410071942446045
許棠著,138,8046,58.30434782608695
李德裕著,136,8880,65.29411764705883
李嘉佑著,133,7000,52.63157894736842
李紳著,127,11851,93.31496062992126
李頎著,124,11180,90.16129032258064
雍陶著,123,5667,46.073170731707314
駱賓王著,120,12893,107.44166666666666
鄭谷著,114,6143,53.8859649122807
戎昱著,114,6770,59.3859649122807
劉商著,110,6072,55.2
陳陶著,110,11303,102.75454545454545
李涉著,106,6666,62.886792452830186
曹鄴著,106,6315,59.575471698113205
呂岩著,106,18649,175.93396226415095
呂溫著,104,5990,57.59615384615385
劉滄著,102,6417,62.911764705882355
蘇頲著,102,7080,69.41176470588235
張蠙著,102,5160,50.588235294117645
崔塗著,100,4680,46.8
無可著,98,5620,57.3469387755102
項斯著,98,4934,50.3469387755102
李白,97,6314,65.09278350515464
羊士諤著,95,5296,55.747368421052634
周賀著,93,4754,51.11827956989247
徐凝著,92,3508,38.130434782608695
元結著,90,9752,108.35555555555555
盧仝著,90,11434,127.04444444444445
薛逢著,90,6700,74.44444444444444
李建勳著,89,5065,56.91011235955056
陳子昂著,89,8691,97.65168539325843
李世民,87,5114,58.7816091954023
獨孤及著,81,7312,90.27160493827161
歐陽詹著,79,4606,58.30379746835443
薛濤著,78,3175,40.705128205128204
殷堯藩著,78,4298,55.1025641025641
李山甫著,78,5488,70.35897435897436
吳筠著,77,8341,108.32467532467533
孫元晏著,75,2550,34.0
王勃著,75,4507,60.093333333333334
劉兼著,73,4983,68.26027397260275
顧非熊著,72,3609,50.125
郎士元著,71,3535,49.7887323943662
李郢著,71,4014,56.53521126760563
劉言史著,69,4109,59.55072463768116
嚴維著,69,3956,57.333333333333336
章孝標著,68,3722,54.73529411764706
崔道融著,68,2296,33.76470588235294
劉駕著,68,4019,59.10294117647059
王貞白著,66,3566,54.03030303030303
喻鳧著,65,2976,45.784615384615385
李隆基,63,3798,60.285714285714285
牟融著,62,4039,65.14516129032258
孫逖著,61,3889,63.75409836065574
楊衡著,60,3649,60.81666666666667
汪遵著,60,2008,33.46666666666667
陳羽著,60,2811,46.85
盧照鄰著,56,3420,61.07142857142857
王周著,53,3144,59.320754716981135
裴夷直著,53,2081,39.264150943396224
盧照鄰,52,3513,67.5576923076923
裴說著,52,2659,51.13461538461539
常建著,51,4043,79.27450980392157
段成式著,51,4297,84.25490196078431
于武陵著,50,2315,46.3
皇甫曾著,50,2950,59.0
魚玄機著,49,2821,57.57142857142857
張繼著,48,2156,44.916666666666664
於鵠著,48,2749,57.270833333333336
高駢著,48,1936,40.333333333333336
崔峒著,48,2438,50.791666666666664
武則天,46,1451,31.543478260869566
令狐楚著,44,2561,58.20454545454545
靈一著,43,2094,48.69767441860465
王績,42,3196,76.0952380952381
李乂著,42,2362,56.23809523809524
曹唐著,41,7326,178.6829268292683
賈至著,41,2790,68.04878048780488
譚用之著,40,2613,65.325
張謂著,40,2483,62.075
竇鞏著,40,1707,42.675
司馬紮著,39,2334,59.84615384615385
楊凝著,39,1570,40.256410256410255
崔顥著,39,3845,98.58974358974359
儲嗣宗著,39,1718,44.05128205128205
杜審言著,39,3020,77.43589743589743
虞世南,38,2419,63.6578947368421
秦系著,38,1876,49.36842105263158
包佶著,38,2112,55.578947368421055
秦韜玉著,37,2274,61.45945945945946
祖詠著,37,2013,54.4054054054054
崔國輔著,37,1581,42.729729729729726
李遠著,36,1825,50.69444444444444
陸暢著,36,1334,37.05555555555556
魏征,36,1279,35.52777777777778
唐求著,36,1728,48.0
李咸用著,36,2253,62.583333333333336
於濆著,35,1894,54.114285714285714
李昌符著,35,1715,49.0
褚亮,34,1336,39.294117647058826
孫光憲著,34,4311,126.79411764705883
楊炯著,33,2769,83.9090909090909
姚鵠著,33,2156,65.33333333333333
尚顏著,33,1699,51.484848484848484
邵謁著,33,2132,64.60606060606061
林寬著,33,1725,52.27272727272727
聶夷中著,32,2017,63.03125
張泌著,32,2459,76.84375
馮延巳著,32,4187,130.84375
高蟾著,32,1171,36.59375
崔湜著,32,2332,72.875
孟貫著,31,1474,47.54838709677419
翁承贊著,31,1755,56.61290322580645
李賀,31,1130,36.45161290322581
徐彥伯著,31,2465,79.51612903225806
張祜,31,1127,36.354838709677416
雍裕之著,30,859,28.633333333333333
崔櫓著,30,1972,65.73333333333333
熊孺登著,30,1166,38.86666666666667
顏真卿著,30,3194,106.46666666666667
來鵠著,29,2017,69.55172413793103
鄭巢著,29,1380,47.58620689655172
杜光庭著,29,2054,70.82758620689656
盧肇著,29,1839,63.41379310344828
裴迪著,29,863,29.75862068965517
蘇拯著,29,1906,65.72413793103448
裴度著,28,2526,90.21428571428571
劉希夷著,28,3354,119.78571428571429
殷文圭著,28,1833,65.46428571428571
劉叉著,27,1809,67.0
張南史著,27,1768,65.48148148148148
修睦著,27,1257,46.55555555555556
劉威著,27,1524,56.44444444444444
李百藥著,26,1747,67.1923076923077
劉憲著,26,1406,54.07692307692308
沈亞之著,26,1799,69.1923076923077
盧象著,26,1875,72.11538461538461
綦毋潛著,26,1299,49.96153846153846
章碣著,26,1560,60.0
竇常著,26,1429,54.96153846153846
許敬宗,26,1678,64.53846153846153
朱放著,26,1039,39.96153846153846
周樸著,25,1202,48.08
歐陽炯著,25,3466,138.64
子蘭著,24,1105,46.041666666666664
劉方平著,24,1176,49.0
鄭愔著,24,1653,68.875
王涯著,24,2112,88.0
韓琮著,24,1305,54.375
朱灣著,23,1533,66.65217391304348
和凝著,23,5139,223.43478260869566
於鄴著,23,1008,43.82608695652174
竇群著,23,1063,46.21739130434783
白居易,23,1447,62.91304347826087
張仲素著,23,1366,59.391304347826086
毛文錫著,22,1708,77.63636363636364
張籍,22,884,40.18181818181818
清江著,22,1203,54.68181818181818
周繇著,22,1150,52.27272727272727
伍喬著,22,1347,61.22727272727273
李煜著,22,1814,82.45454545454545
陸希聲著,21,844,40.19047619047619
趙彥昭著,21,1080,51.42857142857143
周朴著,21,1136,54.095238095238095
孫魴著,21,2171,103.38095238095238
楊師道,21,938,44.666666666666664
竇牟著,21,1341,63.857142857142854
賀知章著,20,1171,58.55
成彥雄著,20,924,46.2
許彬著,20,1004,50.2
竇庠著,20,1748,87.4
楊淩著,20,730,36.5
趙嘏,20,800,40.0
李冶著,19,969,51.0
李九齡著,19,810,42.63157894736842
胡宿著,19,1172,61.68421052631579
上官儀,19,932,49.05263157894737
長孫佐輔著,19,1634,86.0
包何著,19,942,49.578947368421055
楊憑著,19,720,37.89473684210526
蕭穎士著,19,2582,135.89473684210526
沈佺期,18,775,43.05555555555556
貫休,18,936,52.0
劉禹錫,18,1528,84.88888888888889
任翻著,18,785,43.611111111111114
孟遲著,18,674,37.44444444444444
靈澈著,18,1046,58.111111111111114
于鵠著,18,1160,64.44444444444444
喻坦之著,18,1004,55.77777777777778
喬知之著,18,2127,118.16666666666667
郭震著,18,876,48.666666666666664
崔融1著,17,1460,85.88235294117646
王初著,17,852,50.11764705882353
顧夐著,17,2754,162.0
張又新著,17,665,39.11764705882353
皇甫松著,17,1071,63.0
董思恭著,17,823,48.411764705882355
孟雲卿著,17,1461,85.94117647058823
張子容著,17,1052,61.88235294117647
法振著,17,841,49.470588235294116
趙冬曦著,17,1284,75.52941176470588
陶翰著,17,1600,94.11764705882354
李適著,17,1016,59.76470588235294
徐氏,16,476,29.75
李煜,16,632,39.5
劉複著,16,1174,73.375
劉昚虛著,16,1083,67.6875
棲白著,16,774,48.375
沈彬著,16,1234,77.125
李珣著,16,2681,167.5625
朱景玄著,16,575,35.9375
陸龜蒙,16,697,43.5625
溫庭筠,16,712,44.5
梁鍠著,16,737,46.0625
孟郊,16,974,60.875
王轂著,16,989,61.8125
王建,16,984,61.5
廣宣著,16,1026,64.125
張賁著,16,763,47.6875
王仁裕著,15,939,62.6
暢當著,15,851,56.733333333333334
蘇味道著,15,994,66.26666666666667
武平一著,15,926,61.733333333333334
虛中著,15,770,51.333333333333336
蔣吉著,15,474,31.6
鄭遨著,15,661,44.06666666666667
褚載著,15,808,53.86666666666667
崔國輔,15,460,30.666666666666668
張碧著,15,1520,101.33333333333333
崔曙著,15,904,60.266666666666666
劉昭禹著,15,734,48.93333333333333
李適,15,978,65.2
鄭畋著,15,914,60.93333333333333
李華著,14,2532,180.85714285714286
王翰著,14,1604,114.57142857142857
盧延讓著,14,820,58.57142857142857
牛嶠著,14,1487,106.21428571428571
顧況,13,790,60.76923076923077
李紓著,13,520,40.0
薛據著,13,1073,82.53846153846153
丘為著,13,879,67.61538461538461
王季友1著,13,1066,82.0
陳子良,13,694,53.38461538461539
閻朝隱著,13,902,69.38461538461539
翁洮著,13,795,61.15384615384615
薛稷著,13,742,57.07692307692308
盧殷著,13,471,36.23076923076923
盧僎著,13,1149,88.38461538461539
楊發著,13,700,53.84615384615385
李端,13,930,71.53846153846153
丘丹著,13,777,59.76923076923077
毛熙震著,13,1563,120.23076923076923
陳去疾著,12,604,50.333333333333336
張諤著,12,572,47.666666666666664
柳中庸著,12,528,44.0
楊夔著,12,722,60.166666666666664
孔德紹著,12,723,60.25
薛瑩著,12,385,32.083333333333336
吳仁璧著,12,473,39.416666666666664
棲蟾著,12,574,47.833333333333336
韋處厚著,12,288,24.0
薛存誠著,12,861,71.75
尹鶚著,12,1059,88.25
蔣防著,12,828,69.0
柳宗元,12,767,63.916666666666664
陳標著,12,642,53.5
馬懷素著,12,632,52.666666666666664
崔日用著,12,650,54.166666666666664
護國著,12,686,57.166666666666664
徐安貞著,12,619,51.583333333333336
聶夷中,11,500,45.45454545454545
崔玨著,11,1325,120.45454545454545
左偃著,11,356,32.36363636363637
于鄴著,11,453,41.18181818181818
冷朝陽著,11,530,48.18181818181818
水神著,11,1139,103.54545454545455
王灣著,11,1279,116.27272727272727
熊皎著,11,644,58.54545454545455
皎然,11,500,45.45454545454545
丁仙芝著,11,757,68.81818181818181
韋蟾著,10,689,68.9
盧鴻一著,10,1328,132.8
李赤著,10,480,48.0
韋元旦著,10,566,56.6
鄭錫著,10,476,47.6
可止著,10,521,52.1
費冠卿著,10,701,70.1
常袞著,10,879,87.9
包佶,10,312,31.2
于濆著,10,580,58.0
蔣貽恭著,10,408,40.8
鮑溶,10,814,81.4
姚系著,10,660,66.0
竇叔向著,10,524,52.4
崔涯著,9,462,51.333333333333336
武三思著,9,726,80.66666666666667
蕭至忠著,9,532,59.111111111111114
李義府,9,596,66.22222222222223
江為著,9,353,39.22222222222222
楊汝士著,9,454,50.44444444444444
李廓著,9,917,101.88888888888889
韓愈,9,409,45.44444444444444
徐堅著,9,561,62.333333333333336
翁綬著,9,507,56.333333333333336
盧士衡著,9,500,55.55555555555556
莊南傑著,9,622,69.11111111111111
施肩吾,9,286,31.77777777777778
齊己,9,347,38.55555555555556
吳商浩著,9,435,48.333333333333336
李昭象著,9,446,49.55555555555556
處默著,9,396,44.0
王維,9,452,50.22222222222222
歐陽袞著,9,458,50.888888888888886
令狐楚,8,670,83.75
薛曜著,8,681,85.125
鮑防著,8,517,64.625
李約著,8,475,59.375
韋應物,8,306,38.25
王涯,8,348,43.5
顧雲著,8,1180,147.5
張登著,8,421,52.625
王睿著,8,428,53.5
元稹,8,1030,128.75
張文琮,8,318,39.75
盧藏用著,8,740,92.5
陳潤著,8,374,46.75
李治,8,486,60.75
袁暉著,8,456,57.0
韓溉著,8,434,54.25
王昌齡,8,588,73.5
李益,8,283,35.375
伊用昌著,8,371,46.375
包融著,8,539,67.375
李逢吉著,8,526,65.75
萬楚著,8,467,58.375
王縉著,8,426,53.25
李敬方著,8,844,105.5
孟賓於著,8,533,66.625
薛昭蘊著,8,1006,125.75
陳叔達,8,310,38.75
魏承班著,8,1114,139.25
張仲素,7,288,41.142857142857146
霍總著,7,361,51.57142857142857
麹信陵著,7,238,34.0
廖融著,7,344,49.142857142857146
李翱著,7,348,49.714285714285715
徐仲雅著,7,636,90.85714285714286
史鳳著,7,238,34.0
于季子著,7,286,40.857142857142854
韋嗣立著,7,748,106.85714285714286
劉象著,7,414,59.142857142857146
蔣冽著,7,441,63.0
錢珝著,7,2732,390.2857142857143
李忱,7,141,20.142857142857142
姚崇著,7,349,49.857142857142854
劉孝孫,7,360,51.42857142857143
舒元輿著,7,1278,182.57142857142858
王駕著,7,260,37.142857142857146
賀朝著,7,542,77.42857142857143
閻選著,7,557,79.57142857142857
宗楚客著,7,376,53.714285714285715
韋承慶著,7,370,52.857142857142854
白行簡著,7,465,66.42857142857143
上官昭容,7,881,125.85714285714286
朱長文著,7,272,38.857142857142854
孔紹安,7,260,37.142857142857146
劉長卿,7,420,60.0
孟簡著,7,689,98.42857142857143
崔元翰著,7,666,95.14285714285714
李顯,7,525,75.0
于良史著,7,310,44.285714285714285
陳翊著,7,334,47.714285714285715
鄭損著,6,336,56.0
陳存著,6,261,43.5
沈頌著,6,298,49.666666666666664
鄭准著,6,281,46.833333333333336
王元著,6,259,43.166666666666664
鄭世翼,6,300,50.0
張循之著,6,258,43.0
張夫人著,6,303,50.5
胡皓著,6,604,100.66666666666667
王起著,6,503,83.83333333333333
劉灣著,6,510,85.0
張旭著,6,192,32.0
任希古著,6,590,98.33333333333333
詹敦仁著,6,483,80.5
王諲著,6,446,74.33333333333333
劉駕,6,278,46.333333333333336
崔顥,6,291,48.5
鄭絪著,6,319,53.166666666666664
張袞著,6,216,36.0
崔液著,6,582,97.0
蜀宮群仙著,6,200,33.333333333333336
張志和著,6,455,75.83333333333333
張窈窕著,6,233,38.833333333333336
義淨著,6,680,113.33333333333333
許堅2著,6,275,45.833333333333336
張潮著,6,530,88.33333333333333
李貞白著,6,172,28.666666666666668
李昂1,6,205,34.166666666666664
薛奇童著,6,485,80.83333333333333
崔護著,6,332,55.333333333333336
李宣古著,6,452,75.33333333333333
杜甫,6,836,139.33333333333334
宋璟著,6,456,76.0
閻防著,6,433,72.16666666666667
王岩著,6,204,34.0
馮道著,6,392,65.33333333333333
慕幽著,6,320,53.333333333333336
林滋著,6,387,64.5
可朋著,6,344,57.333333333333336
徐賢妃,6,214,35.666666666666664
嚴武著,6,454,75.66666666666667
厲玄著,6,326,54.333333333333336
翁綬,6,84,14.0
章八元著,6,308,51.333333333333336
李衍,6,154,25.666666666666668
歸仁著,6,324,54.0
李舒,6,192,32.0
張均著,6,324,54.0
徐彥伯,6,216,36.0
薛能,6,1104,184.0
岑羲著,6,308,51.333333333333336
牛希濟著,6,789,131.5
李沇著,6,534,89.0
吳少微著,6,950,158.33333333333334
徐鍇著,5,230,46.0
王勃,5,214,42.8
王泠然著,5,485,97.0
沈千運著,5,464,92.8
湯悅著,5,256,51.2
殷遙著,5,236,47.2
庾抱,5,200,40.0
張彪著,5,394,78.8
蔡希寂著,5,348,69.6
許堅1著,5,248,49.6
袁不約著,5,240,48.0
徐九皋著,5,208,41.6
李泌著,5,256,51.2
盧汝弼著,5,390,78.0
戴叔倫,5,190,38.0
閻寬著,5,244,48.8
梁瓊著,5,238,47.6
權龍褒著,5,108,21.6
儲光羲,5,320,64.0
李頎,5,208,41.6
隱巒著,5,229,45.8
許景先著,5,662,132.4
歐陽玭著,5,254,50.8
李商隱,5,170,34.0
姚月華著,5,382,76.4
于邵著,5,216,43.2
晁采著,5,638,127.6
潘佑著,5,146,29.2
公乘億著,5,303,60.6
文丙著,5,237,47.4
徐敞著,5,360,72.0
楊嗣複著,5,380,76.0
耿湋,5,208,41.6
劉禕之著,5,336,67.2
崔備著,5,360,72.0
劉希夷,5,214,42.8
王之渙著,5,186,37.2
李正封著,5,260,52.0
鄭澣著,5,449,89.8
牛僧孺著,5,449,89.8
李康成著,5,419,83.8
黃損著,5,317,63.4
崔興宗著,5,204,40.8
李程著,5,372,74.4
楊乘著,5,492,98.4
張聿著,5,357,71.4
陳季卿著,5,238,47.6
郭元振,5,200,40.0
沈傳師著,5,365,73.0
楊凝式著,5,150,30.0
徐晶著,5,310,62.0
潘鹹著,5,235,47.0
周匡物著,5,274,54.8
慧淨著,5,742,148.4
吳越人著,5,368,73.6
呂渭著,5,233,46.6
鄭綮著,5,158,31.6
趙鸞鸞著,5,160,32.0
高適,5,223,44.6
王無競著,5,305,61.0
賈曾著,5,268,53.6
袁朗,5,620,124.0
王適著,5,373,74.6
廖匡圖著,5,265,53.0
趙璜著,5,222,44.4
雲台峰女仙著,5,115,23.0
韓熙載著,5,267,53.4
盧綸,5,366,73.2
蔣維翰著,4,138,34.5
張辭著,4,178,44.5
王琚著,4,420,105.0
王鐸著,4,219,54.75
郎大家宋氏著,4,196,49.0
姚揆著,4,232,58.0
崔萱著,4,147,36.75
鄭鏦著,4,186,46.5
崔仲容著,4,188,47.0
馬湘著,4,224,56.0
李家明著,4,142,35.5
馬異著,4,537,134.25
善生著,4,192,48.0
陸贄著,4,225,56.25
鄭璧著,4,200,50.0
孟氏著,4,95,23.75
劉乙著,4,167,41.75
胡令能著,4,142,35.5
孟雲卿,4,320,80.0
周濆著,4,134,33.5
岑文本,4,220,55.0
張說,4,432,108.0
李嶷著,4,258,64.5
鄭愚著,4,116,29.0
步非煙著,4,136,34.0
孫棨著,4,244,61.0
孫昌胤著,4,256,64.0
吉師老著,4,176,44.0
劉允濟著,4,686,171.5
張柬之著,4,294,73.5
張鼎著,4,238,59.5
駱賓王,4,450,112.5
張為著,4,293,73.25
謝良輔著,4,130,32.5
孫偓著,4,152,38.0
何希堯著,4,134,33.5
狄煥著,4,150,37.5
李觀著,4,265,66.25
蔣渙著,4,240,60.0
溫憲著,4,168,42.0
韓常侍著,4,130,32.5
鹿虔扆著,4,355,88.75
李絳著,4,354,88.5
元季川著,4,266,66.5
姚康著,4,240,60.0
柳棠著,4,144,36.0
皇甫澈著,4,288,72.0
段文昌著,4,172,43.0
高瑾著,4,204,51.0
陸長源著,4,221,55.25
韓仲宣著,4,200,50.0
卿雲著,4,190,47.5
廖凝著,4,219,54.75
鄭仁表著,4,123,30.75
莫宣卿著,4,203,50.75
慧宣著,4,289,72.25
易思著,4,172,43.0
田娥著,4,136,34.0
馮著著,4,386,96.5
裴次元著,4,227,56.75
羅隱,4,148,37.0
張元一著,4,137,34.25
喬知之,4,587,146.75
魏知古著,4,278,69.5
崔泰之著,4,552,138.0
劉迥著,4,152,38.0
賈彥璋著,4,192,48.0
王績著,4,226,56.5
楊希道著,4,162,40.5
翁宏著,4,169,42.25
張蕭遠著,4,231,57.75
張易之著,4,238,59.5
王烈著,4,219,54.75
陸敬,4,294,73.5
馬逢著,4,196,49.0
李玖著,4,444,111.0
李邕著,4,272,68.0
李迥秀著,4,196,49.0
王魯複著,4,107,26.75
羅紹威著,4,167,41.75
袁皓著,4,384,96.0
柳公權著,4,156,39.0
劉庭琦著,4,272,68.0
趙氏2著,4,202,50.5
戎昱,4,328,82.0
張文姬著,4,92,23.0
卓英英著,4,138,34.5
蕭遘著,4,151,37.75
張嘉貞著,4,299,74.75
萬齊融著,4,324,81.0
薛馧著,4,178,44.5
席豫著,4,336,84.0
奚賈著,4,201,50.25
路德延著,4,695,173.75
李渤著,4,679,169.75
源幹曜著,4,320,80.0
宋齊丘著,4,507,126.75
劉斌著,4,298,74.5
李存勖著,4,269,67.25
紇幹著著,4,123,30.75
李吉甫著,4,252,63.0
胡玢著,4,165,41.25
沈廷瑞著,4,196,49.0
袁郊著,4,120,30.0
祝元膺著,4,106,26.5
沈如筠著,4,142,35.5
趙彥伯著,4,167,41.75
劉方平,4,176,44.0
韋述著,4,288,72.0
蘇頲,4,83,20.75
裴漼著,4,280,70.0
劉行敏著,3,118,39.333333333333336
畢耀著,3,171,57.0
張匯著,3,189,63.0
張敬忠著,3,78,26.0
李騭著,3,350,116.66666666666667
褚朝陽著,3,150,50.0
惟審著,3,158,52.666666666666664
捧劍僕著,3,103,34.333333333333336
張昌宗著,3,204,68.0
楊牢著,3,243,81.0
馬戴,3,96,32.0
鐘謨著,3,136,45.333333333333336
劉太真著,3,196,65.33333333333333
柳公綽著,3,132,44.0
張賈著,3,123,41.0
陳元光著,3,332,110.66666666666667
孫氏著,3,132,44.0
羅袞著,3,190,63.333333333333336
王表著,3,170,56.666666666666664
於鵠,3,428,142.66666666666666
竇參著,3,268,89.33333333333333
喬備著,3,138,46.0
張文規著,3,93,31.0
韋渠牟著,3,1040,346.6666666666667
紀唐夫著,3,174,58.0
鄭史著,3,148,49.333333333333336
裴諝著,3,278,92.66666666666667
範傳正著,3,216,72.0
陳通方著,3,264,88.0
張孜著,3,134,44.666666666666664
於濆,3,250,83.33333333333333
澹交著,3,134,44.666666666666664
寒山著,3,16116,5372.0
蘇廣文著,3,192,64.0
劉皂著,3,167,55.666666666666664
莊南傑,3,42,14.0
蔡京著,3,122,40.666666666666664
若虛著,3,186,62.0
李元紘著,3,164,54.666666666666664
顧在鎔著,3,160,53.333333333333336
韋夏卿著,3,166,55.333333333333336
潘孟陽著,3,168,56.0
許孟容著,3,148,49.333333333333336
張眾甫著,3,144,48.0
趙鴻著,3,93,31.0
錢鏐,3,128,42.666666666666664
盧頻著,3,90,30.0
王韞秀著,3,96,32.0
張薦著,3,136,45.333333333333336
崔知賢著,3,152,50.666666666666664
景雲著,3,120,40.0
元淳著,3,162,54.0
魏扶著,3,159,53.0
孫叔向著,3,96,32.0
丁澤著,3,213,71.0
韓滉著,3,128,42.666666666666664
林藻著,3,176,58.666666666666664
張立著,3,95,31.666666666666668
崔立之著,3,216,72.0
周瑀著,3,120,40.0
詹琲著,3,157,52.333333333333336
幹康著,3,91,30.333333333333332
鄭還古著,3,130,43.333333333333336
符載著,3,81,27.0
王丘著,3,270,90.0
黃頗著,3,200,66.66666666666667
徐昌圖著,3,194,64.66666666666667
韓休著,3,256,85.33333333333333
曇域著,3,158,52.666666666666664
朱晝著,3,206,68.66666666666667
趙征明著,3,189,63.0
西施著,3,102,34.0
任華著,3,1441,480.3333333333333
滕邁著,3,128,42.666666666666664
王軒著,3,103,34.333333333333336
陳嘉言著,3,144,48.0
黃巢著,3,104,34.666666666666664
眉娘著,3,106,35.333333333333336
關盼盼著,3,159,53.0
廉氏著,3,124,41.333333333333336
楊玢著,3,106,35.333333333333336
崔翹著,3,192,64.0
杜淹,3,200,66.66666666666667
崔子向著,3,120,40.0
伍唐珪著,3,136,45.333333333333336
鮑君徽,3,134,44.666666666666664
李昂2著,3,550,183.33333333333334
許宣平著,3,111,37.0
劉瑤著,3,157,52.333333333333336
宋之問,3,133,44.333333333333336
武瓘著,3,108,36.0
沈宇著,3,92,30.666666666666668
張仲方著,3,251,83.66666666666667
楊浚著,3,240,80.0
滕傳胤著,3,126,42.0
張萬頃著,3,142,47.333333333333336
崔玄亮著,3,106,35.333333333333336
鄭常著,3,144,48.0
劉猛著,3,121,40.333333333333336
盧拱著,3,131,43.666666666666664
上元夫人著,3,98,32.666666666666664
法照著,3,144,48.0
崔鶯鶯著,3,78,26.0
陳希烈著,3,192,64.0
趙光逢著,3,288,96.0
陳至著,3,153,51.0
宋昱著,3,285,95.0
辛弘智著,3,70,23.333333333333332
鄭良士著,3,176,58.666666666666664
張紘著,3,199,66.33333333333333
李回著,3,88,29.333333333333332
李暇著,3,173,57.666666666666664
平曾著,3,164,54.666666666666664
元晦著,3,326,108.66666666666667
白敏中著,3,163,54.333333333333336
周弘亮著,3,184,61.333333333333336
李林甫著,3,216,72.0
陸羽著,3,103,34.333333333333336
楊收著,3,67,22.333333333333332
郎大家宋氏,3,106,35.333333333333336
顏萱著,3,192,64.0
何兆著,3,81,27.0
李崇嗣著,3,66,22.0
李群玉,3,220,73.33333333333333
葉季良著,3,216,72.0
張白著,3,120,40.0
龍女著,3,95,31.666666666666668
李琪著,3,107,35.666666666666664
張琰著,3,139,46.333333333333336
楊敬之著,3,102,34.0
皇甫湜著,3,519,173.0
徐月英著,3,79,26.333333333333332
常楚老著,3,181,60.333333333333336
何光遠著,3,144,48.0
李百藥,3,128,42.666666666666664
王福娘著,3,102,34.0
李憕著,3,160,53.333333333333336
戴司顏著,3,101,33.666666666666664
王渙著,3,556,185.33333333333334
陳光著,3,144,48.0
知玄著,3,148,49.333333333333336
徐延壽著,3,209,69.66666666666667
劉媛著,3,126,42.0
員半千著,3,208,69.33333333333333
孫處玄著,3,67,22.333333333333332
劉綺莊著,3,140,46.666666666666664
李餘著,3,99,33.0
孫合著,3,179,59.666666666666664
李舜弦著,3,108,36.0
潘緯著,3,98,32.666666666666664
湛賁著,3,180,60.0
韋安石著,3,144,48.0
林傑著,3,81,27.0
馮涓著,3,141,47.0
尹懋著,3,180,60.0
劉雲著,3,112,37.333333333333336
韋璜著,3,126,42.0
李夢符著,3,154,51.333333333333336
元萬頃著,3,144,48.0
皇甫冉,3,120,40.0
陸海著,3,78,26.0
韋皋著,3,131,43.666666666666664
樓穎著,3,247,82.33333333333333
湘中蛟女著,3,150,50.0
王感化著,3,90,30.0
胡曾,3,42,14.0
李縠著,3,200,66.66666666666667
程長文著,3,332,110.66666666666667
胡幽貞著,2,47,23.5
張固著,2,98,49.0
盧注著,2,198,99.0
裴休著,2,110,55.0
許康佐著,2,144,72.0
王良士著,2,120,60.0
顏粲著,2,144,72.0
鄭餘慶著,2,88,44.0
李亨,2,136,68.0
楊萊兒著,2,100,50.0
李願著,2,70,35.0
崔邠,2,68,34.0
張正元著,2,144,72.0
彭伉著,2,176,88.0
崔璞著,2,108,54.0
李景讓著,2,75,37.5
劉郇伯著,2,85,42.5
崔樞著,2,144,72.0
譚銖著,2,216,108.0
常浩著,2,130,65.0
蕭仿著,2,80,40.0
張嗣初著,2,144,72.0
羅讓著,2,138,69.0
嚴巨川著,2,144,72.0
王甚夷著,2,136,68.0
蕭祜著,2,475,237.5
童翰卿著,2,94,47.0
李沛著,2,144,72.0
崔邠著,2,120,60.0
蘇郁著,2,68,34.0
李璟著,2,160,80.0
封敖著,2,135,67.5
張隨著,2,144,72.0
吳武陵著,2,108,54.0
李曄著,2,208,104.0
裴虔餘著,2,108,54.0
花蕊夫人著,2,5058,2529.0
馮袞著,2,68,34.0
於頔著,2,312,156.0
溫庭皓著,2,228,114.0
蘇鬱著,2,45,22.5
裴潾著,2,662,331.0
趙蕃著,2,135,67.5
孫頠著,2,144,72.0
張氏著,2,112,56.0
宋濟著,2,72,36.0
河北士人著,2,82,41.0
盧渥著,2,136,68.0
柴宿著,2,143,71.5
張希複著,2,57,28.5
宋雍著,2,64,32.0
王霞卿著,2,72,36.0
竇梁賓著,2,72,36.0
呂敞著,2,144,72.0
楊虞卿著,2,75,37.5
王衍著,2,59,29.5
黃崇嘏著,2,100,50.0
徐商著,2,79,39.5
郭良驥著,2,98,49.0
賀朝清著,2,92,46.0
洛中舉子著,2,96,48.0
劉虛白著,2,49,24.5
織錦人著,2,45,22.5
李璟,2,48,24.0
滕倪著,2,104,52.0
潘咸著,2,64,32.0
朱子真著,2,71,35.5
李播著,2,56,28.0
李肱著,2,83,41.5
高璩著,2,79,39.5
張光朝著,2,216,108.0
柳泌著,2,216,108.0
高湘著,2,96,48.0
穆寂著,2,144,72.0
張元宗著,2,60,30.0
張起著,2,70,35.0
權審著,2,55,27.5
侯冽著,2,144,72.0
朱沖和著,2,70,35.0
裴延著,2,47,23.5
唐扶著,2,322,161.0
天寶宮人著,2,56,28.0
王播著,2,136,68.0
陳翥著,2,140,70.0
楊于陵著,2,216,108.0
徐堅,2,150,75.0
盧溵著,2,80,40.0
胡證著,2,102,51.0
張瑛著,2,63,31.5
員南溟著,2,138,69.0
劉鄴著,2,98,49.0
歐陽澥著,2,63,31.5
李善夷著,2,129,64.5
許稷著,2,144,72.0
郭遵著,2,144,72.0
蒯希逸著,2,127,63.5
越溪楊女著,2,84,42.0
楊知至著,2,100,50.0
葛鴉兒著,2,102,51.0
鄭蕡著,2,144,72.0
李敬伯著,2,96,48.0
溫會著,2,96,48.0
楊漢公著,2,70,35.0
姚向著,2,96,48.0
何扶著,2,100,50.0
戈牢著,2,136,68.0
金厚載著,2,136,68.0
任生著,2,59,29.5
武少儀著,2,134,67.0
馮伉著,2,148,74.0
丁棱著,2,110,55.0
席夔著,2,138,69.0
李宣遠著,2,94,47.0
鄭熏著,2,241,120.5
韋鵬翼著,2,72,36.0
錢眾仲著,2,141,70.5
李景著,2,120,60.0
李乂,2,56,28.0
柳氏著,2,60,30.0
于興宗著,2,71,35.5
裴諴著,2,144,72.0
崔鉉著,2,100,50.0
陳昌言著,2,144,72.0
王季文著,2,232,116.0
石殷士著,2,141,70.5
王炎著,2,120,60.0
唐暄著,2,110,55.0
盧貞著,2,84,42.0
李節度姬著,2,108,54.0
周元範著,2,106,53.0
景審著,2,51,25.5
鮑家四弦著,2,60,30.0
崔公遠著,2,60,30.0
郭子儀,2,64,32.0
安鳳著,2,121,60.5
盧儲著,2,56,28.0
司馬都著,2,128,64.0
盧尚書著,2,98,49.0
李賢,2,70,35.0
周墀著,2,128,64.0
劉道昌著,2,72,36.0
郭子儀著,2,80,40.0
李公佐僕著,2,88,44.0
陸堅著,2,83,41.5
劉畋著,2,59,29.5
李涉,2,140,70.0
李適之著,2,45,22.5
薛逢,2,41,20.5
鄭繇著,2,70,35.0
宋鼎著,2,144,72.0
蘇晉著,2,166,83.0
元凜著,2,128,64.0
盧從願著,2,160,80.0
王光庭著,2,192,96.0
酒肆布衣著,2,92,46.0
劉洞著,2,99,49.5
王偃,2,56,28.0
蕭嵩著,2,168,84.0
許學士著,2,72,36.0
孫光憲,2,168,84.0
紫微孫處士著,2,72,36.0
解琬著,2,96,48.0
張錫著,2,96,48.0
方壺居士著,2,70,35.0
徐振著,2,92,46.0
皇甫松,2,112,56.0
李太玄著,2,70,35.0
嚴含質著,2,76,38.0
李濤著,2,35,17.5
謝偃,2,180,90.0
盧懷慎著,2,112,56.0
牛殳著,2,396,198.0
伊夢昌著,2,72,36.0
裴耀卿著,2,158,79.0
裴諧著,2,146,73.0
韓翃,2,68,34.0
陳沆著,2,73,36.5
李敬玄著,2,134,67.0
沈顏著,2,88,44.0
董思恭,2,70,35.0
鐘離權著,2,334,167.0
杜頠著,2,151,75.5
範朝著,2,96,48.0
歐陽詢著,2,72,36.0
何仲舉著,2,65,32.5
韓湘著,2,114,57.0
張巡著,2,116,58.0
王偃著,2,68,34.0
賀蘭進明著,2,408,204.0
韋丹著,2,68,34.0
蕭昕著,2,141,70.5
譚峭著,2,49,24.5
楊炎著,2,60,30.0
李休烈著,2,70,35.0
寇坦著,2,168,84.0
袁瓘著,2,301,150.5
劉晏著,2,76,38.0
許碏著,2,142,71.0
薛業著,2,94,47.0
張若虛著,2,348,174.0
邢巨著,2,68,34.0
樊晃著,2,51,25.5
談戭著,2,59,29.5
張翬著,2,70,35.0
吳象之著,2,80,40.0
蔡隱丘著,2,35,17.5
張宣明著,2,148,74.0
許晝著,2,177,88.5
楊廉著,2,96,48.0
洛川仙女著,2,82,41.0
賈馳著,2,84,42.0
高正臣著,2,96,48.0
劉商,2,308,154.0
富春沙際鬼著,2,43,21.5
熊皦著,2,70,35.0
盧群玉著,2,68,34.0
崔善為,2,80,40.0
高輦著,2,64,32.0
崔信明,2,55,27.5
趙光遠著,2,192,96.0
李士元著,2,108,54.0
高球著,2,104,52.0
弓嗣初著,2,96,48.0
布燮著,2,102,51.0
長孫正隱著,2,96,48.0
張太華著,2,72,36.0
楊徽之著,2,70,35.0
伍彬著,2,76,38.0
蘇瑰著,2,112,56.0
李懷遠著,2,158,79.0
魏元忠著,2,96,48.0
唐備著,2,71,35.5
馬周,2,50,25.0
張文恭,2,80,40.0
張鷟著,2,41,20.5
李濤1著,2,84,42.0
趙謙光著,2,48,24.0
謝邈著,2,128,64.0
杜易簡著,2,124,62.0
戴衢著,2,47,23.5
許鼎著,2,59,29.5
龐德公著,2,72,36.0
楊思玄著,2,148,74.0
楊達著,2,80,40.0
鄭渥著,2,122,61.0
周彥暉著,2,96,48.0
李叔卿著,2,155,77.5
李景伯著,2,57,28.5
織女著,2,94,47.0
嵩山女著,2,72,36.0
無名鬼著,2,69,34.5
東方虯著,2,94,47.0
嚴郾著,2,126,63.0
鄭縉著,2,107,53.5
王仙仙著,2,70,35.0
張友正著,2,144,72.0
故台城妓著,2,76,38.0
顏蕘著,2,51,25.5
李賓著,2,192,96.0
王珪,2,190,95.0
劉贊著,2,69,34.5
長孫無忌,2,60,30.0
高嶠著,2,96,48.0
齊浣著,2,80,40.0
杜正倫,2,140,70.0
王無競,2,54,27.0
崔日知著,2,384,192.0
賈至,2,63,31.5
王正己著,2,49,24.5
滕白著,2,66,33.0
王適,2,94,47.0
高力士著,2,35,17.5
蔡孚著,2,199,99.5
韋檢著,2,70,35.0
袁暉,2,80,40.0
周思鈞著,2,96,48.0
虎丘石壁鬼著,2,162,81.0
李希仲著,2,144,72.0
殷七七著,2,45,22.5
韋莊,2,68,34.0
張建封著,2,393,196.5
韓昭著,2,112,56.0
姚倫著,2,92,46.0
張令問著,2,72,36.0
張叔卿著,2,69,34.5
李搏著,2,100,50.0
鄭丹著,2,96,48.0
崔膺著,2,100,50.0
鄭啟著,2,190,95.0
馮宿著,2,136,68.0
王武陵著,2,136,68.0
蔡昆著,2,47,23.5
劉氏雲,2,54,27.0
懷楚著,2,112,56.0
徐光溥著,2,479,239.5
朱光弼著,2,45,22.5
岑參,2,208,104.0
僧鸞著,2,625,312.5
裴略著,2,62,31.0
亞棲著,2,72,36.0
懷浦著,2,96,48.0
唐怡著,2,45,22.5
韋建著,2,168,84.0
殷寅著,2,230,115.0
無悶著,2,72,36.0
竇威,2,80,40.0
無則著,2,104,52.0
李岑2著,2,144,72.0
棲一著,2,128,64.0
王翰,2,71,35.5
丘光庭著,2,259,129.5
韋迢著,2,96,48.0
張濯著,2,158,79.0
神穎著,2,156,78.0
劉言史,2,84,42.0
王睿,2,56,28.0
李茂複著,2,65,32.5
鄭概著,2,65,32.5
範燈著,2,65,32.5
樊珣著,2,65,32.5
劉蕃著,2,65,32.5
張松齡著,2,60,30.0
張安石著,2,66,33.0
劉長川著,2,70,35.0
李暇,2,80,40.0
趙摶著,2,371,185.5
鄭審著,2,144,72.0
許敬宗著,2,171,85.5
李幼卿著,2,216,108.0
慧偘著,2,72,36.0
法宣著,2,96,48.0
柳郴著,2,60,30.0
懷素著,2,72,36.0
張佐著,2,130,65.0
張禕著,2,72,36.0
閻濟美著,2,96,48.0
張少博著,2,144,72.0
張保胤著,2,100,50.0
應物著,2,124,62.0
元孚著,2,72,36.0
周渭著,2,136,68.0
周存著,2,144,72.0
衛象著,2,78,39.0
黎逢著,2,144,72.0
羅虯著,2,3615,1807.5
釋泚著,2,96,48.0
苗發著,2,112,56.0
大易著,2,111,55.5
幸夤遜著,2,163,81.5
蘇渙著,2,406,203.0
唐晅著,2,105,52.5
尚能著,2,59,29.5
芮挺章著,2,92,46.0
舒道紀著,2,96,48.0
程紫霄著,2,60,30.0
薛昭緯著,2,89,44.5
陸翱著,2,96,48.0
蕭彧著,2,96,48.0
薛令之著,2,78,39.0
徐浩著,2,388,194.0
李棲筠著,2,164,82.0
徐靈府著,2,120,60.0
裴廷裕著,2,124,62.0
長孫佐輔,2,200,100.0
豆盧複著,2,84,42.0
閻德隱著,2,244,122.0
陳寡言著,2,90,45.0
顏仁郁著,2,64,32.0
陳季著,2,141,70.5
常理著,2,156,78.0
石召著,2,72,36.0
王邕著,2,144,72.0
楊巨源,2,120,60.0
杜牧,2,128,64.0
張道古著,2,84,42.0
王延彬著,2,98,49.0
陸扆著,2,80,40.0
郭良著,2,92,46.0
楊諫著,2,94,47.0
李宏皋著,2,152,76.0
令狐峘著,2,168,84.0
陳羽,2,88,44.0
郭澹著,2,110,55.0
王緯著,2,110,55.0
崔何著,2,110,55.0
趙良器著,2,120,60.0
李收著,2,70,35.0
袁傪著,2,110,55.0
蘇源明著,2,174,87.0
屈同仙著,2,201,100.5
沈彬,2,56,28.0
杜審言,2,68,34.0
崔湜,2,80,40.0
陳中師著,1,72,72.0
劉望著,1,62,62.0
辛宏著,1,72,72.0
趙防著,1,48,48.0
殷琮著,1,69,69.0
康翊仁著,1,72,72.0
丁居晦著,1,66,66.0
馮待征著,1,208,208.0
沈祖仙著,1,44,44.0
朱延齡著,1,72,72.0
王沈著,1,34,34.0
周岳秀著,1,62,62.0
杜周士著,1,72,72.0
裴元著,1,72,72.0
邵士彥著,1,44,44.0
冷朝光著,1,31,31.0
陳嶰著,1,36,36.0
衛萬著,1,65,65.0
李章著,1,50,50.0
羅維著,1,69,69.0
樂伸著,1,72,72.0
管雄甫著,1,72,72.0
南巨川著,1,66,66.0
李伉著,1,36,36.0
陳政著,1,144,144.0
郭邕著,1,69,69.0
胡權著,1,72,72.0
崔藩著,1,72,72.0
張鴻著,1,48,48.0
苗仲方著,1,72,72.0
徐至著,1,72,72.0
紇幹諷著,1,72,72.0
景池著,1,48,48.0
苑gT著,1,72,72.0
羅泰著,1,72,72.0
方澤著,1,36,36.0
潘求仁著,1,24,24.0
朱休著,1,72,72.0
張侹著,1,32,32.0
成崿著,1,72,72.0
張陵著,1,32,32.0
呂價著,1,72,72.0
崔江著,1,36,36.0
李建業著,1,44,44.0
蕭意著,1,24,24.0
吳大江著,1,44,44.0
荊叔著,1,24,24.0
李勳著,1,72,72.0
虞羽客著,1,120,120.0
夏侯楚著,1,72,72.0
張熾著,1,22,22.0
劉元叔著,1,180,180.0
王季友2著,1,69,69.0
叔孫玄觀著,1,69,69.0
蕭靜著,1,36,36.0
王訓著,1,46,46.0
張欽敬著,1,69,69.0
徐之才著,1,24,24.0
鄧陟著,1,71,71.0
蔡瑰著,1,156,156.0
王言史著,1,120,120.0
劉廓著,1,46,46.0
何敬著,1,64,64.0
朱晦著,1,36,36.0
唐溫如著,1,36,36.0
唐堯客著,1,184,184.0
李倫著,1,44,44.0
沈麟著,1,48,48.0
李逸著,1,48,48.0
潘佐著,1,24,24.0
賈宗著,1,72,72.0
歐陽賓著,1,34,34.0
王約著,1,72,72.0
郭求著,1,72,72.0
鄭師貞著,1,72,72.0
林珝著,1,48,48.0
趙鐸著,1,96,96.0
楊彝著,1,48,48.0
裴瑤著,1,36,36.0
蔡文恭著,1,72,72.0
張軫著,1,48,48.0
鄭德玄著,1,48,48.0
鄭玉著,1,32,32.0
麻溫其著,1,64,64.0
韋鎰著,1,120,120.0
潘圖著,1,24,24.0
林琨著,1,66,66.0
黃文著,1,60,60.0
衛葉著,1,48,48.0
姚偓著,1,46,46.0
李歸唐著,1,34,34.0
盧鉟著,1,62,62.0
潘雍著,1,36,36.0
梁陟著,1,48,48.0
方愚著,1,34,34.0
朱延著,1,48,48.0
夏侯子雲著,1,22,22.0
滕潛著,1,72,72.0
令狐挺著,1,36,36.0
柳明獻著,1,24,24.0
魏巒著,1,24,24.0
顧甄遠著,1,324,324.0
王揆著,1,158,158.0
李季華著,1,24,24.0
韋道遜著,1,46,46.0
王玄著,1,22,22.0
趙起著,1,48,48.0
寇埴著,1,48,48.0
馮渚著,1,104,104.0
錢戭著,1,48,48.0
李澣著,1,24,24.0
孫咸著,1,64,64.0
王夢周著,1,36,36.0
慕容韋著,1,24,24.0
盧子發著,1,34,34.0
沈徽著,1,144,144.0
陶拱著,1,72,72.0
張南容著,1,100,100.0
殷益著,1,46,46.0
熊曜著,1,110,110.0
歐陽瑾著,1,46,46.0
嚴郭著,1,64,64.0
謝太虛著,1,96,96.0
曹修古著,1,22,22.0
魏兼恕著,1,48,48.0
楊逵著,1,48,48.0
王邵著,1,48,48.0
李得著,1,48,48.0
徐謙著,1,48,48.0
馮道之著,1,69,69.0
徐介著,1,48,48.0
劉gL著,1,48,48.0
李聰著,1,31,31.0
楊持著,1,24,24.0
趙湘著,1,48,48.0
張懷著,1,64,64.0
楊行敏著,1,72,72.0
範夜著,1,22,22.0
方棫著,1,22,22.0
王景中著,1,72,72.0
鄧倚著,1,66,66.0
湯洙著,1,69,69.0
李建樞著,1,32,32.0
張複元著,1,72,72.0
吳秘著,1,72,72.0
唐堯臣著,1,215,215.0
吳英秀著,1,32,32.0
朱華著,1,72,72.0
戴察著,1,72,72.0
張保嗣著,1,36,36.0
豆盧回著,1,181,181.0
孫顧著,1,72,72.0
權徹著,1,86,86.0
郭汭著,1,72,72.0
徐玄之著,1,74,74.0
吳燭著,1,34,34.0
張敬徽著,1,46,46.0
邢象玉著,1,88,88.0
戴休珽著,1,88,88.0
陳璀著,1,72,72.0
顏胄著,1,188,188.0
林璠著,1,48,48.0
裴杞著,1,72,72.0
衛光一著,1,46,46.0
李謹言著,1,72,72.0
張子明著,1,60,60.0
柳曾著,1,163,163.0
鄭嚴著,1,48,48.0
陳凝著,1,42,42.0
陳祜著,1,72,72.0
王瓚著,1,120,120.0
理瑩著,1,120,120.0
徐元鼎著,1,72,72.0
安邑坊女著,1,23,23.0
原陵老翁著,1,245,245.0
長須國駙馬著,1,26,26.0
張守中著,1,30,30.0
穠華著,1,15,15.0
無名女鬼著,1,24,24.0
劉氏亡婦著,1,72,72.0
魏朋妻著,1,69,69.0
金車美人著,1,200,200.0
宮嬪著,1,136,136.0
蘇檢著,1,36,36.0
蘇檢妻著,1,24,24.0
韋檢亡姬著,1,34,34.0
湘中女子著,1,24,24.0
柳藏經著,1,48,48.0
陳宮妃嬪著,1,144,144.0
沙磧女子著,1,36,36.0
蕭曠著,1,36,36.0
織綃女著,1,36,36.0
甄後著,1,36,36.0
密陀僧著,1,24,24.0
客戶裏女子著,1,34,34.0
王麗真著,1,64,64.0
李助著,1,23,23.0
王氏婦著,1,174,174.0
臨淄縣主著,1,558,558.0
孔氏著,1,72,72.0
李微著,1,60,60.0
鐵銚著,1,36,36.0
朱均著,1,110,110.0
漳郡守著,1,36,36.0
省吏著,1,24,24.0
長孫無忌著,1,24,24.0
李旦著,1,19,19.0
李淵著,1,24,24.0
曾崇范妻著,1,13,13.0
胥偃著,1,13,13.0
任玠著,1,18,18.0
周延翰著,1,10,10.0
病狂人著,1,52,52.0
張氏女著,1,36,36.0
張生妻著,1,147,147.0
白氏著,1,26,26.0
張生著,1,46,46.0
破笛著,1,36,36.0
盧絳著,1,84,84.0
國邵南著,1,24,24.0
郭仁表著,1,38,38.0
劉景複著,1,248,248.0
盧獻卿著,1,23,23.0
石季武著,1,23,23.0
邢鳳著,1,36,36.0
李豫著,1,18,18.0
李亨著,1,19,19.0
孫長史女著,1,96,96.0
少年著,1,24,24.0
禿帚著,1,36,36.0
夷陵女郎著,1,127,127.0
崔常侍著,1,36,36.0
裴玄智著,1,24,24.0
冥吏著,1,21,21.0
河湄鬼著,1,23,23.0
巴峽鬼著,1,22,22.0
釋明解著,1,48,48.0
慕容垂著,1,24,24.0
吳興神女著,1,24,24.0
黃陵美人著,1,36,36.0
廣利王女著,1,72,72.0
瀵水神著,1,13,13.0
太白山神著,1,21,21.0
輔國將軍著,1,45,45.0
李序著,1,23,23.0
水府君著,1,180,180.0
龍護老人著,1,38,38.0
李叔霽著,1,23,23.0
洞庭龍君著,1,212,212.0
妙女著,1,14,14.0
楊損著,1,34,34.0
桃花夫人著,1,36,36.0
毛女正美著,1,60,60.0
王氏女著,1,36,36.0
吳彩鸞著,1,30,30.0
觀梅女仙著,1,32,32.0
青童著,1,36,36.0
慈恩院女仙著,1,72,72.0
吳清妻著,1,170,170.0
南溟夫人著,1,36,36.0
介胄鬼著,1,64,64.0
竇裕著,1,24,24.0
張仁寶著,1,36,36.0
石恪著,1,64,64.0
峽中白衣著,1,34,34.0
任彥思家鬼著,1,23,23.0
崇聖寺鬼著,1,64,64.0
塚中人著,1,33,33.0
商山客死生著,1,66,66.0
徐侃著,1,38,38.0
巴陵館鬼著,1,34,34.0
隔窗鬼著,1,36,36.0
長安中鬼著,1,34,34.0
田達誠宅鬼著,1,30,30.0
九華山白衣著,1,30,30.0
趙z7著,1,23,23.0
甘露寺鬼著,1,103,103.0
書生著,1,34,34.0
鄭適著,1,34,34.0
商山三丈夫著,1,48,48.0
張省躬著,1,24,24.0
蕭微著,1,36,36.0
河中鬼著,1,26,26.0
襄陽舉人著,1,30,30.0
沈青箱著,1,48,48.0
鄭瓊羅著,1,34,34.0
劉溉著,1,34,34.0
尉佗著,1,36,36.0
韓弇著,1,23,23.0
陸憑著,1,23,23.0
選人著,1,24,24.0
竇昉著,1,71,71.0
崔少玄著,1,64,64.0
韋洪著,1,61,61.0
胡傳美著,1,64,64.0
錢信著,1,24,24.0
崔融2著,1,24,24.0
吳黔著,1,44,44.0
吳士矩著,1,36,36.0
暢甫著,1,48,48.0
李夐著,1,144,144.0
公孫杲著,1,48,48.0
林披著,1,38,38.0
鄭露著,1,23,23.0
張紹著,1,414,414.0
馬乂著,1,72,72.0
任要著,1,60,60.0
路應著,1,168,168.0
盧言著,1,24,24.0
崔善為著,1,48,48.0
陳叔達著,1,60,60.0
褚亮著,1,78,78.0
李瀚2著,1,2502,2502.0
張幹著,1,16,16.0
宋元素著,1,36,36.0
趙武建著,1,24,24.0
張翱著,1,18,18.0
伶人著,1,12,12.0
王魯著,1,12,12.0
蕭結著,1,19,19.0
許宏著,1,34,34.0
李縝著,1,168,168.0
杜兼著,1,25,25.0
康駢著,1,56,56.0
王麗真女郎著,1,31,31.0
閩後陳氏著,1,60,60.0
楊貴妃著,1,31,31.0
林楚翹著,1,50,50.0
許岷著,1,124,124.0
劉侍讀著,1,46,46.0
庾傳素著,1,62,62.0
歐陽彬2著,1,46,46.0
鐘輻著,1,101,101.0
張曙2著,1,48,48.0
鄭符著,1,21,21.0
崔懷寶著,1,30,30.0
竇弘餘著,1,56,56.0
戴公懷著,1,168,168.0
裴談著,1,27,27.0
孟昶著,1,62,62.0
李隆基著,1,51,51.0
清豁著,1,34,34.0
馬令著,1,165,165.0
尉遲汾著,1,360,360.0
薛光謙著,1,72,72.0
扈載著,1,44,44.0
郭密之著,1,120,120.0
宇文鼎著,1,23,23.0
崔耿著,1,34,34.0
孟翔著,1,134,134.0
皇甫大夫著,1,48,48.0
李兼著,1,20,20.0
梁寶著,1,73,73.0
黃幡綽著,1,38,38.0
姚嶸著,1,36,36.0
崔立言著,1,36,36.0
徐彥若著,1,14,14.0
孫子多著,1,36,36.0
鄭光業著,1,20,20.0
朱澤著,1,36,36.0
嚴震著,1,46,46.0
孔顒著,1,36,36.0
賀遂涉著,1,24,24.0
高亭著,1,18,18.0
史思明著,1,22,22.0
張懷慶著,1,36,36.0
石惠泰著,1,24,24.0
柳逢著,1,23,23.0
邵景著,1,30,30.0
韋鏗著,1,34,34.0
麹崇裕著,1,24,24.0
封抱一著,1,22,22.0
吳人著,1,22,22.0
中宗朝優人著,1,30,30.0
楊廷玉著,1,31,31.0
陸子著,1,22,22.0
梁載言著,1,48,48.0
石抱忠著,1,56,56.0
李榮著,1,24,24.0
釋元康著,1,33,33.0
李日新著,1,34,34.0
黎瓘著,1,36,36.0
僧法軌著,1,33,33.0
歸氏子著,1,36,36.0
何承裕著,1,18,18.0
陳嶠著,1,18,18.0
羅穎著,1,18,18.0
商則著,1,14,14.0
蔡押衙著,1,16,16.0
包賀著,1,46,46.0
蘇芸著,1,14,14.0
周顓著,1,34,34.0
座客著,1,34,34.0
楊鸞著,1,32,32.0
李晝著,1,36,36.0
張魯封著,1,36,36.0
李和風著,1,36,36.0
陸岩夢著,1,64,64.0
閻敬愛著,1,36,36.0
甘洽著,1,44,44.0
劉炎著,1,18,18.0
太守著,1,24,24.0
李令著,1,32,32.0
郫城令著,1,34,34.0
楊苧蘿著,1,24,24.0
馮暉著,1,14,14.0
李花開著,1,24,24.0
馮道幕客著,1,36,36.0
荊人著,1,24,24.0
李都著,1,64,64.0
戚逍遙著,1,30,30.0
張雲容著,1,144,144.0
呂炅著,1,72,72.0
七歲女子著,1,22,22.0
慎氏著,1,34,34.0
侯氏著,1,64,64.0
張立本女著,1,30,30.0
薛媛著,1,48,48.0
陳玉蘭著,1,32,32.0
崔氏著,1,32,32.0
楊德麟著,1,24,24.0
裴淑著,1,46,46.0
王氏著,1,34,34.0
郭紹蘭著,1,22,22.0
趙氏1著,1,176,176.0
林氏著,1,96,96.0
喬氏著,1,23,23.0
任氏著,1,82,82.0
魏氏著,1,188,188.0
楊容華著,1,46,46.0
寶曆宮人著,1,11,11.0
金真德著,1,115,115.0
李玉簫著,1,32,32.0
僖宗宮人著,1,23,23.0
宣宗宮人著,1,23,23.0
德宗宮人著,1,24,24.0
開元宮人著,1,46,46.0
武后宮人著,1,46,46.0
安守範著,1,67,67.0
李景儉著,1,66,66.0
薛瑤著,1,28,28.0
蔣氏著,1,24,24.0
華山老人著,1,32,32.0
葛氏女著,1,34,34.0
楚兒著,1,64,64.0
襄陽妓著,1,36,36.0
舞柘枝女著,1,36,36.0
武昌妓著,1,36,36.0
太原妓著,1,36,36.0
劉采春著,1,144,144.0
曹文姬著,1,15,15.0
誰氏女著,1,36,36.0
若耶溪女子著,1,36,36.0
湘驛女子著,1,24,24.0
京兆女子著,1,36,36.0
李主簿姬著,1,32,32.0
劉氏婦著,1,68,68.0
周仲美著,1,78,78.0
劉元載妻著,1,32,32.0
長孫佐轉妻著,1,88,88.0
趙虛舟著,1,32,32.0
薛瓊著,1,23,23.0
劉淑柔著,1,48,48.0
裴羽仙著,1,72,72.0
嚴續姬著,1,32,32.0
崔素娥著,1,36,36.0
趙氏3著,1,60,60.0
崔紫雲著,1,36,36.0
紅綃妓著,1,34,34.0
程洛賓著,1,36,36.0
終南山翁著,1,32,32.0
衡州舟子著,1,30,30.0
顏令賓著,1,24,24.0
李胄著,1,72,72.0
沈鵬著,1,69,69.0
顧偉著,1,72,72.0
盧征著,1,72,72.0
徐仁嗣著,1,72,72.0
王若岩著,1,72,72.0
濮陽瓘著,1,69,69.0
張何著,1,66,66.0
張公乂著,1,72,72.0
鄭袞著,1,72,72.0
萬俟造著,1,72,72.0
宋迪著,1,72,72.0
鄭述誠著,1,72,72.0
李子昂著,1,96,96.0
張元正著,1,72,72.0
孟匡明著,1,72,72.0
袁求賢著,1,72,72.0
鄭昉著,1,96,96.0
孟翱著,1,72,72.0
吳叔達著,1,72,72.0
鄭馥著,1,96,96.0
崔宗著,1,72,72.0
裴大章著,1,72,72.0
葉元良著,1,72,72.0
石倚著,1,72,72.0
王卓著,1,96,96.0
劉公興著,1,72,72.0
薛少殷著,1,72,72.0
辛學士著,1,24,24.0
驪山遊人著,1,36,36.0
懿宗朝舉子著,1,134,134.0
天嶠遊人著,1,36,36.0
建業蔔者著,1,36,36.0
吏部選人著,1,24,24.0
江陵士子著,1,62,62.0
崔公佐客著,1,36,36.0
同穀子著,1,180,180.0
婺州山中人著,1,21,21.0
黃山隱著,1,46,46.0
太上隱者著,1,22,22.0
西鄙人著,1,23,23.0
唐末朝士著,1,36,36.0
白衫舉子著,1,30,30.0
元和舉子著,1,36,36.0
鄭僕射著,1,24,24.0
貞元文士著,1,36,36.0
洪州將軍著,1,36,36.0
僖宗北省官著,1,32,32.0
天寶時人著,1,36,36.0
神龍從臣著,1,36,36.0
景龍文館士著,1,36,36.0
京兆韋氏子著,1,34,34.0
繆氏子著,1,34,34.0
曹生著,1,36,36.0
吳公著,1,22,22.0
梁補闕著,1,36,36.0
鄭中丞著,1,24,24.0
王蘇蘇著,1,34,34.0
平康妓著,1,36,36.0
陳蓬著,1,11,11.0
吳子來著,1,84,84.0
侯道華著,1,69,69.0
欒清著,1,24,24.0
趙惠宗著,1,86,86.0
李遐周著,1,22,22.0
申歡著,1,24,24.0
成真人著,1,22,22.0
張果著,1,64,64.0
葉法善著,1,132,132.0
孫思邈著,1,163,163.0
魚又玄著,1,87,87.0
彭曉著,1,128,128.0
虞有賢著,1,87,87.0
範堯佐著,1,59,59.0
樊夫人著,1,34,34.0
李升著,1,36,36.0
軒轅彌明著,1,64,64.0
裴翛然著,1,24,24.0
司馬退之著,1,100,100.0
張氳著,1,72,72.0
司馬承禎著,1,64,64.0
荊州僧著,1,6,6.0
靈准著,1,11,11.0
志定著,1,30,30.0
玄幽著,1,15,15.0
雲容著,1,6,6.0
知業著,1,15,15.0
裴航著,1,36,36.0
陸禹臣著,1,23,23.0
淡然著,1,11,11.0
蜀酒閣道人著,1,30,30.0
鄭冠卿著,1,15,15.0
陳複休著,1,15,15.0
曲龍山仙著,1,136,136.0
鄰道場人著,1,34,34.0
太白山玄士著,1,34,34.0
太乙真君著,1,36,36.0
青城丈人著,1,36,36.0
許大著,1,34,34.0
樵夫著,1,24,24.0
成都醉道士著,1,180,180.0
萼嶺書生著,1,36,36.0
章江書生著,1,30,30.0
黃冠野夫著,1,48,48.0
李真著,1,32,32.0
廣陵道士著,1,22,22.0
隱者著,1,36,36.0
希道著,1,76,76.0
嵩岳諸仙著,1,477,477.0
春台仙著,1,138,138.0
清遠道士著,1,144,144.0
藍采和著,1,68,68.0
徐釣者著,1,32,32.0
李浩著,1,144,144.0
趙自然著,1,21,21.0
段穀著,1,42,42.0
吳涵虛著,1,62,62.0
庭實著,1,11,11.0
契盈著,1,15,15.0
盛小叢著,1,36,36.0
羅炯著,1,64,64.0
大愚著,1,48,48.0
泠然著,1,64,64.0
雲表著,1,34,34.0
耽章著,1,36,36.0
文秀著,1,32,32.0
常達著,1,384,384.0
良乂著,1,34,34.0
智亮著,1,72,72.0
韜光著,1,64,64.0
含曦著,1,52,52.0
龐蘊著,1,228,228.0
金地藏著,1,64,64.0
寶月著,1,95,95.0
恒超著,1,48,48.0
中寤著,1,64,64.0
道會著,1,24,24.0
利涉著,1,36,36.0
僧鳳著,1,48,48.0
辨才著,1,48,48.0
道恭著,1,48,48.0
海順著,1,233,233.0
豐幹著,1,144,144.0
拾得著,1,2276,2276.0
海印著,1,48,48.0
韓襄客著,1,15,15.0
蓮花妓著,1,36,36.0
懷浚著,1,72,72.0
淨顯著,1,50,50.0
悟清著,1,11,11.0
滄浩著,1,46,46.0
元礎著,1,23,23.0
爾鳥著,1,15,15.0
可隆著,1,11,11.0
神迥著,1,11,11.0
唐末僧著,1,23,23.0
吳越僧著,1,384,384.0
南唐失名僧著,1,21,21.0
無名釋著,1,32,32.0
水心寺僧著,1,24,24.0
慈恩寺沙門著,1,48,48.0
文鑒著,1,36,36.0
若水著,1,48,48.0
常雅著,1,36,36.0
修雅著,1,601,601.0
法輪著,1,115,115.0
釋彪著,1,44,44.0
玄寶著,1,42,42.0
尚志著,1,48,48.0
智遠著,1,44,44.0
隱求著,1,24,24.0
曇翼著,1,55,55.0
清尚著,1,44,44.0
無作著,1,24,24.0
謙光著,1,48,48.0
文益著,1,48,48.0
元寂著,1,23,23.0
韓雄著,1,48,48.0
李潛著,1,64,64.0
殷陶著,1,64,64.0
於經野著,1,48,48.0
源光裕著,1,40,40.0
李恒著,1,48,48.0
張景源著,1,48,48.0
周利用著,1,48,48.0
李從遠著,1,48,48.0
孫佺著,1,48,48.0
樊忱著,1,48,48.0
麹瞻著,1,48,48.0
畢幹泰著,1,48,48.0
王景著,1,48,48.0
辛替否著,1,48,48.0
李咸著,1,48,48.0
韋抗著,1,72,72.0
鄭南金著,1,48,48.0
陸景初著,1,48,48.0
竇希玠著,1,48,48.0
吳兢著,1,96,96.0
寇泚著,1,69,69.0
洪子輿著,1,92,92.0
李如璧著,1,153,153.0
李澄之著,1,48,48.0
元希聲著,1,312,312.0
郭利貞著,1,44,44.0
李行言著,1,72,72.0
劉升著,1,72,72.0
李暠著,1,72,72.0
鄭蜀賓著,1,23,23.0
徐仁友著,1,48,48.0
吳鞏著,1,46,46.0
梁升卿著,1,72,72.0
張漸著,1,115,115.0
元載著,1,36,36.0
厙狄履溫著,1,120,120.0
崔珪著,1,46,46.0
史青著,1,48,48.0
蔡希周著,1,64,64.0
盧崇道著,1,72,72.0
康庭芝著,1,44,44.0
蘇綰著,1,48,48.0
孫翃著,1,48,48.0
程行諶著,1,72,72.0
崔頌著,1,48,48.0
劉晃著,1,40,40.0
韓思複著,1,40,40.0
徐知仁著,1,120,120.0
崔禹錫著,1,120,120.0
房管著,1,120,120.0
崔尚著,1,72,72.0
崔沔著,1,72,72.0
宇文融著,1,96,96.0
裴光庭著,1,96,96.0
褚琇著,1,72,72.0
宋務光著,1,184,184.0
呂太一著,1,24,24.0
馮少吉著,1,36,36.0
邵升著,1,64,64.0
史俊著,1,110,110.0
姜皎著,1,62,62.0
薑晞著,1,62,62.0
劉友賢著,1,48,48.0
郎餘令著,1,48,48.0
高紹著,1,48,48.0
徐皓著,1,48,48.0
王茂時著,1,48,48.0
周彥昭著,1,48,48.0
席元明著,1,56,56.0
唐遠悊著,1,48,48.0
蔣挺著,1,40,40.0
喬侃著,1,62,62.0
何鸞著,1,40,40.0
崔玄童著,1,40,40.0
李夔著,1,48,48.0
田遊岩著,1,72,72.0
辛常伯著,1,455,455.0
邵大震著,1,36,36.0
王勔著,1,48,48.0
崔滌著,1,36,36.0
狄仁傑著,1,64,64.0
賀敱著,1,110,110.0
薛昚惑著,1,48,48.0
楊敬述著,1,64,64.0
張垍著,1,48,48.0
房融著,1,48,48.0
楊重玄著,1,24,24.0
張楚金著,1,70,70.0
鄭遂初著,1,46,46.0
王紹宗著,1,36,36.0
司馬逸客著,1,350,350.0
牛鳳及著,1,62,62.0
王易從著,1,46,46.0
章玄同著,1,24,24.0
劉幽求著,1,22,22.0
袁恕己著,1,46,46.0
王晙著,1,40,40.0
朱使欣著,1,48,48.0
李伯魚著,1,48,48.0
魏奉古著,1,120,120.0
梁知微著,1,96,96.0
王熊著,1,96,96.0
陰行先著,1,48,48.0
丘悅著,1,36,36.0
鄭善玉著,1,40,40.0
張齊賢著,1,40,40.0
胡雄著,1,36,36.0
劉知幾著,1,48,48.0
祝欽明著,1,40,40.0
閭丘均著,1,69,69.0
富嘉謨著,1,168,168.0
裴士淹著,1,34,34.0
李元操著,1,96,96.0
顧朝陽著,1,46,46.0
苗晉卿著,1,96,96.0
魏萬著,1,288,288.0
于逖著,1,82,82.0
於逖著,1,92,92.0
李峰著,1,48,48.0
陳孫著,1,48,48.0
張偁著,1,36,36.0
段懷然著,1,36,36.0
元友讓著,1,72,72.0
蕭華著,1,96,96.0
趙居貞著,1,190,190.0
賈躭著,1,90,90.0
崔敏童著,1,36,36.0
崔成甫著,1,36,36.0
崔惠童著,1,36,36.0
鄒象先著,1,24,24.0
宋華著,1,220,220.0
息夫牧著,1,108,108.0
沈東美著,1,144,144.0
田澄著,1,48,48.0
韋濟著,1,48,48.0
鄭虔著,1,22,22.0
滕珦著,1,72,72.0
袁邕著,1,38,38.0
蘇著,1,37,37.0
崔宗之著,1,182,182.0
郭受著,1,64,64.0
陶峴著,1,64,64.0
楊郇伯著,1,64,64.0
王濯著,1,72,72.0
鄭轅著,1,72,72.0
韓浚著,1,72,72.0
史延著,1,72,72.0
張莒著,1,72,72.0
張惟儉著,1,72,72.0
李竦著,1,72,72.0
崔琮著,1,72,72.0
朱宿著,1,96,96.0
鄭昈著,1,44,44.0
杜誦著,1,48,48.0
房孺複著,1,64,64.0
竇蒙著,1,69,69.0
鄭孺華著,1,72,72.0
於結著,1,71,71.0
綦毋誠著,1,48,48.0
呂牧著,1,72,72.0
張叔良著,1,72,72.0
潘炎著,1,96,96.0
王鋌著,1,64,64.0
韋元甫著,1,256,256.0
李陽冰著,1,24,24.0
古之奇著,1,69,69.0
王綽著,1,72,72.0
李岑1著,1,38,38.0
高傪著,1,38,38.0
敬括著,1,72,72.0
喬琳著,1,64,64.0
梁德裕著,1,120,120.0
朱斌著,1,22,22.0
鄭紹著,1,46,46.0
梁洽著,1,46,46.0
荊冬倩著,1,48,48.0
程彌綸著,1,51,51.0
王喬著,1,36,36.0
郭向著,1,24,24.0
黃麟著,1,48,48.0
杜儼著,1,34,34.0
柳渾著,1,32,32.0
孟彥深著,1,72,72.0
李曄2著,1,72,72.0
楊志堅著,1,60,60.0
庾光先著,1,64,64.0
閭丘曉著,1,46,46.0
張抃著,1,64,64.0
周萬著,1,48,48.0
王嶽靈著,1,66,66.0
楊顏著,1,44,44.0
崔亙著,1,44,44.0
趙驊著,1,48,48.0
苑鹹著,1,62,62.0
苑咸著,1,48,48.0
常非月著,1,48,48.0
張良璞著,1,88,88.0
孫欣著,1,48,48.0
王羨門著,1,48,48.0
王迥著,1,46,46.0
李穆著,1,36,36.0
鄒紹先著,1,36,36.0
李峴著,1,32,32.0
鄔載著,1,120,120.0
殷少野著,1,48,48.0
鄭愕著,1,48,48.0
姚發著,1,48,48.0
劉太沖著,1,48,48.0
元晟著,1,48,48.0
房白著,1,48,48.0
長孫鑄著,1,48,48.0
劉舟著,1,48,48.0
賈邕著,1,48,48.0
許瑤著,1,36,36.0
朱逵著,1,156,156.0
魯收著,1,184,184.0
竇冀著,1,247,247.0
王zr著,1,221,221.0
魏璀著,1,72,72.0
莊若訥著,1,72,72.0
李清著,1,36,36.0
楊賁著,1,44,44.0
李福業著,1,24,24.0
鄭惟忠著,1,24,24.0
許圉師著,1,24,24.0
張易之,1,70,70.0
鄭渥,1,14,14.0
于武陵,1,40,40.0
鮑氏君徽,1,60,60.0
崔融,1,40,40.0
余延壽,1,80,80.0
張九齡,1,40,40.0
歐陽瑾,1,40,40.0
韋承慶,1,40,40.0
劉憲,1,40,40.0
劉濟,1,80,80.0
王之渙,1,28,28.0
陳子昂,1,60,60.0
紀唐夫,1,14,14.0
賈馳,1,30,30.0
于濆,1,50,50.0
張循之,1,40,40.0
張昭,1,32,32.0
張袞,1,32,32.0
趙光逢,1,160,160.0
裴度,1,32,32.0
孟簡,1,32,32.0
李逢吉,1,32,32.0
杜羔,1,32,32.0
歸登,1,32,32.0
秦韜玉,1,56,56.0
劉昚虛,1,40,40.0
裴交泰,1,28,28.0
程氏長文,1,40,40.0
吳少微,1,60,60.0
雍陶,1,80,80.0
姚氏月華,1,56,56.0
劉義,1,40,40.0
劉元濟,1,40,40.0
張汯,1,28,28.0
薛奇童,1,80,80.0
子蘭,1,60,60.0
杜頠,1,180,180.0
厲玄,1,90,90.0
陶翰,1,14,14.0
朱放,1,20,20.0
丁仙芝,1,40,40.0
朱光弼,1,28,28.0
吳燭,1,40,40.0
歐陽詹,1,30,30.0
張氏琰,1,28,28.0
鄭愔,1,60,60.0
陳昭,1,40,40.0
東方虯,1,40,40.0
顧朝陽,1,40,40.0
梁獻,1,40,40.0
李彥暐,1,100,100.0
常建,1,90,90.0
馮伉,1,32,32.0
陳京,1,32,32.0
許孟容,1,32,32.0
蕭妃,1,30,30.0
韓休,1,28,28.0
劉晃,1,32,32.0
盧從願,1,32,32.0
韓思複,1,40,40.0
王繼鵬,1,28,28.0
孟昶,1,14,14.0
錢俶,1,14,14.0
李建,1,14,14.0
李從謙,1,40,40.0
李從善,1,179,179.0
李昪,1,28,28.0
宋若憲,1,60,60.0
祝欽明,1,32,32.0
宋若昭,1,60,60.0
宋若華,1,28,28.0
宜芬公主,1,40,40.0
李禕,1,79,79.0
李貞,1,50,50.0
李元嘉,1,70,70.0
江妃,1,28,28.0
楊玉環,1,28,28.0
長孫氏,1,14,14.0
李曄1,1,14,14.0
李旦,1,55,55.0
王晙,1,32,32.0
崔玄童,1,32,32.0
賈曾,1,32,32.0
何鸞,1,32,32.0
員半千,1,40,40.0
劉子玄,1,40,40.0
胡雄,1,40,40.0
薛稷,1,32,32.0
鄭善玉,1,32,32.0
張齊賢,1,32,32.0
丘說,1,32,32.0
蕭仿,1,32,32.0
夏侯孜,1,28,28.0
李回,1,16,16.0
牛僧孺,1,96,96.0
段文昌,1,32,32.0
鄭絪,1,32,32.0
鄭餘慶,1,32,32.0
劉晏,1,32,32.0
裴璀,1,32,32.0
薑晞,1,32,32.0
崔日用,1,32,32.0
姜皎,1,32,32.0
盧懷慎,1,40,40.0
蔡孚,1,32,32.0
姚崇,1,32,32.0
蔣挺,1,40,40.0
張修之,1,40,40.0
劉阜,1,28,28.0
許天正著,1,86,86.0
趙彥昭,1,28,28.0
沈叔安,1,14,14.0
楊續,1,60,60.0
褚遂良,1,60,60.0
劉洎,1,60,60.0
封行高,1,40,40.0
令狐德棻,1,40,40.0
于志寧,1,40,40.0
顏師古,1,40,40.0
陳陶,1,56,56.0
高駢,1,40,40.0
薛維翰,1,30,30.0
元結,1,116,116.0
趙中虛,1,80,80.0
崔液,1,100,100.0
吉中孚妻,1,20,20.0
滕潛,1,28,28.0
和凝,1,84,84.0
牛嶠,1,140,140.0
孫魴,1,140,140.0
韓琮,1,28,28.0
盧貞,1,28,28.0
李景伯,1,28,28.0
吳融,1,28,28.0
陸長源,1,20,20.0
何仲宣,1,14,14.0
楊浚,1,40,40.0
李華,1,40,40.0
郭正一著,1,48,48.0
劉懷一著,1,72,72.0
魏求己著,1,48,48.0
韓思彥著,1,72,72.0
賀遂亮著,1,72,72.0
徐珩著,1,48,48.0
薛克構著,1,62,62.0
蕭楚材著,1,62,62.0
鄭義真著,1,62,62.0
王德真著,1,62,62.0
裴守真著,1,144,144.0
胡元范著,1,144,144.0
張大安著,1,48,48.0
蕭德言,1,20,20.0
閻立本,1,34,34.0
歐陽詢,1,40,40.0
蕭翼,1,40,40.0
薛元超,1,70,70.0
來濟,1,20,20.0
毛明素,1,20,20.0
張文收,1,20,20.0
朱子奢,1,40,40.0
朱仲晦,1,120,120.0
杜之松,1,40,40.0
蔡允恭,1,40,40.0
權德輿,1,14,14.0
李章,1,20,20.0
李嘉佑,1,28,28.0
張柬之,1,40,40.0
閻朝隱,1,34,34.0
司空圖,1,40,40.0
司空曙,1,40,40.0
楊淩,1,28,28.0
梁氏瓊,1,40,40.0
崔塗,1,40,40.0
郎士元,1,60,60.0
鄒紹先,1,30,30.0
楊衡,1,20,20.0
賀知章,1,28,28.0
孟浩然,1,40,40.0
張若虛,1,42,42.0
田娥,1,20,20.0
張子容,1,60,60.0
薛耀,1,20,20.0
柯崇,1,56,56.0
王諲,1,40,40.0
王沈,1,28,28.0
張烜,1,40,40.0
嚴識玄,1,40,40.0
劉氏媛,1,56,56.0
鄭穀,1,56,56.0
高蟾,1,42,42.0
齊浣,1,40,40.0
李希仲,1,80,80.0
武平一,1,120,120.0
盧弼,1,14,14.0
王貞白,1,40,40.0
王訓,1,40,40.0
萬楚,1,70,70.0
張潮,1,120,120.0
趙微明,1,40,40.0
張彪,1,40,40.0
姚系,1,40,40.0
常理,1,60,60.0
王縉,1,40,40.0
賀蘭進明,1,56,56.0
張紘,1,15,15.0
張繼,1,20,20.0
雍裕之,1,20,20.0
盧仝,1,80,80.0
李康成,1,20,20.0
辛弘智,1,20,20.0
張熾,1,18,18.0
賈島,1,20,20.0
鄭錫,1,40,40.0
李廓,1,400,400.0
李嶷,1,90,90.0
虞羽客,1,100,100.0
獨孤及,1,160,160.0
王轂,1,14,14.0
獨孤綬著,1,72,72.0
仲子陵著,1,66,66.0
周徹著,1,72,72.0
李嶼著,1,115,115.0
王希羽著,1,36,36.0
裴皞著,1,36,36.0
陳乘著,1,48,48.0
唐廩著,1,62,62.0
林嵩著,1,64,64.0
張曙1著,1,36,36.0
汪極著,1,48,48.0
裴贄著,1,62,62.0
狄歸昌著,1,36,36.0
姚岩傑著,1,62,62.0
韓儀著,1,36,36.0
盧尚卿著,1,62,62.0
劉崇龜著,1,34,34.0
程賀著,1,32,32.0
李克恭著,1,62,62.0
鄭合著,1,36,36.0
盧嗣業著,1,48,48.0
許三畏著,1,64,64.0
李廷璧著,1,60,60.0
盧攜著,1,24,24.0
羊昭業著,1,64,64.0
魏樸著,1,100,100.0
崔璐著,1,134,134.0
陳黯著,1,24,24.0
柯崇著,1,72,72.0
劉崇魯著,1,34,34.0
南詔驃信著,1,72,72.0
李縞著,1,36,36.0
王越賓著,1,36,36.0
杜常著,1,34,34.0
張直著,1,134,134.0
荊浩著,1,48,48.0
周鏞著,1,64,64.0
馬冉著,1,23,23.0
張迥1著,1,44,44.0
蔣肱著,1,64,64.0
蕭項著,1,64,64.0
高衢著,1,36,36.0
張綺著,1,36,36.0
王碩著,1,36,36.0
孫定著,1,62,62.0
李昌鄴著,1,36,36.0
韋冰著,1,36,36.0
王滌著,1,36,36.0
王祝著,1,36,36.0
劉谷著,1,36,36.0
陸貞洞著,1,36,36.0
周祚著,1,32,32.0
胡駢著,1,64,64.0
崔庸著,1,24,24.0
李旭著,1,64,64.0
薛准著,1,34,34.0
孫蜀著,1,36,36.0
顧封人著,1,72,72.0
李拯著,1,36,36.0
蕭縝著,1,36,36.0
劉暌著,1,64,64.0
王嚴著,1,48,48.0
于瑰著,1,96,96.0
李鄴著,1,48,48.0
薛蒙著,1,48,48.0
田章著,1,48,48.0
李汶儒著,1,48,48.0
李續著,1,48,48.0
李朋著,1,48,48.0
趙牧著,1,130,130.0
盧順之著,1,64,64.0
李明遠著,1,48,48.0
王鐐著,1,22,22.0
崔元範著,1,36,36.0
李訥著,1,36,36.0
南卓著,1,34,34.0
李質著,1,48,48.0
劉皋著,1,46,46.0
鄭顥著,1,120,120.0
魏謨著,1,24,24.0
夏侯孜著,1,40,40.0
令狐綯著,1,36,36.0
潘唐著,1,64,64.0
張良器著,1,96,96.0
李渥著,1,64,64.0
劉璐著,1,48,48.0
盧栯著,1,48,48.0
李體仁著,1,72,72.0
盧駢著,1,24,24.0
裴澈著,1,36,36.0
張演著,1,36,36.0
孫緯著,1,48,48.0
鄭洪業著,1,71,71.0
韋承貽著,1,100,100.0
伊璠著,1,64,64.0
牛征著,1,48,48.0
張叢著,1,48,48.0
李嶸著,1,36,36.0
陳琡著,1,34,34.0
劉損著,1,192,192.0
裴鉶著,1,64,64.0
崔安潛著,1,34,34.0
鄭嵎著,1,1535,1535.0
柳珪著,1,64,64.0
郭夔著,1,62,62.0
李節著,1,131,131.0
封彥卿著,1,36,36.0
崔澹著,1,36,36.0
陸肱著,1,42,42.0
盧鄴著,1,36,36.0
王傳著,1,64,64.0
王良會著,1,48,48.0
趙叔達著,1,48,48.0
盧嗣立著,1,64,64.0
張昭著,1,124,124.0
油蔚著,1,64,64.0
安錡著,1,48,48.0
陸弘休著,1,64,64.0
吳圓著,1,34,34.0
李曜著,1,34,34.0
韓嶼著,1,63,63.0
李祜著,1,36,36.0
武翊黃著,1,72,72.0
張震著,1,48,48.0
何象著,1,24,24.0
嚴識玄著,1,46,46.0
劉山甫著,1,36,36.0
曾麻幾著,1,32,32.0
夏鴻著,1,64,64.0
王繼勳著,1,64,64.0
沈韜文著,1,27,27.0
杜建徽著,1,22,22.0
梁震著,1,36,36.0
路洵美著,1,44,44.0
劉章著,1,62,62.0
張觀著,1,64,64.0
丁元和著,1,30,30.0
劉羲叟著,1,36,36.0
劉義度著,1,23,23.0
金昌緒著,1,22,22.0
鄭軌著,1,48,48.0
楊奇鯤著,1,48,48.0
徐安期著,1,32,32.0
張仲謀著,1,34,34.0
秦尚運著,1,36,36.0
李延陵著,1,144,144.0
安鴻漸著,1,36,36.0
李韶著,1,36,36.0
董初著,1,46,46.0
解彥融著,1,110,110.0
何贊著,1,60,60.0
謝陶著,1,44,44.0
朱琳著,1,46,46.0
陳述著,1,38,38.0
徐璧著,1,22,22.0
劉戩著,1,82,82.0
朱絳著,1,34,34.0
顏舒著,1,46,46.0
李習著,1,34,34.0
李何著,1,22,22.0
符子珪著,1,44,44.0
梁獻著,1,46,46.0
張修之著,1,46,46.0
張烜著,1,46,46.0
郭恭著,1,24,24.0
劉夷道著,1,23,23.0
楊齊哲著,1,48,48.0
楊鼎夫著,1,64,64.0
李浩弼著,1,64,64.0
王鍇著,1,64,64.0
鄧洵美著,1,64,64.0
劉坦著,1,36,36.0
楊昭儉著,1,34,34.0
李瀚1著,1,36,36.0
張仁溥著,1,36,36.0
韓昭裔著,1,36,36.0
趙延壽著,1,60,60.0
崔居儉著,1,40,40.0
盧文紀著,1,40,40.0
朱褒著,1,36,36.0
王易簡著,1,36,36.0
李京著,1,48,48.0
王鎔著,1,127,127.0
張格著,1,64,64.0
劉辟著,1,144,144.0
鄭頲著,1,23,23.0
李密著,1,110,110.0
陳璠著,1,34,34.0
朱元著,1,36,36.0
張隱著,1,36,36.0
成輔端著,1,32,32.0
李贊華著,1,24,24.0
王巨仁著,1,34,34.0
長屋著,1,20,20.0
朝衡著,1,72,72.0
韋遵著,1,36,36.0
李征古著,1,24,24.0
李昉著,1,64,64.0
馬致恭著,1,64,64.0
周庠著,1,64,64.0
陳元裕著,1,48,48.0
王沂著,1,48,48.0
喬舜著,1,48,48.0
鐘蒨著,1,48,48.0
謝仲宣著,1,48,48.0
孫峴著,1,48,48.0
陳彥著,1,36,36.0
朱存著,1,32,32.0
韓垂著,1,46,46.0
李詢著,1,36,36.0
梁藻著,1,34,34.0
李羽著,1,36,36.0
何昌齡著,1,36,36.0
韓定辭著,1,34,34.0
馬彧著,1,36,36.0
查文徽著,1,64,64.0
包穎著,1,64,64.0
高越著,1,32,32.0
陳貺著,1,48,48.0
韋鼎著,1,46,46.0
孟賓于著,1,36,36.0
張義方著,1,64,64.0
朱可名著,1,48,48.0
易重著,1,64,64.0
高拯著,1,36,36.0
豆盧榮著,1,72,72.0
陳師穆著,1,72,72.0
李應著,1,72,72.0
庾承宣著,1,72,72.0
陸瀍著,1,48,48.0
崔恭著,1,48,48.0
韓察著,1,48,48.0
張弘靖著,1,48,48.0
夏方慶著,1,72,72.0
陳九流著,1,72,72.0
柳道倫著,1,72,72.0
邵偃著,1,72,72.0
樊陽源著,1,72,72.0
高弁著,1,72,72.0
韋紓著,1,72,72.0
劉遵古著,1,72,72.0
賈棱著,1,72,72.0
楊於陵著,1,72,72.0
車緬著,1,72,72.0
杜羔著,1,40,40.0
李君房著,1,72,72.0
許堯佐著,1,72,72.0
李正辭著,1,72,72.0
陸複禮著,1,72,72.0
王履貞著,1,72,72.0
李季何著,1,72,72.0
李行敏著,1,72,72.0
徐牧著,1,72,72.0
萬彤雲著,1,36,36.0
曹著著,1,72,72.0
李君何著,1,72,72.0
俞簡著,1,72,72.0
胡直鈞著,1,72,72.0
杜元穎著,1,72,72.0
王鑒著,1,72,72.0
吳丹著,1,72,72.0
鄭俞著,1,72,72.0
邵楚萇著,1,64,64.0
封孟紳著,1,72,72.0
王損之著,1,72,72.0
李諒著,1,124,124.0
陳諷著,1,72,72.0
嚴休複著,1,72,72.0
繁知一著,1,36,36.0
張彤著,1,64,64.0
韋式著,1,67,67.0
張渾著,1,92,92.0
盧真著,1,92,92.0
鄭據著,1,92,92.0
劉真著,1,92,92.0
吉皎著,1,92,92.0
胡杲著,1,92,92.0
樊宗師著,1,119,119.0
皇甫鏞著,1,36,36.0
于敖著,1,32,32.0
盧士政著,1,48,48.0
裴逵著,1,72,72.0
郭鄖著,1,64,64.0
陳元初著,1,42,42.0
杜奕著,1,42,42.0
沈仲昌著,1,23,23.0
賈弇著,1,23,23.0
李子卿著,1,72,72.0
于尹躬著,1,72,72.0
崔季卿著,1,36,36.0
夏侯審著,1,36,36.0
吉中孚著,1,72,72.0
沈回著,1,72,72.0
裴達著,1,72,72.0
獨孤實著,1,48,48.0
張季略著,1,72,72.0
崔績著,1,72,72.0
楊系著,1,72,72.0
元友直著,1,72,72.0
丁位著,1,72,72.0
張昔著,1,72,72.0
常沂著,1,72,72.0
張蒙著,1,72,72.0
暢諸著,1,44,44.0
王儲著,1,72,72.0
獨孤授著,1,72,72.0
韋同則著,1,36,36.0
李夷簡著,1,144,144.0
王觀著,1,44,44.0
崔瓘著,1,34,34.0
徐放著,1,48,48.0
張正一著,1,48,48.0
趙宗儒著,1,48,48.0
歸登著,1,40,40.0
張署著,1,64,64.0
袁高著,1,230,230.0
王智興著,1,36,36.0
盧群著,1,64,64.0
陳京著,1,40,40.0
駱浚著,1,36,36.0
何頻瑜著,1,72,72.0
邵真著,1,24,24.0
韋執中著,1,48,48.0
羅珦著,1,64,64.0
高崇文著,1,36,36.0
獨孤良器著,1,72,72.0
謝勮著,1,152,152.0
薛戎著,1,152,152.0
羊滔著,1,151,151.0
李深著,1,152,152.0
范元凱著,1,36,36.0
李彥遠著,1,44,44.0
朱彬著,1,23,23.0
王公亮著,1,69,69.0
獨孤良弼著,1,72,72.0
唐思言著,1,64,64.0
盧求著,1,48,48.0
李損之著,1,72,72.0
李衢著,1,72,72.0
裴思謙著,1,36,36.0
尹璞著,1,36,36.0
鐘輅著,1,72,72.0
李章武著,1,36,36.0
房千里著,1,64,64.0
柴夔著,1,64,64.0
許玫著,1,62,62.0
庾敬休著,1,72,72.0
王彥威著,1,64,64.0
長孫翱著,1,32,32.0
牛叢著,1,36,36.0
楊洵美著,1,72,72.0
李甘著,1,34,34.0
竇洵直著,1,72,72.0
趙存約著,1,72,72.0
孔溫業著,1,72,72.0
崔郾著,1,64,64.0
韋瓘著,1,64,64.0
劉三複著,1,64,64.0
李虞著,1,36,36.0
梁鉉著,1,72,72.0
劉魯風著,1,36,36.0
許瀍著,1,32,32.0
陳上美著,1,64,64.0
裴澄著,1,66,66.0
郭圓著,1,34,34.0
孟守著,1,64,64.0
石貫著,1,64,64.0
丘上卿著,1,64,64.0
張道符著,1,64,64.0
崔軒著,1,64,64.0
樊驤著,1,64,64.0
裴翻著,1,64,64.0
劉耕著,1,64,64.0
孟球著,1,64,64.0
高退之著,1,64,64.0
路貫著,1,64,64.0
薛宜僚著,1,72,72.0
楊鴻著,1,36,36.0
劉莊物著,1,69,69.0
張鷺著,1,69,69.0
錢可複著,1,69,69.0
王樞著,1,36,36.0
彭蟾著,1,64,64.0
殷潛之著,1,168,168.0
嚴惲著,1,32,32.0
曹汾著,1,64,64.0
邢群著,1,64,64.0
馮涯著,1,72,72.0
崔元略著,1,64,64.0
崔郊著,1,34,34.0
焦鬱著,1,98,98.0
焦郁著,1,72,72.0
先汪著,1,36,36.0
孫革著,1,24,24.0
王仲舒著,1,36,36.0
盧景亮著,1,72,72.0
張頂著,1,34,34.0
浩虛舟著,1,72,72.0
鄭立之著,1,34,34.0
殷堯恭著,1,72,72.0
李秘著,1,48,48.0
裴交泰著,1,34,34.0
楊厚著,1,44,44.0
薛zm著,1,36,36.0
張儼著,1,72,72.0
呂群著,1,48,48.0
何元上著,1,64,64.0
段弘古著,1,36,36.0
徐希仁著,1,24,24.0
賀蘭朋吉著,1,48,48.0
李溟著,1,44,44.0
嚴公貺著,1,48,48.0
嚴公弼著,1,36,36.0
獨孤申叔著,1,72,72.0
張瀛著,1,141,141.0
張燦著,1,48,48.0
羅立言著,1,72,72.0
汪萬於著,1,44,44.0
何儒亮著,1,72,72.0
李宗閔著,1,64,64.0
韋表微著,1,200,200.0
張勝之著,1,69,69.0
張複著,1,69,69.0
蕭建著,1,36,36.0
劉軻著,1,72,72.0
獨孤鉉著,1,72,72.0
吳晃著,1,69,69.0
紀元皋著,1,69,69.0
王季則著,1,69,69.0
潘存實著,1,72,72.0
皇甫曙著,1,64,64.0
廖有方著,1,34,34.0
盧宗回著,1,64,64.0
高銖著,1,48,48.0
王質著,1,72,72.0
郭周藩著,1,276,276.0
陶雍著,1,120,120.0
陳彥博著,1,72,72.0
賈謨著,1,72,72.0
範傳質著,1,66,66.0
盧鈞著,1,66,66.0
崔公信著,1,48,48.0
馬植著,1,64,64.0
李虞仲著,1,72,72.0
耿玉真著,1,50,50.0
