﻿排名,詞彙,出現次數
1,密葉因,1
2,欲何如,1
3,未肯疏,1
4,肯疏借,1
5,疏借問,1
6,借問桃,1
7,問桃將,1
8,桃將李,1
9,將李相,1
10,李相亂,1
11,相亂欲,1
12,亂欲何,1
13,帝裏重,1
14,葉因裁,1
15,裏重陽,1
16,重陽節,1
17,陽節香,1
18,節香園,1
19,香園萬,1
20,園萬乘,1
21,萬乘來,1
22,乘來卻,1
23,來卻邪,1
24,卻邪萸,1
25,還未肯,1
26,秋還未,1
27,發秋還,1
28,來發秋,1
29,因裁吐,1
30,裁吐新,1
31,吐新花,1
32,新花逐,1
33,花逐翦,1
34,逐翦舒,1
35,翦舒攀,1
36,舒攀條,1
37,攀條雖,1
38,條雖不,1
39,雖不謬,1
40,不謬摘,1
41,謬摘蕊,1
42,摘蕊詎,1
43,蕊詎知,1
44,詎知虛,1
45,知虛春,1
46,虛春至,1
47,春至由,1
48,至由來,1
49,由來發,1
50,邪萸入,1
