﻿排名,詞彙,出現次數
1,虛無結思,1
2,心禮殊祼,1
3,止慶垂愔,1
4,至止慶垂,1
5,車至止慶,1
6,靈車至止,1
7,臨靈車至,1
8,昭臨靈車,1
9,感昭臨靈,1
10,義感昭臨,1
11,鬯義感昭,1
12,祼鬯義感,1
13,殊祼鬯義,1
14,禮殊祼鬯,1
15,達心禮殊,1
16,無結思鐘,1
17,以達心禮,1
18,香以達心,1
19,德香以達,1
20,頌德香以,1
21,以頌德香,1
22,歌以頌德,1
23,音歌以頌,1
24,和音歌以,1
25,磬和音歌,1
26,鐘磬和音,1
27,思鐘磬和,1
28,結思鐘磬,1
29,慶垂愔愔,1
