﻿排名,詞彙,出現次數
1,何山無,2
2,淫歸楚,1
3,構高唐,1
4,高唐自,1
5,唐自重,1
6,自重文,1
7,重文賦,1
8,文賦名,1
9,賦名荒,1
10,名荒淫,1
11,荒淫歸,1
12,歸楚襄,1
13,憑雲構,1
14,楚襄峨,1
15,襄峨峨,1
16,峨峨十,1
17,峨十二,1
18,十二峰,1
19,二峰永,1
20,峰永作,1
21,永作妖,1
22,作妖鬼,1
23,雲構高,1
24,者憑雲,1
25,山無朝,1
26,無暮雨,1
27,無朝雲,1
28,朝雲彼,1
29,雲彼雲,1
30,彼雲亦,1
31,雲亦悠,1
32,亦悠揚,1
33,悠揚何,1
34,揚何山,1
35,山無暮,1
36,暮雨彼,1
37,才者憑,1
38,雨彼雨,1
39,彼雨亦,1
40,雨亦蒼,1
41,亦蒼茫,1
42,蒼茫宋,1
43,茫宋玉,1
44,宋玉恃,1
45,玉恃才,1
46,恃才者,1
47,妖鬼鄉,1
