﻿排名,詞彙,出現次數
1,何山無朝,1
2,荒淫歸楚,1
3,雲構高唐,1
4,構高唐自,1
5,高唐自重,1
6,唐自重文,1
7,自重文賦,1
8,重文賦名,1
9,文賦名荒,1
10,賦名荒淫,1
11,名荒淫歸,1
12,淫歸楚襄,1
13,者憑雲構,1
14,歸楚襄峨,1
15,楚襄峨峨,1
16,襄峨峨十,1
17,峨峨十二,1
18,峨十二峰,1
19,十二峰永,1
20,二峰永作,1
21,峰永作妖,1
22,永作妖鬼,1
23,憑雲構高,1
24,才者憑雲,1
25,山無朝雲,1
26,山無暮雨,1
27,無朝雲彼,1
28,朝雲彼雲,1
29,雲彼雲亦,1
30,彼雲亦悠,1
31,雲亦悠揚,1
32,亦悠揚何,1
33,悠揚何山,1
34,揚何山無,1
35,何山無暮,1
36,無暮雨彼,1
37,恃才者憑,1
38,暮雨彼雨,1
39,雨彼雨亦,1
40,彼雨亦蒼,1
41,雨亦蒼茫,1
42,亦蒼茫宋,1
43,蒼茫宋玉,1
44,茫宋玉恃,1
45,宋玉恃才,1
46,玉恃才者,1
47,作妖鬼鄉,1
