﻿排名,詞彙,出現次數
1,祗荷坤德,1
2,寧恭崇禮,1
3,敬敢薦非,1
4,展敬敢薦,1
5,憑展敬敢,1
6,惟憑展敬,1
7,形惟憑展,1
8,儀形惟憑,1
9,奉儀形惟,1
10,肅奉儀形,1
11,則肅奉儀,1
12,禮則肅奉,1
13,崇禮則肅,1
14,恭崇禮則,1
15,匪寧恭崇,1
16,荷坤德欽,1
17,居匪寧恭,1
18,興居匪寧,1
19,置興居匪,1
20,罔置興居,1
21,惕罔置興,1
22,慚惕罔置,1
23,靈慚惕罔,1
24,干靈慚惕,1
25,若干靈慚,1
26,欽若干靈,1
27,德欽若干,1
28,坤德欽若,1
29,敢薦非馨,1
