﻿排名,詞彙,出現次數
1,卷七百,275
2,七百九,275
3,郊廟歌,41
4,廟歌辭,41
5,封泰山,27
6,泰山樂,27
7,武后明,22
8,后明堂,22
9,明皇祀,21
10,皇祀圜,21
11,中宗祀,18
12,宗祀昊,18
13,進疏引,10
14,勸進疏,10
15,雩祀樂,10
16,祀樂章,10
17,州人歌,9
18,花卷七,8
19,百九一,8
20,書卷七,7
21,時人為,7
22,事卷七,6
23,受命讖,6
24,唐受命,6
25,時卷七,6
26,人卷七,6
27,山卷七,6
28,堂樂章,6
29,谷樂章,6
30,祈谷樂,6
31,明堂樂,6
32,百九見,5
33,來卷七,5
34,百九白,5
35,志卷七,5
36,錄卷七,5
37,詩云云,5
38,葬書語,5
39,百九風,4
40,系述卷,4
41,言系述,4
42,雅言系,4
43,見雅言,4
44,雲卷七,4
45,百九萬,4
46,百九山,4
47,紀事卷,4
48,見紀事,4
49,寒卷七,4
50,述卷七,4
