﻿排名,詞彙,出現次數
1,將進酒,2
2,遊蜂競,1
3,可憐團,1
4,憐團團,1
5,團團葉,1
6,團葉蓋,1
7,葉蓋覆,1
8,蓋覆深,1
9,覆深深,1
10,深深花,1
11,深花遊,1
12,花遊蜂,1
13,蜂競攢,1
14,進酒將,1
15,競攢刺,1
16,攢刺鬥,1
17,刺鬥雀,1
18,鬥雀亦,1
19,雀亦紛,1
20,亦紛拏,1
21,紛拏天,1
22,拏天生,1
23,天生細,1
24,生細碎,1
25,嘉可憐,1
26,可嘉可,1
27,尤可嘉,1
28,英尤可,1
29,酒將進,1
30,進酒酒,1
31,酒酒中,1
32,酒中有,1
33,中有毒,1
34,有毒鴆,1
35,毒鴆主,1
36,鴆主父,1
37,主父言,1
38,父言之,1
39,言之主,1
40,之主父,1
41,主父傷,1
42,父傷主,1
43,傷主母,1
44,芳樹已,1
45,樹已寥,1
46,已寥落,1
47,寥落孤,1
48,落孤英,1
49,孤英尤,1
50,細碎物,1
