﻿排名,詞彙,出現次數
1,虛極仙,1
2,自然雲,1
3,貸惟沖,1
4,惟沖德,1
5,沖德功,1
6,德功成,1
7,功成謂,1
8,成謂自,1
9,謂自然,1
10,然雲門,1
11,極仙宗,1
12,雲門達,1
13,門達和,1
14,達和氣,1
15,和氣思,1
16,氣思用,1
17,思用合,1
18,用合鈞,1
19,善貸惟,1
20,圓善貸,1
21,重圓善,1
22,祖重圓,1
23,仙宗本,1
24,宗本希,1
25,本希夷,1
26,希夷象,1
27,夷象帝,1
28,象帝先,1
29,帝先百,1
30,先百靈,1
31,百靈朝,1
32,靈朝太,1
33,朝太上,1
34,太上萬,1
35,上萬法,1
36,萬法祖,1
37,法祖重,1
38,合鈞天,1
