﻿排名,詞彙,出現次數
1,虛極仙宗,1
2,圓善貸惟,1
3,貸惟沖德,1
4,惟沖德功,1
5,沖德功成,1
6,德功成謂,1
7,功成謂自,1
8,成謂自然,1
9,謂自然雲,1
10,自然雲門,1
11,然雲門達,1
12,雲門達和,1
13,門達和氣,1
14,達和氣思,1
15,和氣思用,1
16,氣思用合,1
17,思用合鈞,1
18,善貸惟沖,1
19,重圓善貸,1
20,極仙宗本,1
21,祖重圓善,1
22,仙宗本希,1
23,宗本希夷,1
24,本希夷象,1
25,希夷象帝,1
26,夷象帝先,1
27,象帝先百,1
28,帝先百靈,1
29,先百靈朝,1
30,百靈朝太,1
31,靈朝太上,1
32,朝太上萬,1
33,太上萬法,1
34,上萬法祖,1
35,萬法祖重,1
36,法祖重圓,1
37,用合鈞天,1
