﻿排名,詞彙,出現次數
1,亦有所思,2
2,賤莫言朝,1
3,秋扇尚有,1
4,扇尚有時,1
5,尚有時妾,1
6,有時妾身,1
7,時妾身永,1
8,妾身永微,1
9,身永微賤,1
10,永微賤莫,1
11,微賤莫言,1
12,莫言朝花,1
13,秋扇秋扇,1
14,言朝花不,1
15,朝花不復,1
16,花不復落,1
17,不復落嬌,1
18,復落嬌容,1
19,落嬌容幾,1
20,嬌容幾奪,1
21,容幾奪昭,1
22,幾奪昭陽,1
23,扇秋扇尚,1
24,如秋扇秋,1
25,朝亦有所,1
26,望君處藹,1
27,有所思暮,1
28,所思暮亦,1
29,思暮亦有,1
30,暮亦有所,1
31,有所思登,1
32,所思登樓,1
33,思登樓望,1
34,登樓望君,1
35,樓望君處,1
36,君處藹藹,1
37,豈如秋扇,1
38,處藹藹浮,1
39,藹藹浮雲,1
40,藹浮雲飛,1
41,君恩不可,1
42,恩不可見,1
43,不可見妾,1
44,可見妾豈,1
45,見妾豈如,1
46,妾豈如秋,1
47,奪昭陽殿,1
