﻿排名,詞彙,出現次數
1,楚國巫,1
2,向家迷,1
3,暮雨西,1
4,雨西陽,1
5,西陽臺,1
6,陽臺歸,1
7,臺歸路,1
8,歸路直,1
9,路直不,1
10,直不畏,1
11,不畏向,1
12,畏向家,1
13,新歲芳,1
14,國巫山,1
15,歲芳梅,1
16,芳梅樹,1
17,梅樹繁,1
18,樹繁苞,1
19,繁苞四,1
20,苞四面,1
21,四面同,1
22,面同春,1
23,同春風,1
24,春風吹,1
25,來暮雨,1
26,江來暮,1
27,下江來,1
28,雲下江,1
29,巫山秀,1
30,山秀清,1
31,秀清猿,1
32,清猿日,1
33,猿日夜,1
34,日夜啼,1
35,夜啼萬,1
36,啼萬重,1
37,萬重春,1
38,重春樹,1
39,春樹合,1
40,樹合十,1
41,合十二,1
42,十二碧,1
43,二碧峰,1
44,碧峰齊,1
45,峰齊峽,1
46,齊峽出,1
47,峽出朝,1
48,出朝雲,1
49,朝雲下,1
50,風吹漸,1
