﻿排名,詞彙,出現次數
1,大哉至德,1
2,敬嘉樂斯,1
3,止式隆景,1
4,降止式隆,1
5,其降止式,1
6,神其降止,1
7,詠神其降,1
8,以詠神其,1
9,球以詠神,1
10,鳴球以詠,1
11,登鳴球以,1
12,斯登鳴球,1
13,樂斯登鳴,1
14,嘉樂斯登,1
15,誠敬嘉樂,1
16,哉至德允,1
17,遵誠敬嘉,1
18,聿遵誠敬,1
19,下聿遵誠,1
20,上下聿遵,1
21,於上下聿,1
22,格於上下,1
23,聖格於上,1
24,明聖格於,1
25,茲明聖格,1
26,允茲明聖,1
27,德允茲明,1
28,至德允茲,1
29,式隆景命,1
