﻿排名,詞彙,出現次數
1,柔而能方,1
2,正有滌斯,1
3,福祚我休,1
4,景福祚我,1
5,茲景福祚,1
6,介茲景福,1
7,盛介茲景,1
8,斯盛介茲,1
9,馨斯盛介,1
10,有馨斯盛,1
11,牷有馨斯,1
12,斯牷有馨,1
13,滌斯牷有,1
14,有滌斯牷,1
15,以正有滌,1
16,而能方直,1
17,亨以正有,1
18,大亨以正,1
19,德大亨以,1
20,以德大亨,1
21,厚以德大,1
22,載厚以德,1
23,敬載厚以,1
24,能敬載厚,1
25,而能敬載,1
26,直而能敬,1
27,方直而能,1
28,能方直而,1
29,祚我休慶,1
