﻿排名,詞彙,出現次數
1,亦有所,2
2,有所思,2
3,秋扇尚,1
4,扇尚有,1
5,尚有時,1
6,有時妾,1
7,時妾身,1
8,妾身永,1
9,身永微,1
10,永微賤,1
11,微賤莫,1
12,賤莫言,1
13,莫言朝,1
14,言朝花,1
15,朝花不,1
16,花不復,1
17,不復落,1
18,復落嬌,1
19,落嬌容,1
20,嬌容幾,1
21,容幾奪,1
22,幾奪昭,1
23,奪昭陽,1
24,扇秋扇,1
25,秋扇秋,1
26,如秋扇,1
27,君處藹,1
28,朝亦有,1
29,所思暮,1
30,思暮亦,1
31,暮亦有,1
32,所思登,1
33,思登樓,1
34,登樓望,1
35,樓望君,1
36,望君處,1
37,處藹藹,1
38,豈如秋,1
39,藹藹浮,1
40,藹浮雲,1
41,浮雲飛,1
42,君恩不,1
43,恩不可,1
44,不可見,1
45,可見妾,1
46,見妾豈,1
47,妾豈如,1
48,昭陽殿,1
