﻿排名,詞彙,出現次數
1,城南征,1
2,有閑土,1
3,流萬古,1
4,萬古莫,1
5,古莫爭,1
6,莫爭城,1
7,爭城外,1
8,城外地,1
9,外地城,1
10,地城裏,1
11,城裏有,1
12,裏有閑,1
13,胡風不,1
14,南征戰,1
15,風不開,1
16,不開花,1
17,開花四,1
18,花四氣,1
19,四氣多,1
20,氣多作,1
21,多作雪,1
22,作雪北,1
23,雪北人,1
24,北人尚,1
25,忽流萬,1
26,倏忽流,1
27,苦倏忽,1
28,聲苦倏,1
29,征戰多,1
30,戰多城,1
31,多城北,1
32,城北無,1
33,北無饑,1
34,無饑鴉,1
35,饑鴉白,1
36,鴉白骨,1
37,白骨馬,1
38,骨馬蹄,1
39,馬蹄下,1
40,蹄下誰,1
41,下誰言,1
42,誰言皆,1
43,言皆有,1
44,皆有家,1
45,有家城,1
46,家城前,1
47,城前水,1
48,前水聲,1
49,水聲苦,1
50,人尚凍,1
