﻿排名,詞彙,出現次數
1,黃中正,1
2,蓋至哉,1
3,降永祚,1
4,永祚休,1
5,祚休平,1
6,眇眇方,1
7,眇方輿,1
8,方輿蒼,1
9,輿蒼蒼,1
10,蒼蒼圜,1
11,蒼圜蓋,1
12,圜蓋至,1
13,至哉樞,1
14,中正位,1
15,哉樞紐,1
16,樞紐宅,1
17,紐宅中,1
18,宅中圖,1
19,中圖大,1
20,圖大氣,1
21,大氣調,1
22,氣調四,1
23,調四序,1
24,四序風,1
25,下降永,1
26,其下降,1
27,神其下,1
28,牲神其,1
29,正位含,1
30,位含章,1
31,含章居,1
32,章居貞,1
33,居貞既,1
34,貞既長,1
35,既長六,1
36,長六律,1
37,六律兼,1
38,律兼和,1
39,兼和五,1
40,和五聲,1
41,五聲畢,1
42,聲畢陳,1
43,畢陳萬,1
44,陳萬舞,1
45,萬舞乃,1
46,舞乃薦,1
47,乃薦斯,1
48,薦斯牲,1
49,斯牲神,1
50,序風和,1
