﻿排名,詞彙,出現次數
1,元符傳,1
2,惟新仙,1
3,風齊太,1
4,齊太古,1
5,太古天,1
6,古天瑞,1
7,天瑞葉,1
8,瑞葉惟,1
9,葉惟新,1
10,新仙樂,1
11,符傳紫,1
12,仙樂清,1
13,樂清都,1
14,清都上,1
15,都上長,1
16,上長明,1
17,長明交,1
18,明交泰,1
19,人風齊,1
20,淳人風,1
21,化淳人,1
22,已化淳,1
23,傳紫極,1
24,紫極寶,1
25,極寶祚,1
26,寶祚啟,1
27,祚啟高,1
28,啟高真,1
29,高真道,1
30,真道德,1
31,道德先,1
32,德先垂,1
33,先垂裕,1
34,垂裕沖,1
35,裕沖和,1
36,沖和已,1
37,和已化,1
38,交泰辰,1
