﻿排名,詞彙,出現次數
1,元符傳紫,1
2,淳人風齊,1
3,風齊太古,1
4,齊太古天,1
5,太古天瑞,1
6,古天瑞葉,1
7,天瑞葉惟,1
8,瑞葉惟新,1
9,葉惟新仙,1
10,惟新仙樂,1
11,新仙樂清,1
12,仙樂清都,1
13,樂清都上,1
14,清都上長,1
15,都上長明,1
16,上長明交,1
17,長明交泰,1
18,人風齊太,1
19,化淳人風,1
20,符傳紫極,1
21,已化淳人,1
22,傳紫極寶,1
23,紫極寶祚,1
24,極寶祚啟,1
25,寶祚啟高,1
26,祚啟高真,1
27,啟高真道,1
28,高真道德,1
29,真道德先,1
30,道德先垂,1
31,德先垂裕,1
32,先垂裕沖,1
33,垂裕沖和,1
34,裕沖和已,1
35,沖和已化,1
36,和已化淳,1
37,明交泰辰,1
