﻿排名,詞彙,出現次數
1,舒陰致養,1
2,貞升歌薦,1
3,照鳳引金,1
4,玉照鳳引,1
5,開玉照鳳,1
6,虹開玉照,1
7,誠虹開玉,1
8,翹誠虹開,1
9,幣翹誠虹,1
10,垂幣翹誠,1
11,序垂幣翹,1
12,薦序垂幣,1
13,歌薦序垂,1
14,升歌薦序,1
15,永貞升歌,1
16,陰致養合,1
17,由永貞升,1
18,功由永貞,1
19,固功由永,1
20,恒固功由,1
21,以恒固功,1
22,德以恒固,1
23,生德以恒,1
24,資生德以,1
25,大資生德,1
26,合大資生,1
27,養合大資,1
28,致養合大,1
29,鳳引金聲,1
