﻿排名,詞彙,出現次數
1,百禮崇容,1
2,粹奠享咸,1
3,列歌雍徹,1
4,登列歌雍,1
5,夏登列歌,1
6,奏夏登列,1
7,備奏夏登,1
8,畢備奏夏,1
9,儀畢備奏,1
10,威儀畢備,1
11,周威儀畢,1
12,咸周威儀,1
13,享咸周威,1
14,奠享咸周,1
15,有粹奠享,1
16,禮崇容千,1
17,凝有粹奠,1
18,神凝有粹,1
19,兆神凝有,1
20,無兆神凝,1
21,降無兆神,1
22,靈降無兆,1
23,事靈降無,1
24,肅事靈降,1
25,官肅事靈,1
26,千官肅事,1
27,容千官肅,1
28,崇容千官,1
29,歌雍徹肆,1
