﻿排名,詞彙,出現次數
1,忠孝本著,1
2,程幣帛有,1
3,肅廟享惟,1
4,既肅廟享,1
5,存既肅廟,1
6,司存既肅,1
7,聲司存既,1
8,無聲司存,1
9,衛無聲司,1
10,容衛無聲,1
11,典容衛無,1
12,有典容衛,1
13,帛有典容,1
14,幣帛有典,1
15,為程幣帛,1
16,孝本著羽,1
17,道為程幣,1
18,馳道為程,1
19,德馳道為,1
20,昭德馳道,1
21,門昭德馳,1
22,寢門昭德,1
23,成寢門昭,1
24,先成寢門,1
25,翼先成寢,1
26,羽翼先成,1
27,著羽翼先,1
28,本著羽翼,1
29,廟享惟清,1
