﻿排名,詞彙,出現次數
1,夭桃花,2
2,女紅粉,2
3,生白髮,2
4,花未開,2
5,遊女紅,2
6,魂千載,1
7,但飛蕭,1
8,飛蕭蕭,1
9,蕭蕭雨,1
10,蕭雨中,1
11,雨中有,1
12,中有亭,1
13,有亭亭,1
14,亭亭魂,1
15,亭魂千,1
16,載楚襄,1
17,千載楚,1
18,聲猿但,1
19,楚襄恨,1
20,襄恨遺,1
21,恨遺文,1
22,遺文宋,1
23,文宋玉,1
24,宋玉言,1
25,玉言至,1
26,言至今,1
27,猿但飛,1
28,聞三聲,1
29,三聲猿,1
30,不聞三,1
31,目極魂,1
32,極魂斷,1
33,魂斷望,1
34,斷望不,1
35,望不見,1
36,不見猿,1
37,見猿啼,1
38,猿啼三,1
39,啼三聲,1
40,三聲淚,1
41,聲淚沾,1
42,淚沾衣,1
43,沾衣見,1
44,衣見盡,1
45,見盡數,1
46,盡數萬,1
47,數萬里,1
48,萬里不,1
49,里不聞,1
50,至今青,1
