﻿排名,詞彙,出現次數
1,端拱承,1
2,複鏘鏘,1
3,日更長,1
4,更長命,1
5,長命筵,1
6,命筵多,1
7,筵多濟,1
8,多濟濟,1
9,濟濟盛,1
10,濟盛樂,1
11,盛樂複,1
12,樂複鏘,1
13,鏘鏘酆,1
14,拱承休,1
15,鏘酆鎬,1
16,酆鎬誰,1
17,鎬誰將,1
18,誰將敵,1
19,將敵橫,1
20,敵橫汾,1
21,橫汾未,1
22,汾未可,1
23,未可方,1
24,可方願,1
25,殘日更,1
26,春殘日,1
27,囀春殘,1
28,初囀春,1
29,承休命,1
30,休命時,1
31,命時清,1
32,時清荷,1
33,清荷聖,1
34,荷聖皇,1
35,聖皇四,1
36,皇四聰,1
37,四聰聞,1
38,聰聞受,1
39,聞受諫,1
40,受諫五,1
41,諫五服,1
42,五服遠,1
43,服遠朝,1
44,遠朝王,1
45,朝王景,1
46,王景媚,1
47,景媚鶯,1
48,媚鶯初,1
49,鶯初囀,1
50,方願齊,1
