﻿排名,詞彙,出現次數
1,垂衣臨,1
2,雨露濃,1
3,殄妖凶,1
4,妖凶德,1
5,凶德炳,1
6,德炳韶,1
7,炳韶光,1
8,韶光熾,1
9,光熾恩,1
10,熾恩沾,1
11,恩沾雨,1
12,沾雨露,1
13,露濃衣,1
14,衣臨八,1
15,濃衣冠,1
16,衣冠陪,1
17,冠陪禦,1
18,陪禦宴,1
19,禦宴禮,1
20,宴禮樂,1
21,禮樂盛,1
22,樂盛朝,1
23,盛朝宗,1
24,朝宗萬,1
25,武殄妖,1
26,尚武殄,1
27,伏尚武,1
28,隱伏尚,1
29,臨八極,1
30,八極肅,1
31,極肅穆,1
32,肅穆四,1
33,穆四門,1
34,四門通,1
35,門通自,1
36,通自是,1
37,自是無,1
38,是無為,1
39,無為化,1
40,為化非,1
41,化非關,1
42,非關輔,1
43,關輔弼,1
44,輔弼功,1
45,弼功修,1
46,功修文,1
47,修文招,1
48,文招隱,1
49,招隱伏,1
50,宗萬壽,1
