﻿排名,詞彙,出現次數
1,出嫁辭,1
2,黛殘妾,1
3,塞容顏,1
4,容顏盡,1
5,顏盡邊,1
6,盡邊隅,1
7,邊隅粉,1
8,隅粉黛,1
9,粉黛殘,1
10,殘妾心,1
11,嫁辭鄉,1
12,妾心何,1
13,心何所,1
14,何所斷,1
15,所斷他,1
16,斷他日,1
17,他日望,1
18,日望長,1
19,沙塞容,1
20,看沙塞,1
21,相看沙,1
22,泣相看,1
23,辭鄉國,1
24,鄉國由,1
25,國由來,1
26,由來此,1
27,來此別,1
28,此別難,1
29,別難聖,1
30,難聖恩,1
31,聖恩愁,1
32,恩愁遠,1
33,愁遠道,1
34,遠道行,1
35,道行路,1
36,行路泣,1
37,路泣相,1
38,望長安,1
