﻿排名,詞彙,出現次數
1,出嫁辭鄉,1
2,看沙塞容,1
3,塞容顏盡,1
4,容顏盡邊,1
5,顏盡邊隅,1
6,盡邊隅粉,1
7,邊隅粉黛,1
8,隅粉黛殘,1
9,粉黛殘妾,1
10,黛殘妾心,1
11,殘妾心何,1
12,妾心何所,1
13,心何所斷,1
14,何所斷他,1
15,所斷他日,1
16,斷他日望,1
17,他日望長,1
18,沙塞容顏,1
19,相看沙塞,1
20,嫁辭鄉國,1
21,泣相看沙,1
22,辭鄉國由,1
23,鄉國由來,1
24,國由來此,1
25,由來此別,1
26,來此別難,1
27,此別難聖,1
28,別難聖恩,1
29,難聖恩愁,1
30,聖恩愁遠,1
31,恩愁遠道,1
32,愁遠道行,1
33,遠道行路,1
34,道行路泣,1
35,行路泣相,1
36,路泣相看,1
37,日望長安,1
