﻿排名,詞彙,出現次數
1,漢將承,1
2,傍臨月,1
3,功官軍,1
4,官軍西,1
5,軍西出,1
6,西出過,1
7,出過樓,1
8,過樓蘭,1
9,樓蘭營,1
10,蘭營幕,1
11,營幕傍,1
12,幕傍臨,1
13,臨月窟,1
14,將承恩,1
15,月窟寒,1
16,窟寒蒲,1
17,寒蒲海,1
18,蒲海曉,1
19,海曉霜,1
20,曉霜凝,1
21,霜凝劍,1
22,凝劍尾,1
23,劍尾蔥,1
24,尾蔥山,1
25,師功官,1
26,貳師功,1
27,數貳師,1
28,誰數貳,1
29,承恩西,1
30,恩西破,1
31,西破戎,1
32,破戎捷,1
33,戎捷書,1
34,捷書先,1
35,書先奏,1
36,先奏未,1
37,奏未央,1
38,未央宮,1
39,央宮天,1
40,宮天子,1
41,天子預,1
42,子預開,1
43,預開麟,1
44,開麟閣,1
45,麟閣待,1
46,閣待只,1
47,待只今,1
48,只今誰,1
49,今誰數,1
50,蔥山夜,1
