﻿排名,詞彙,出現次數
1,皇皇靈眷,1
2,陰功玄樞,1
3,德聳志翹,1
4,佩德聳志,1
5,恩佩德聳,1
6,銜恩佩德,1
7,深銜恩佩,1
8,高深銜恩,1
9,寂高深銜,1
10,理寂高深,1
11,紐理寂高,1
12,樞紐理寂,1
13,玄樞紐理,1
14,功玄樞紐,1
15,積陰功玄,1
16,皇靈眷穆,1
17,歸積陰功,1
18,還歸積陰,1
19,質還歸積,1
20,凝質還歸,1
21,動凝質還,1
22,暫動凝質,1
23,心暫動凝,1
24,神心暫動,1
25,穆神心暫,1
26,穆穆神心,1
27,眷穆穆神,1
28,靈眷穆穆,1
29,聳志翹襟,1
