﻿排名,詞彙,出現次數
1,九玄眷命,1
2,功宗祀展,1
3,業式播淳,1
4,帝業式播,1
5,昌帝業式,1
6,永昌帝業,1
7,衷永昌帝,1
8,深衷永昌,1
9,表深衷永,1
10,冀表深衷,1
11,敬冀表深,1
12,展敬冀表,1
13,祀展敬冀,1
14,宗祀展敬,1
15,畢功宗祀,1
16,玄眷命三,1
17,台畢功宗,1
18,明台畢功,1
19,旨明台畢,1
20,先旨明台,1
21,承先旨明,1
22,奉承先旨,1
23,隆奉承先,1
24,基隆奉承,1
25,聖基隆奉,1
26,三聖基隆,1
27,命三聖基,1
28,眷命三聖,1
29,式播淳風,1
