﻿排名,詞彙,出現次數
1,三縣已,1
2,戎金陣,1
3,步昔將,1
4,昔將開,1
5,將開商,1
6,開商郊,1
7,商郊初,1
8,郊初欲,1
9,初欲踐,1
10,欲踐撫,1
11,踐撫戎,1
12,撫戎金,1
13,金陣廓,1
14,縣已判,1
15,陣廓貳,1
16,廓貳極,1
17,貳極瑤,1
18,極瑤圖,1
19,瑤圖闡,1
20,圖闡雞,1
21,闡雞戟,1
22,雞戟遂,1
23,戟遂崇,1
24,遂崇儀,1
25,天步昔,1
26,降淩雲,1
27,影降淩,1
28,鶴影降,1
29,已判歌,1
30,判歌鐘,1
31,歌鐘列,1
32,鐘列六,1
33,列六佾,1
34,六佾將,1
35,佾將開,1
36,將開羽,1
37,開羽戚,1
38,羽戚分,1
39,戚分尚,1
40,分尚想,1
41,尚想燕,1
42,想燕飛,1
43,燕飛來,1
44,飛來蔽,1
45,來蔽日,1
46,蔽日終,1
47,日終疑,1
48,終疑鶴,1
49,疑鶴影,1
50,崇儀龍,1
