﻿排名,詞彙,出現次數
1,巫山高,1
2,江春為,1
3,明三峽,1
4,三峽曙,1
5,峽曙潮,1
6,曙潮滿,1
7,潮滿二,1
8,滿二江,1
9,二江春,1
10,春為問,1
11,山高不,1
12,為問陽,1
13,問陽臺,1
14,陽臺夕,1
15,臺夕應,1
16,夕應知,1
17,應知入,1
18,知入夢,1
19,月明三,1
20,神月明,1
21,鬼神月,1
22,若鬼神,1
23,高不極,1
24,不極遝,1
25,極遝遝,1
26,遝遝狀,1
27,遝狀奇,1
28,狀奇新,1
29,奇新暗,1
30,新暗穀,1
31,暗穀疑,1
32,穀疑風,1
33,疑風雨,1
34,風雨幽,1
35,雨幽岩,1
36,幽岩若,1
37,岩若鬼,1
38,入夢人,1
