﻿排名,詞彙,出現次數
1,巫山高不,1
2,神月明三,1
3,明三峽曙,1
4,三峽曙潮,1
5,峽曙潮滿,1
6,曙潮滿二,1
7,潮滿二江,1
8,滿二江春,1
9,二江春為,1
10,江春為問,1
11,春為問陽,1
12,為問陽臺,1
13,問陽臺夕,1
14,陽臺夕應,1
15,臺夕應知,1
16,夕應知入,1
17,應知入夢,1
18,月明三峽,1
19,鬼神月明,1
20,山高不極,1
21,若鬼神月,1
22,高不極遝,1
23,不極遝遝,1
24,極遝遝狀,1
25,遝遝狀奇,1
26,遝狀奇新,1
27,狀奇新暗,1
28,奇新暗穀,1
29,新暗穀疑,1
30,暗穀疑風,1
31,穀疑風雨,1
32,疑風雨幽,1
33,風雨幽岩,1
34,雨幽岩若,1
35,幽岩若鬼,1
36,岩若鬼神,1
37,知入夢人,1
