﻿排名,詞彙,出現次數
1,天命降鑒,1
2,明奠璧布,1
3,答敷錫永,1
4,以答敷錫,1
5,佑以答敷,1
6,神佑以答,1
7,精神佑以,1
8,獻精神佑,1
9,神獻精神,1
10,薦神獻精,1
11,幣薦神獻,1
12,布幣薦神,1
13,璧布幣薦,1
14,奠璧布幣,1
15,孔明奠璧,1
16,命降鑒帝,1
17,容孔明奠,1
18,禮容孔明,1
19,忒禮容孔,1
20,不忒禮容,1
21,祀不忒禮,1
22,享祀不忒,1
23,馨享祀不,1
24,惟馨享祀,1
25,德惟馨享,1
26,帝德惟馨,1
27,鑒帝德惟,1
28,降鑒帝德,1
29,敷錫永寧,1
