﻿排名,詞彙,出現次數
1,當結以,2
2,紋開灩,1
3,避人引,1
4,人引子,1
5,引子入,1
6,子入深,1
7,入深塹,1
8,深塹動,1
9,塹動處,1
10,動處水,1
11,處水紋,1
12,水紋開,1
13,開灩灩,1
14,翩翩兮,1
15,灩灩誰,1
16,灩誰知,1
17,誰知豪,1
18,知豪家,1
19,豪家網,1
20,家網爾,1
21,網爾軀,1
22,爾軀不,1
23,軀不如,1
24,不如飲,1
25,斂避人,1
26,翅斂避,1
27,雙翅斂,1
28,下雙翅,1
29,翩兮朱,1
30,兮朱鷺,1
31,朱鷺來,1
32,鷺來泛,1
33,來泛春,1
34,泛春塘,1
35,春塘棲,1
36,塘棲綠,1
37,棲綠樹,1
38,綠樹羽,1
39,樹羽毛,1
40,羽毛如,1
41,毛如翦,1
42,如翦色,1
43,翦色如,1
44,色如染,1
45,如染遠,1
46,染遠飛,1
47,遠飛欲,1
48,飛欲下,1
49,欲下雙,1
50,如飲啄,1
