﻿排名,詞彙,出現次數
1,人千里,2
2,戈自不,1
3,祖亦龍,1
4,亦龍顏,1
5,龍顏何,1
6,顏何事,1
7,何事梟,1
8,事梟凶,1
9,梟凶輩,1
10,凶輩干,1
11,輩干戈,1
12,干戈自,1
13,自不閑,1
14,都城連,1
15,紅粉青,1
16,粉青樓,1
17,青樓曙,1
18,樓曙垂,1
19,曙垂楊,1
20,垂楊仲,1
21,楊仲月,1
22,仲月春,1
23,月春懷,1
24,春懷君,1
25,漢祖亦,1
26,視漢祖,1
27,虎視漢,1
28,曾虎視,1
29,城連百,1
30,連百二,1
31,百二雄,1
32,二雄險,1
33,雄險北,1
34,險北回,1
35,北回環,1
36,回環地,1
37,環地勢,1
38,地勢遙,1
39,勢遙尊,1
40,遙尊嶽,1
41,尊嶽河,1
42,嶽河流,1
43,河流側,1
44,流側讓,1
45,側讓關,1
46,讓關秦,1
47,關秦皇,1
48,秦皇曾,1
49,皇曾虎,1
50,懷君重,1
