﻿排名,詞彙,出現次數
1,聖皇戾止,1
2,儀進退必,1
3,協萬靈協,1
4,克協萬靈,1
5,變克協萬,1
6,六變克協,1
7,祗六變克,1
8,是祗六變,1
9,降是祗六,1
10,陟降是祗,1
11,肅陟降是,1
12,必肅陟降,1
13,退必肅陟,1
14,進退必肅,1
15,皇儀進退,1
16,皇戾止天,1
17,穆皇儀進,1
18,穆穆皇儀,1
19,相穆穆皇,1
20,睿相穆穆,1
21,幹睿相穆,1
22,幹幹睿相,1
23,遲幹幹睿,1
24,舒遲幹幹,1
25,步舒遲幹,1
26,天步舒遲,1
27,止天步舒,1
28,戾止天步,1
29,萬靈協隨,1
