﻿排名,詞彙,出現次數
1,肅肅我祖,1
2,通雲輧禦,1
3,祀萬國來,1
4,禋祀萬國,1
5,時禋祀萬,1
6,四時禋祀,1
7,風四時禋,1
8,隨風四時,1
9,蓋隨風四,1
10,芝蓋隨風,1
11,氣芝蓋隨,1
12,禦氣芝蓋,1
13,輧禦氣芝,1
14,雲輧禦氣,1
15,暗通雲輧,1
16,肅我祖綿,1
17,心暗通雲,1
18,靈心暗通,1
19,達靈心暗,1
20,潛達靈心,1
21,感潛達靈,1
22,至感潛達,1
23,宗至感潛,1
24,道宗至感,1
25,綿道宗至,1
26,綿綿道宗,1
27,祖綿綿道,1
28,我祖綿綿,1
29,萬國來同,1
