﻿排名,詞彙,出現次數
1,煌煌道,1
2,奏初迎,1
3,蓋風焰,1
4,風焰紅,1
5,焰紅旌,1
6,紅旌眾,1
7,旌眾真,1
8,眾真以,1
9,真以從,1
10,以從九,1
11,從九奏,1
12,九奏初,1
13,初迎永,1
14,煌道宮,1
15,迎永惟,1
16,永惟休,1
17,惟休佑,1
18,休佑是,1
19,佑是錫,1
20,是錫和,1
21,錫和平,1
22,玉花珍,1
23,花珍簟,1
24,珍簟上,1
25,翠蓋風,1
26,凝翠蓋,1
27,雲凝翠,1
28,靈雲凝,1
29,道宮肅,1
30,宮肅肅,1
31,肅肅太,1
32,肅太清,1
33,太清禮,1
34,清禮光,1
35,禮光尊,1
36,光尊祖,1
37,尊祖樂,1
38,祖樂備,1
39,樂備充,1
40,備充庭,1
41,充庭罄,1
42,庭罄竭,1
43,罄竭誠,1
44,竭誠至,1
45,誠至希,1
46,至希夷,1
47,希夷降,1
48,夷降靈,1
49,降靈雲,1
50,簟上金,1
