﻿排名,詞彙,出現次數
1,至道生,1
2,九貞迎,1
3,出玉京,1
4,玉京靈,1
5,京靈符,1
6,靈符百,1
7,符百代,1
8,百代應,1
9,代應瑞,1
10,應瑞節,1
11,瑞節九,1
12,節九貞,1
13,貞迎寶,1
14,道生元,1
15,迎寶運,1
16,寶運開,1
17,運開皇,1
18,開皇極,1
19,皇極天,1
20,極天臨,1
21,天臨映,1
22,臨映太,1
23,映太清,1
24,太清長,1
25,車出玉,1
26,雲車出,1
27,闕雲車,1
28,丹闕雲,1
29,生元氣,1
30,元氣重,1
31,氣重圓,1
32,重圓法,1
33,圓法混,1
34,法混成,1
35,混成無,1
36,成無為,1
37,無為觀,1
38,為觀大,1
39,觀大象,1
40,大象沖,1
41,象沖用,1
42,沖用體,1
43,用體常,1
44,體常名,1
45,常名仙,1
46,名仙樂,1
47,仙樂臨,1
48,樂臨丹,1
49,臨丹闕,1
50,清長垂,1
