﻿排名,詞彙,出現次數
1,遊靈境,2
2,三徑路,1
3,歸梧野,1
4,梧野躬,1
5,野躬來,1
6,躬來謁,1
7,來謁聖,1
8,謁聖顏,1
9,聖顏旋,1
10,顏旋登,1
11,旋登三,1
12,登三徑,1
13,徑路似,1
14,惟慚未,1
15,路似陟,1
16,似陟九,1
17,陟九嶷,1
18,九嶷山,1
19,嶷山日,1
20,山日照,1
21,日照堆,1
22,照堆嵐,1
23,堆嵐迥,1
24,嵐迥雲,1
25,帝歸梧,1
26,聖帝歸,1
27,碧雲梯,1
28,是碧雲,1
29,慚未致,1
30,未致華,1
31,致華胥,1
32,華胥理,1
33,胥理徒,1
34,理徒蔔,1
35,徒蔔升,1
36,蔔升平,1
37,升平萬,1
38,平萬萬,1
39,萬萬年,1
40,莫道穹,1
41,道穹天,1
42,穹天無,1
43,天無路,1
44,無路到,1
45,路到此,1
46,到此山,1
47,此山便,1
48,山便是,1
49,便是碧,1
50,迥雲橫,1
