﻿排名,詞彙,出現次數
1,舊愛柏,2
2,朝歌舞,2
3,舞榮夙,2
4,榮夙昔,2
5,夙昔詩,2
6,昔詩書,2
7,詩書賤,2
8,愛柏梁,2
9,賤頹恩,2
10,頹恩誠,2
11,恩誠已,2
12,誠已矣,2
13,已矣覆,2
14,矣覆水,2
15,覆水難,2
16,水難重,2
17,難重薦,2
18,歌舞榮,2
19,書賤頹,2
20,一朝歌,2
21,陽殿守,2
22,扇一朝,2
23,梁台新,2
24,台新寵,2
25,新寵昭,2
26,寵昭陽,2
27,昭陽殿,2
28,柏梁台,2
29,殿守分,2
30,輦含情,2
31,含情泣,2
32,情泣團,2
33,泣團扇,2
34,團扇一,2
35,守分辭,2
36,桂枝以,1
37,千齡兮,1
38,將千齡,1
39,想將千,1
40,凝想將,1
41,以凝想,1
42,枝以凝,1
43,流盼撫,1
44,撫桂枝,1
45,盼撫桂,1
46,而流盼,1
47,岩而流,1
48,幽岩而,1
49,仰幽岩,1
50,齡兮此,1
