﻿排名,詞彙,出現次數
1,中道間,2
2,流入清,1
3,曙不能,1
4,不能寐,1
5,能寐何,1
6,寐何處,1
7,何處接,1
8,處接長,1
9,接長波,1
10,長波東,1
11,波東流,1
12,東流入,1
13,入清渭,1
14,借問隴,1
15,妾家望,1
16,家望江,1
17,望江口,1
18,江口少,1
19,口少年,1
20,少年家,1
21,年家財,1
22,家財厚,1
23,財厚臨,1
24,厚臨江,1
25,達曙不,1
26,下達曙,1
27,山下達,1
28,上山下,1
29,問隴頭,1
30,隴頭水,1
31,頭水終,1
32,水終年,1
33,終年恨,1
34,年恨何,1
35,恨何事,1
36,何事深,1
37,事深疑,1
38,深疑嗚,1
39,疑嗚咽,1
40,嗚咽聲,1
41,咽聲中,1
42,聲中有,1
43,中有征,1
44,有征人,1
45,征人淚,1
46,人淚昨,1
47,淚昨日,1
48,昨日上,1
49,日上山,1
50,臨江起,1
