﻿排名,詞彙,出現次數
1,調雲闋,1
2,吐氛氳,1
3,去無言,1
4,無言忽,1
5,言忽憔,1
6,忽憔悴,1
7,憔悴時,1
8,悴時來,1
9,時來含,1
10,來含笑,1
11,含笑吐,1
12,笑吐氛,1
13,氛氳不,1
14,雲闋兮,1
15,氳不能,1
16,不能擁,1
17,能擁路,1
18,擁路迷,1
19,路迷仙,1
20,迷仙客,1
21,仙客故,1
22,客故欲,1
23,故欲開,1
24,欲開蹊,1
25,歲去無,1
26,荷休征,1
27,兮荷休,1
28,懇兮荷,1
29,闋兮神,1
30,兮神座,1
31,神座興,1
32,座興驂,1
33,興驂雲,1
34,驂雲駕,1
35,雲駕兮,1
36,駕兮儼,1
37,兮儼將,1
38,儼將升,1
39,將升騰,1
40,升騰絳,1
41,騰絳霄,1
42,絳霄兮,1
43,霄兮垂,1
44,兮垂景,1
45,垂景佑,1
46,景佑翹,1
47,佑翹丹,1
48,翹丹懇,1
49,丹懇兮,1
50,開蹊侍,1
