﻿排名,詞彙,出現次數
1,韻朱弦,2
2,旆旌飲,2
3,烽火層,2
4,火層巒,2
5,層巒引,2
6,巒引高,2
7,引高節,2
8,高節悠,2
9,節悠悠,2
10,悠悠卷,2
11,悠卷旆,2
12,卷旆旌,2
13,旌飲馬,2
14,豈必汾,2
15,飲馬出,2
16,馬出長,2
17,出長城,2
18,長城寒,2
19,城寒沙,2
20,寒沙連,2
21,沙連騎,2
22,連騎跡,2
23,騎跡朔,2
24,跡朔吹,2
25,危烽火,2
26,戍危烽,2
27,迥戍危,2
28,雪迥戍,2
29,前蹤撫,2
30,蹤撫躬,2
31,塞外悲,2
32,外悲風,2
33,悲風切,2
34,風切交,2
35,切交河,2
36,交河冰,2
37,河冰已,2
38,冰已結,2
39,已結瀚,2
40,結瀚海,2
41,瀚海百,2
42,海百重,2
43,百重波,2
44,重波陰,2
45,波陰山,2
46,陰山千,2
47,山千里,2
48,千里雪,2
49,里雪迥,2
50,朔吹斷,2
