﻿排名,詞彙,出現次數
1,更有上,1
2,塞旋征,1
3,游何所,1
4,何所似,1
5,所似莫,1
6,似莫慚,1
7,莫慚漢,1
8,慚漢武,1
9,漢武賞,1
10,武賞汾,1
11,賞汾中,1
12,款塞旋,1
13,旋征騎,1
14,有上方,1
15,征騎和,1
16,騎和戎,1
17,和戎委,1
18,戎委廟,1
19,委廟賢,1
20,廟賢傾,1
21,賢傾心,1
22,傾心方,1
23,心方倚,1
24,方倚注,1
25,追游何,1
26,日追游,1
27,今日追,1
28,一愴然,1
29,上方人,1
30,方人罕,1
31,人罕到,1
32,罕到暮,1
33,到暮鐘,1
34,暮鐘朝,1
35,鐘朝磬,1
36,朝磬碧,1
37,磬碧雲,1
38,碧雲端,1
39,文章已,1
40,章已滿,1
41,已滿行,1
42,滿行人,1
43,行人耳,1
44,人耳一,1
45,耳一度,1
46,一度思,1
47,度思卿,1
48,思卿一,1
49,卿一愴,1
50,倚注葉,1
