﻿排名,詞彙,出現次數
1,竹林二君,1
2,心恃強斯,1
3,強斯有失,1
4,斯有失守,1
5,有失守分,1
6,失守分固,1
7,守分固無,1
8,分固無侵,1
9,固無侵若,1
10,無侵若算,1
11,侵若算機,1
12,若算機籌,1
13,算機籌處,1
14,機籌處滄,1
15,籌處滄滄,1
16,處滄滄海,1
17,滄滄海未,1
18,恃強斯有,1
19,有心恃強,1
20,林二君子,1
21,各有心恃,1
22,二君子盡,1
23,君子盡日,1
24,子盡日竟,1
25,盡日竟沉,1
26,日竟沉吟,1
27,竟沉吟相,1
28,沉吟相對,1
29,吟相對終,1
30,相對終無,1
31,對終無語,1
32,終無語爭,1
33,無語爭先,1
34,語爭先各,1
35,爭先各有,1
36,先各有心,1
37,滄海未深,1
