﻿排名,詞彙,出現次數
1,竹林二,1
2,無侵若,1
3,強斯有,1
4,斯有失,1
5,有失守,1
6,失守分,1
7,守分固,1
8,分固無,1
9,固無侵,1
10,侵若算,1
11,林二君,1
12,若算機,1
13,算機籌,1
14,機籌處,1
15,籌處滄,1
16,處滄滄,1
17,滄滄海,1
18,滄海未,1
19,恃強斯,1
20,心恃強,1
21,有心恃,1
22,各有心,1
23,二君子,1
24,君子盡,1
25,子盡日,1
26,盡日竟,1
27,日竟沉,1
28,竟沉吟,1
29,沉吟相,1
30,吟相對,1
31,相對終,1
32,對終無,1
33,終無語,1
34,無語爭,1
35,語爭先,1
36,爭先各,1
37,先各有,1
38,海未深,1
