﻿排名,詞彙,出現次數
1,幹象開,1
2,盛北場,1
3,掩漢莊,1
4,漢莊好,1
5,莊好士,1
6,好士傾,1
7,士傾南,1
8,傾南洛,1
9,南洛多,1
10,洛多才,1
11,多才盛,1
12,才盛北,1
13,北場地,1
14,象開層,1
15,場地分,1
16,地分丹,1
17,分丹鷲,1
18,丹鷲嶺,1
19,鷲嶺途,1
20,嶺途間,1
21,途間白,1
22,間白雲,1
23,白雲鄉,1
24,雲鄉儲,1
25,哉掩漢,1
26,遙哉掩,1
27,誦遙哉,1
28,周誦遙,1
29,開層構,1
30,層構離,1
31,構離明,1
32,離明啟,1
33,明啟少,1
34,啟少陽,1
35,少陽卜,1
36,陽卜征,1
37,卜征從,1
38,征從獻,1
39,從獻吉,1
40,獻吉守,1
41,吉守器,1
42,守器屬,1
43,器屬元,1
44,屬元良,1
45,元良逖,1
46,良逖矣,1
47,逖矣淩,1
48,矣淩周,1
49,淩周誦,1
50,鄉儲誠,1
