﻿排名,詞彙,出現次數
1,綠影覆,1
2,拂吟髭,1
3,架屢移,1
4,屢移露,1
5,移露輕,1
6,露輕濡,1
7,輕濡彩,1
8,濡彩筆,1
9,彩筆蜂,1
10,筆蜂誤,1
11,蜂誤拂,1
12,誤拂吟,1
13,吟髭日,1
14,影覆幽,1
15,髭日照,1
16,日照玲,1
17,照玲瓏,1
18,玲瓏幔,1
19,瓏幔風,1
20,幔風搖,1
21,風搖翡,1
22,搖翡翠,1
23,翡翠帷,1
24,翠帷早,1
25,煩架屢,1
26,高煩架,1
27,遍高煩,1
28,看遍高,1
29,覆幽池,1
30,幽池芳,1
31,池芳菲,1
32,芳菲四,1
33,菲四月,1
34,四月時,1
35,月時管,1
36,時管弦,1
37,管弦朝,1
38,弦朝夕,1
39,朝夕興,1
40,夕興組,1
41,興組繡,1
42,組繡百,1
43,繡百千,1
44,百千枝,1
45,千枝盛,1
46,枝盛引,1
47,盛引牆,1
48,引牆看,1
49,牆看遍,1
50,帷早紅,1
