﻿排名,詞彙,出現次數
1,風雲喜,1
2,入綠墀,1
3,三春時,1
4,春時霢,1
5,時霢霂,1
6,霢霂垂,1
7,霂垂朱,1
8,垂朱闕,1
9,朱闕飄,1
10,闕飄颻,1
11,飄颻入,1
12,颻入綠,1
13,綠墀郊,1
14,雲喜際,1
15,墀郊坰,1
16,郊坰既,1
17,坰既沾,1
18,既沾足,1
19,沾足黍,1
20,足黍稷,1
21,黍稷有,1
22,稷有豐,1
23,有豐期,1
24,豐期百,1
25,在三春,1
26,複在三,1
27,節複在,1
28,夏節複,1
29,喜際會,1
30,際會雷,1
31,會雷雨,1
32,雷雨遂,1
33,雨遂流,1
34,遂流滋,1
35,流滋薦,1
36,滋薦幣,1
37,薦幣虛,1
38,幣虛陳,1
39,虛陳禮,1
40,陳禮動,1
41,禮動天,1
42,動天實,1
43,天實精,1
44,實精思,1
45,精思漸,1
46,思漸侵,1
47,漸侵九,1
48,侵九夏,1
49,九夏節,1
50,期百辟,1
