﻿排名,詞彙,出現次數
1,龍樓光,1
2,葉綴旗,1
3,藻祥徽,1
4,祥徽雲,1
5,徽雲轉,1
6,雲轉花,1
7,轉花縈,1
8,花縈蓋,1
9,縈蓋霞,1
10,蓋霞飄,1
11,霞飄葉,1
12,飄葉綴,1
13,綴旗雕,1
14,樓光曙,1
15,旗雕軒,1
16,雕軒回,1
17,軒回翠,1
18,回翠陌,1
19,翠陌寶,1
20,陌寶駕,1
21,寶駕歸,1
22,駕歸丹,1
23,歸丹殿,1
24,丹殿鳴,1
25,榜藻祥,1
26,銀榜藻,1
27,色銀榜,1
28,瑞色銀,1
29,光曙景,1
30,曙景魯,1
31,景魯館,1
32,魯館啟,1
33,館啟朝,1
34,啟朝扉,1
35,朝扉豔,1
36,扉豔日,1
37,豔日濃,1
38,日濃妝,1
39,濃妝影,1
40,妝影低,1
41,影低星,1
42,低星降,1
43,星降婺,1
44,降婺輝,1
45,婺輝玉,1
46,輝玉庭,1
47,玉庭浮,1
48,庭浮瑞,1
49,浮瑞色,1
50,殿鳴珠,1
