﻿排名,詞彙,出現次數
1,奇峰嶾,1
2,洶湧落,1
3,慚樹影,1
4,樹影蒙,1
5,影蒙蘢,1
6,蒙蘢鄣,1
7,蘢鄣疊,1
8,鄣疊岫,1
9,疊岫波,1
10,岫波深,1
11,波深洶,1
12,深洶湧,1
13,湧落懸,1
14,峰嶾嶙,1
15,落懸潭,1
16,懸潭願,1
17,潭願紫,1
18,願紫宸,1
19,紫宸居,1
20,宸居得,1
21,居得一,1
22,得一永,1
23,一永欣,1
24,永欣丹,1
25,覺慚樹,1
26,倍覺慚,1
27,臺倍覺,1
28,天臺倍,1
29,嶾嶙箕,1
30,嶙箕山,1
31,箕山北,1
32,山北秀,1
33,北秀崿,1
34,秀崿岧,1
35,崿岧嶢,1
36,岧嶢嵩,1
37,嶢嵩鎮,1
38,嵩鎮南,1
39,鎮南地,1
40,南地首,1
41,地首地,1
42,首地肺,1
43,地肺何,1
44,肺何曾,1
45,何曾擬,1
46,曾擬天,1
47,擬天目,1
48,天目天,1
49,目天臺,1
50,欣丹扆,1
