﻿排名,詞彙,出現次數
1,坐有賓朋,1
2,棲鳳枝梢,1
3,迷古道紅,1
4,古道紅葉,1
5,道紅葉亂,1
6,紅葉亂朝,1
7,葉亂朝霞,1
8,亂朝霞棲,1
9,朝霞棲鳳,1
10,霞棲鳳枝,1
11,鳳枝梢猶,1
12,有賓朋尊,1
13,枝梢猶軟,1
14,梢猶軟弱,1
15,猶軟弱化,1
16,軟弱化龍,1
17,弱化龍形,1
18,化龍形狀,1
19,龍形狀已,1
20,形狀已依,1
21,苔迷古道,1
22,蒼苔迷古,1
23,峒蒼苔迷,1
24,崆峒蒼苔,1
25,賓朋尊有,1
26,朋尊有酒,1
27,尊有酒可,1
28,有酒可憐,1
29,酒可憐清,1
30,可憐清味,1
31,憐清味屬,1
32,清味屬儂,1
33,味屬儂家,1
34,靈槎思浩,1
35,槎思浩蕩,1
36,思浩蕩老,1
37,浩蕩老鶴,1
38,蕩老鶴倚,1
39,老鶴倚崆,1
40,鶴倚崆峒,1
41,倚崆峒蒼,1
42,狀已依稀,1
