﻿排名,詞彙,出現次數
1,魚戲蓮,5
2,戲蓮葉,5
3,清秋見,1
4,樹色暮,1
5,色暮連,1
6,暮連空,1
7,連空愁,1
8,空愁向,1
9,愁向高,1
10,向高唐,1
11,高唐望,1
12,唐望清,1
13,望清秋,1
14,秋見楚,1
15,見楚宮,1
16,東城攀,1
17,城攀柳,1
18,攀柳葉,1
19,柳葉柳,1
20,葉柳葉,1
21,柳葉低,1
22,葉低著,1
23,低著草,1
24,著草少,1
25,水樹色,1
26,過水樹,1
27,寒過水,1
28,聲寒過,1
29,巫山十,1
30,山十二,1
31,十二峰,1
32,二峰皆,1
33,峰皆在,1
34,皆在碧,1
35,在碧虛,1
36,碧虛中,1
37,虛中回,1
38,中回合,1
39,回合雲,1
40,合雲藏,1
41,雲藏日,1
42,藏日霏,1
43,日霏微,1
44,霏微雨,1
45,微雨帶,1
46,雨帶風,1
47,帶風猿,1
48,風猿聲,1
49,猿聲寒,1
50,草少壯,1
