﻿排名,詞彙,出現次數
1,悲來乎,6
2,君不見,5
3,來乎悲,3
4,乎悲來,3
5,之難難,2
6,難難於,2
7,難於上,2
8,於上青,2
9,上青天,2
10,錦水東,2
11,波蕩雙,2
12,蕩雙鴛,2
13,雙鴛鴦,2
14,鴛鴦雄,2
15,鴦雄巢,2
16,道之難,2
17,巢漢宮,2
18,漢宮樹,2
19,宮樹雌,2
20,樹雌弄,2
21,雌弄秦,2
22,弄秦草,2
23,秦草芳,2
24,入新豐,2
25,入咸陽,2
26,雄巢漢,2
27,哉蜀道,2
28,蜀道之,2
29,玉門關,2
30,三十六,2
31,樂未窮,2
32,烽火燃,2
33,天上來,2
34,不復回,2
35,五花馬,2
36,千金裘,2
37,換美酒,2
38,與爾同,2
39,灑赤血,2
40,胡沙埋,2
41,銀鞍白,2
42,若雪山,2
43,少年游,2
44,淩穹蒼,2
45,無歸日,2
46,誰家子,2
47,見相見,2
48,長相思,2
49,上留田,2
50,不慚世,2
