﻿排名,詞彙,出現次數
1,自從雙,1
2,尺煙江,1
3,役塵中,1
4,塵中累,1
5,中累貪,1
6,累貪合,1
7,貪合魚,1
8,合魚龍,1
9,魚龍構,1
10,龍構強,1
11,構強名,1
12,咫尺煙,1
13,煙江幾,1
14,從雙鬢,1
15,江幾多,1
16,幾多地,1
17,多地不,1
18,地不須,1
19,不須懷,1
20,須懷抱,1
21,懷抱重,1
22,抱重淒,1
23,重淒淒,1
24,兄弟四,1
25,役役塵,1
26,能役役,1
27,誰能役,1
28,蓼花愁,1
29,雙鬢斑,1
30,鬢斑斑,1
31,斑斑白,1
32,斑白不,1
33,白不學,1
34,不學安,1
35,學安仁,1
36,安仁卻,1
37,仁卻自,1
38,卻自驚,1
39,莫更留,1
40,更留連,1
41,留連好,1
42,連好歸,1
43,好歸去,1
44,歸去露,1
45,去露華,1
46,露華淒,1
47,華淒冷,1
48,淒冷蓼,1
49,冷蓼花,1
50,弟四人,1
