﻿排名,詞彙,出現次數
1,坐有賓,1
2,有賓朋,1
3,迷古道,1
4,古道紅,1
5,道紅葉,1
6,紅葉亂,1
7,葉亂朝,1
8,亂朝霞,1
9,朝霞棲,1
10,霞棲鳳,1
11,棲鳳枝,1
12,鳳枝梢,1
13,枝梢猶,1
14,梢猶軟,1
15,猶軟弱,1
16,軟弱化,1
17,弱化龍,1
18,化龍形,1
19,龍形狀,1
20,形狀已,1
21,狀已依,1
22,苔迷古,1
23,蒼苔迷,1
24,峒蒼苔,1
25,味屬儂,1
26,賓朋尊,1
27,朋尊有,1
28,尊有酒,1
29,有酒可,1
30,酒可憐,1
31,可憐清,1
32,憐清味,1
33,清味屬,1
34,屬儂家,1
35,崆峒蒼,1
36,靈槎思,1
37,槎思浩,1
38,思浩蕩,1
39,浩蕩老,1
40,蕩老鶴,1
41,老鶴倚,1
42,鶴倚崆,1
43,倚崆峒,1
44,已依稀,1
