﻿排名,詞彙,出現次數
1,皇矣天,1
2,仙祀用,1
3,靈昭饗,1
4,昭饗祀,1
5,饗祀事,1
6,惟帝時,1
7,帝時若,1
8,時若去,1
9,若去而,1
10,去而上,1
11,而上仙,1
12,上仙祀,1
13,祀用商,1
14,矣天宗,1
15,用商舞,1
16,商舞樂,1
17,舞樂備,1
18,樂備宮,1
19,備宮懸,1
20,宮懸白,1
21,懸白璧,1
22,白璧加,1
23,璧加薦,1
24,加薦玄,1
25,降靈昭,1
26,其降靈,1
27,神其降,1
28,志神其,1
29,天宗德,1
30,宗德先,1
31,德先王,1
32,先王季,1
33,王季因,1
34,季因心,1
35,因心則,1
36,心則友,1
37,則友克,1
38,友克讓,1
39,克讓以,1
40,讓以位,1
41,以位爰,1
42,位爰命,1
43,爰命有,1
44,命有司,1
45,有司式,1
46,司式遵,1
47,式遵前,1
48,遵前志,1
49,前志神,1
50,薦玄纁,1
