﻿排名,詞彙,出現次數
1,摘使瓜,2
2,帳外風,1
3,敕勒金,1
4,勒金隤,1
5,金隤壁,1
6,隤壁陰,1
7,壁陰山,1
8,陰山無,1
9,山無歲,1
10,無歲華,1
11,歲華帳,1
12,華帳外,1
13,外風飄,1
14,種瓜黃,1
15,風飄雪,1
16,飄雪營,1
17,雪營前,1
18,營前月,1
19,前月照,1
20,月照沙,1
21,照沙羌,1
22,沙羌兒,1
23,羌兒吹,1
24,兒吹玉,1
25,抱蔓歸,1
26,絕抱蔓,1
27,摘絕抱,1
28,可摘絕,1
29,瓜黃台,1
30,黃台下,1
31,台下瓜,1
32,下瓜熟,1
33,瓜熟子,1
34,熟子離,1
35,子離離,1
36,離離一,1
37,離一摘,1
38,一摘使,1
39,使瓜好,1
40,瓜好再,1
41,好再摘,1
42,再摘使,1
43,使瓜稀,1
44,瓜稀三,1
45,稀三摘,1
46,三摘猶,1
47,摘猶自,1
48,猶自可,1
49,自可摘,1
50,吹玉管,1
