﻿排名,詞彙,出現次數
1,者邊走,2
2,那邊走,2
3,歌樓路,1
4,按幸為,1
5,幸為憂,1
6,為憂邊,1
7,憂邊此,1
8,邊此去,1
9,此去如,1
10,去如登,1
11,如登陟,1
12,登陟歌,1
13,陟歌樓,1
14,樓路幾,1
15,路幾千,1
16,緩轡逾,1
17,轡逾雙,1
18,逾雙劍,1
19,雙劍行,1
20,劍行行,1
21,行行躡,1
22,行躡石,1
23,躡石棱,1
24,石棱作,1
25,樂按幸,1
26,取樂按,1
27,非取樂,1
28,馳非取,1
29,喬岩簇,1
30,岩簇冷,1
31,簇冷煙,1
32,冷煙幽,1
33,煙幽徑,1
34,幽徑上,1
35,徑上寒,1
36,上寒天,1
37,寒天下,1
38,天下瞰,1
39,下瞰峨,1
40,瞰峨眉,1
41,峨眉嶺,1
42,眉嶺上,1
43,嶺上窺,1
44,上窺華,1
45,窺華嶽,1
46,華嶽巔,1
47,嶽巔驅,1
48,巔驅馳,1
49,驅馳非,1
50,棱作千,1
