﻿排名,詞彙,出現次數
1,鳳輦騰宸,1
2,雲斂蓋陰,1
3,氣沼中浮,1
4,沼中浮林,1
5,中浮林凋,1
6,浮林凋帷,1
7,林凋帷影,1
8,凋帷影散,1
9,帷影散雲,1
10,影散雲斂,1
11,散雲斂蓋,1
12,斂蓋陰收,1
13,擁蒸氣沼,1
14,蓋陰收霜,1
15,陰收霜郊,1
16,收霜郊暢,1
17,霜郊暢玄,1
18,郊暢玄覽,1
19,暢玄覽參,1
20,玄覽參差,1
21,覽參差落,1
22,參差落景,1
23,蒸氣沼中,1
24,外擁蒸氣,1
25,輦騰宸駕,1
26,德疏溫液,1
27,騰宸駕驪,1
28,宸駕驪籞,1
29,駕驪籞次,1
30,驪籞次幹,1
31,籞次幹遊,1
32,次幹遊坎,1
33,幹遊坎德,1
34,遊坎德疏,1
35,坎德疏溫,1
36,疏溫液山,1
37,空外擁蒸,1
38,溫液山隈,1
39,液山隈派,1
40,山隈派暖,1
41,隈派暖流,1
42,派暖流寒,1
43,暖流寒氛,1
44,流寒氛空,1
45,寒氛空外,1
46,氛空外擁,1
47,差落景遒,1
