﻿排名,詞彙,出現次數
1,鳳輦騰,1
2,輦騰宸,1
3,氣沼中,1
4,沼中浮,1
5,中浮林,1
6,浮林凋,1
7,林凋帷,1
8,凋帷影,1
9,帷影散,1
10,影散雲,1
11,散雲斂,1
12,雲斂蓋,1
13,斂蓋陰,1
14,蓋陰收,1
15,陰收霜,1
16,收霜郊,1
17,霜郊暢,1
18,郊暢玄,1
19,暢玄覽,1
20,玄覽參,1
21,覽參差,1
22,參差落,1
23,差落景,1
24,蒸氣沼,1
25,擁蒸氣,1
26,外擁蒸,1
27,德疏溫,1
28,騰宸駕,1
29,宸駕驪,1
30,駕驪籞,1
31,驪籞次,1
32,籞次幹,1
33,次幹遊,1
34,幹遊坎,1
35,遊坎德,1
36,坎德疏,1
37,疏溫液,1
38,空外擁,1
39,溫液山,1
40,液山隈,1
41,山隈派,1
42,隈派暖,1
43,派暖流,1
44,暖流寒,1
45,流寒氛,1
46,寒氛空,1
47,氛空外,1
48,落景遒,1
