﻿排名,詞彙,出現次數
1,為君死,2
2,瀧船似,2
3,海千里,1
4,高慶雷,1
5,慶雷齊,1
6,雷齊墜,1
7,齊墜地,1
8,墜地地,1
9,地地無,1
10,地無驚,1
11,無驚煙,1
12,驚煙海,1
13,煙海千,1
14,古祠近,1
15,祠近月,1
16,近月蟾,1
17,月蟾桂,1
18,蟾桂寒,1
19,桂寒椒,1
20,寒椒花,1
21,椒花墜,1
22,花墜紅,1
23,墜紅濕,1
24,紅濕雲,1
25,天高慶,1
26,逢天高,1
27,逢逢天,1
28,鼓逢逢,1
29,上之回,1
30,之回大,1
31,回大旗,1
32,大旗喜,1
33,旗喜懸,1
34,喜懸虹,1
35,懸虹彗,1
36,虹彗撻,1
37,彗撻鳳,1
38,撻鳳尾,1
39,鳳尾劍,1
40,尾劍匣,1
41,劍匣破,1
42,匣破舞,1
43,破舞蛟,1
44,舞蛟龍,1
45,蛟龍蚩,1
46,龍蚩尤,1
47,蚩尤死,1
48,尤死鼓,1
49,死鼓逢,1
50,濕雲間,1
