﻿排名,詞彙,出現次數
1,朝野意,2
2,疏芳河,1
3,德區宇,1
4,區宇均,1
5,宇均雲,1
6,均雲開,1
7,雲開灑,1
8,開灑膏,1
9,灑膏露,1
10,膏露草,1
11,露草疏,1
12,草疏芳,1
13,芳河津,1
14,韶年啟,1
15,河津歲,1
16,津歲華,1
17,歲華今,1
18,華今載,1
19,今載陽,1
20,載陽東,1
21,陽東作,1
22,東作方,1
23,作方肆,1
24,方肆勤,1
25,生德區,1
26,同生德,1
27,野同生,1
28,朝野同,1
29,年啟仲,1
30,啟仲序,1
31,仲序初,1
32,序初吉,1
33,初吉諧,1
34,吉諧良,1
35,諧良辰,1
36,良辰肇,1
37,辰肇茲,1
38,肇茲中,1
39,茲中和,1
40,中和節,1
41,和節式,1
42,節式慶,1
43,式慶天,1
44,慶天地,1
45,天地春,1
46,地春歡,1
47,春歡酣,1
48,歡酣朝,1
49,酣朝野,1
50,肆勤慚,1
