﻿排名,詞彙,出現次數
1,九日正,1
2,恣淹留,1
3,菊初收,1
4,初收何,1
5,收何藉,1
6,何藉龍,1
7,藉龍沙,1
8,龍沙上,1
9,沙上方,1
10,上方得,1
11,方得恣,1
12,得恣淹,1
13,四郊秦,1
14,日正乘,1
15,郊秦漢,1
16,秦漢國,1
17,漢國八,1
18,國八水,1
19,八水帝,1
20,水帝王,1
21,帝王都,1
22,王都閶,1
23,都閶闔,1
24,閶闔雄,1
25,澤菊初,1
26,彭澤菊,1
27,熟彭澤,1
28,早熟彭,1
29,正乘秋,1
30,乘秋三,1
31,秋三杯,1
32,三杯興,1
33,杯興已,1
34,興已周,1
35,已周泛,1
36,周泛桂,1
37,泛桂迎,1
38,桂迎尊,1
39,迎尊滿,1
40,尊滿吹,1
41,滿吹花,1
42,吹花向,1
43,花向酒,1
44,向酒浮,1
45,酒浮長,1
46,浮長房,1
47,長房萸,1
48,房萸早,1
49,萸早熟,1
50,闔雄裏,1
