﻿排名,詞彙,出現次數
1,勸耕桑,2
2,長安道,2
3,億兆同,2
4,野望通,2
5,中得秘,2
6,玉清書,2
7,出三秦,2
8,塘猶沛,1
9,斯躍城,1
10,躍城池,1
11,城池鳳,1
12,池鳳翔,1
13,鳳翔餘,1
14,翔餘林,1
15,餘林塘,1
16,林塘猶,1
17,澤台榭,1
18,猶沛澤,1
19,沛澤台,1
20,邑龍斯,1
21,台榭宛,1
22,榭宛舊,1
23,宛舊居,1
24,舊居運,1
25,居運革,1
26,運革祚,1
27,革祚中,1
28,龍斯躍,1
29,參虛井,1
30,井邑龍,1
31,國初俯,1
32,緬想封,1
33,想封唐,1
34,封唐處,1
35,唐處實,1
36,處實惟,1
37,實惟建,1
38,惟建國,1
39,建國初,1
40,初俯察,1
41,虛井邑,1
42,俯察伊,1
43,察伊晉,1
44,伊晉野,1
45,晉野仰,1
46,野仰觀,1
47,仰觀乃,1
48,觀乃參,1
49,乃參虛,1
50,祚中否,1
