﻿排名,詞彙,出現次數
1,副君昭象,1
2,規仙氣靄,1
3,止控鶴來,1
4,戾止控鶴,1
5,驅戾止控,1
6,前驅戾止,1
7,師前驅戾,1
8,師師前驅,1
9,從師師前,1
10,靈從師師,1
11,靄靈從師,1
12,靄靄靈從,1
13,氣靄靄靈,1
14,仙氣靄靄,1
15,成規仙氣,1
16,君昭象道,1
17,裕成規仙,1
18,玉裕成規,1
19,德玉裕成,1
20,備德玉裕,1
21,樓備德玉,1
22,銅樓備德,1
23,離銅樓備,1
24,黃離銅樓,1
25,應黃離銅,1
26,道應黃離,1
27,象道應黃,1
28,昭象道應,1
29,控鶴來儀,1
