﻿排名,詞彙,出現次數
1,皇情悼往,1
2,晰掌禮雲,1
3,神靈其鑒,1
4,送神靈其,1
5,以送神靈,1
6,樂以送神,1
7,徹樂以送,1
8,告徹樂以,1
9,筵告徹樂,1
10,司筵告徹,1
11,備司筵告,1
12,雲備司筵,1
13,禮雲備司,1
14,掌禮雲備,1
15,昭晰掌禮,1
16,情悼往祀,1
17,旄昭晰掌,1
18,羽旄昭晰,1
19,鏘羽旄昭,1
20,鏗鏘羽旄,1
21,鼓鏗鏘羽,1
22,鐘鼓鏗鏘,1
23,設鐘鼓鏗,1
24,增設鐘鼓,1
25,議增設鐘,1
26,祀議增設,1
27,往祀議增,1
28,悼往祀議,1
29,靈其鑒闋,1
