﻿排名,詞彙,出現次數
1,惟人之,2
2,君不見,2
3,晞斥田,1
4,以仁揚,1
5,仁揚其,1
6,揚其旗,1
7,其旗日,1
8,旗日之,1
9,日之升,1
10,之升九,1
11,升九土,1
12,九土晞,1
13,土晞斥,1
14,斥田圻,1
15,田圻流,1
16,圻流洪,1
17,流洪輝,1
18,洪輝有,1
19,輝有其,1
20,有其二,1
21,其二翼,1
22,二翼餘,1
23,翼餘隋,1
24,餘隋斫,1
25,號以仁,1
26,機號以,1
27,天機號,1
28,專天機,1
29,晉陽武,1
30,陽武奮,1
31,武奮義,1
32,奮義威,1
33,義威煬,1
34,威煬之,1
35,煬之渝,1
36,之渝德,1
37,渝德焉,1
38,德焉歸,1
39,焉歸氓,1
40,歸氓畢,1
41,氓畢屠,1
42,畢屠綏,1
43,屠綏者,1
44,綏者誰,1
45,者誰皇,1
46,誰皇烈,1
47,皇烈烈,1
48,烈烈專,1
49,烈專天,1
50,隋斫梟,1
