﻿排名,詞彙,出現次數
1,隴頭秋,2
2,轉蓬輕,2
3,馬屢驚,2
4,屢驚霧,2
5,驚霧中,2
6,霧中寒,2
7,中寒雁,2
8,寒雁至,2
9,雁至沙,2
10,至沙上,2
11,沙上轉,2
12,上轉蓬,2
13,蓬輕天,2
14,頭秋月,2
15,輕天山,2
16,天山傳,2
17,山傳羽,2
18,傳羽檄,2
19,羽檄漢,2
20,檄漢地,2
21,漢地急,2
22,地急徵,2
23,急徵兵,2
24,徵兵陣,2
25,冰馬屢,2
26,乘冰馬,2
27,暗乘冰,2
28,猶暗乘,2
29,秋月明,2
30,月明隴,2
31,明隴水,2
32,隴水帶,2
33,水帶關,2
34,帶關城,2
35,關城笳,2
36,城笳添,2
37,笳添離,2
38,添離別,2
39,離別曲,2
40,別曲風,2
41,曲風送,2
42,風送斷,2
43,送斷腸,2
44,斷腸聲,2
45,腸聲映,2
46,聲映雪,2
47,映雪峰,2
48,雪峰猶,2
49,峰猶暗,2
50,兵陣開,2
