﻿排名,詞彙,出現次數
1,聖基隆,2
2,薦非馨,2
3,千官肅,2
4,官肅事,2
5,敢薦非,2
6,至化真,1
7,上玄降,1
8,玄降鑒,1
9,降鑒方,1
10,鑒方建,1
11,方建隆,1
12,建隆基,1
13,太陰凝,1
14,陰凝至,1
15,凝至化,1
16,真耀蘊,1
17,化真耀,1
18,雍熙上,1
19,耀蘊軒,1
20,蘊軒儀,1
21,軒儀德,1
22,儀德邁,1
23,德邁娥,1
24,邁娥台,1
25,娥台敞,1
26,台敞仁,1
27,熙上玄,1
28,海內雍,1
29,內雍熙,1
30,宅海內,1
31,羲農首,1
32,農首出,1
33,首出軒,1
34,出軒昊,1
35,軒昊膺,1
36,昊膺期,1
37,膺期唐,1
38,期唐虞,1
39,唐虞繼,1
40,虞繼踵,1
41,繼踵湯,1
42,踵湯禹,1
43,湯禹乘,1
44,禹乘時,1
45,乘時天,1
46,時天下,1
47,天下光,1
48,下光宅,1
49,光宅海,1
50,敞仁高,1
