﻿排名,詞彙,出現次數
1,蒼震有位,1
2,成銜冤昔,1
3,秩奉樂以,1
4,有秩奉樂,1
5,靈有秩奉,1
6,享靈有秩,1
7,榮享靈有,1
8,今榮享靈,1
9,典今榮享,1
10,贈典今榮,1
11,痛贈典今,1
12,昔痛贈典,1
13,冤昔痛贈,1
14,銜冤昔痛,1
15,災成銜冤,1
16,震有位黃,1
17,據災成銜,1
18,戾據災成,1
19,結戾據災,1
20,禍結戾據,1
21,充禍結戾,1
22,江充禍結,1
23,明江充禍,1
24,蔽明江充,1
25,離蔽明江,1
26,黃離蔽明,1
27,位黃離蔽,1
28,有位黃離,1
29,奉樂以迎,1
