﻿排名,詞彙,出現次數
1,周稱王季,1
2,芬藏用四,1
3,石載紀鴻,1
4,鐘石載紀,1
5,鏘鐘石載,1
6,鏗鏘鐘石,1
7,分鏗鏘鐘,1
8,三分鏗鏘,1
9,道三分鏗,1
10,屈道三分,1
11,履屈道三,1
12,四履屈道,1
13,用四履屈,1
14,藏用四履,1
15,齊芬藏用,1
16,稱王季晉,1
17,穆齊芬藏,1
18,穆穆齊芬,1
19,德穆穆齊,1
20,盛德穆穆,1
21,明盛德穆,1
22,明明盛德,1
23,文明明盛,1
24,帝文明明,1
25,美帝文明,1
26,晉美帝文,1
27,季晉美帝,1
28,王季晉美,1
29,載紀鴻勳,1
