﻿排名,詞彙,出現次數
1,無處所,2
2,處所台,2
3,回俯眺,1
4,武威揚,1
5,巫山峰,1
6,山峰十,1
7,峰十二,1
8,十二環,1
9,二環合,1
10,環合隱,1
11,合隱昭,1
12,隱昭回,1
13,昭回俯,1
14,俯眺琵,1
15,眺琵琶,1
16,琵琶峽,1
17,琶峽平,1
18,峽平看,1
19,平看雲,1
20,看雲雨,1
21,雲雨台,1
22,雨台古,1
23,台古槎,1
24,古槎天,1
25,戚武威,1
26,幹戚武,1
27,呈幹戚,1
28,還呈幹,1
29,沈潛演,1
30,潛演貺,1
31,演貺分,1
32,貺分三,1
33,分三極,1
34,三極廣,1
35,極廣大,1
36,廣大凝,1
37,大凝禎,1
38,凝禎總,1
39,禎總萬,1
40,總萬方,1
41,萬方既,1
42,方既薦,1
43,既薦羽,1
44,薦羽旌,1
45,羽旌文,1
46,旌文化,1
47,文化啟,1
48,化啟還,1
49,啟還呈,1
50,槎天外,1
