﻿排名,詞彙,出現次數
1,五紀更,1
2,安地軸,1
3,德察緯,1
4,察緯告,1
5,緯告征,1
6,告征上,1
7,征上紐,1
8,上紐天,1
9,紐天維,1
10,天維下,1
11,維下安,1
12,下安地,1
13,地軸征,1
14,紀更運,1
15,軸征師,1
16,征師涿,1
17,師涿野,1
18,涿野萬,1
19,野萬國,1
20,萬國咸,1
21,國咸服,1
22,咸服偃,1
23,服偃伯,1
24,偃伯靈,1
25,彰德察,1
26,雲彰德,1
27,望雲彰,1
28,膺望雲,1
29,更運三,1
30,運三正,1
31,三正遞,1
32,正遞升,1
33,遞升勳,1
34,升勳華,1
35,勳華既,1
36,華既沒,1
37,既沒禹,1
38,沒禹湯,1
39,禹湯勃,1
40,湯勃興,1
41,勃興神,1
42,興神武,1
43,神武命,1
44,武命代,1
45,命代靈,1
46,代靈眷,1
47,靈眷是,1
48,眷是膺,1
49,是膺望,1
50,伯靈台,1
