﻿排名,詞彙,出現次數
1,遙相望,2
2,鏡晚窺,1
3,幃夕未,1
4,夕未空,1
5,未空歌,1
6,空歌屏,1
7,歌屏朝,1
8,屏朝掩,1
9,朝掩翠,1
10,掩翠妝,1
11,翠妝鏡,1
12,妝鏡晚,1
13,晚窺紅,1
14,東彌長,1
15,窺紅君,1
16,紅君看,1
17,君看舊,1
18,看舊日,1
19,舊日高,1
20,日高臺,1
21,高臺處,1
22,臺處柏,1
23,處柏梁,1
24,柏梁銅,1
25,羅幃夕,1
26,襞羅幃,1
27,不襞羅,1
28,晝不襞,1
29,彌長樂,1
30,長樂觀,1
31,樂觀西,1
32,觀西指,1
33,西指未,1
34,指未央,1
35,未央宮,1
36,央宮赤,1
37,宮赤城,1
38,赤城映,1
39,城映朝,1
40,映朝日,1
41,朝日綠,1
42,日綠樹,1
43,綠樹搖,1
44,樹搖春,1
45,搖春風,1
46,春風錦,1
47,風錦衣,1
48,錦衣晝,1
49,衣晝不,1
50,梁銅雀,1
