﻿排名,詞彙,出現次數
1,羽鑰崇,1
2,日隨旌,1
3,雞隔水,1
4,隔水啼,1
5,水啼汗,1
6,啼汗馬,1
7,汗馬逐,1
8,馬逐風,1
9,逐風嘶,1
10,風嘶終,1
11,嘶終日,1
12,終日隨,1
13,隨旌旆,1
14,鑰崇文,1
15,旌旆何,1
16,旆何時,1
17,何時罷,1
18,時罷鼓,1
19,罷鼓鼙,1
20,鼓鼙孤,1
21,鼙孤心,1
22,孤心眠,1
23,心眠夜,1
24,眠夜雪,1
25,荒雞隔,1
26,樂太平,1
27,威樂太,1
28,宣威樂,1
29,崇文禮,1
30,文禮以,1
31,禮以畢,1
32,以畢幹,1
33,畢幹戚,1
34,幹戚奮,1
35,戚奮武,1
36,奮武事,1
37,武事將,1
38,事將行,1
39,將行用,1
40,行用舍,1
41,用舍繇,1
42,舍繇來,1
43,繇來其,1
44,來其有,1
45,其有致,1
46,有致壯,1
47,致壯志,1
48,壯志宣,1
49,志宣威,1
50,夜雪滿,1
