﻿排名,詞彙,出現次數
1,陰祇協贊,1
2,成其禮惟,1
3,矣式鑒虔,1
4,聽矣式鑒,1
5,之聽矣式,1
6,神之聽矣,1
7,明神之聽,1
8,惟明神之,1
9,德惟明神,1
10,其德惟明,1
11,肅其德惟,1
12,惟肅其德,1
13,禮惟肅其,1
14,其禮惟肅,1
15,備成其禮,1
16,祇協贊厚,1
17,管備成其,1
18,簫管備成,1
19,舉簫管備,1
20,具舉簫管,1
21,幣具舉簫,1
22,牲幣具舉,1
23,貞牲幣具,1
24,方貞牲幣,1
25,載方貞牲,1
26,厚載方貞,1
27,贊厚載方,1
28,協贊厚載,1
29,式鑒虔誠,1
