﻿排名,詞彙,出現次數
1,巫峽見,1
2,九秋中,1
3,樹色同,1
4,色同清,1
5,同清猿,1
6,清猿不,1
7,猿不可,1
8,不可聽,1
9,可聽偏,1
10,聽偏在,1
11,偏在九,1
12,在九秋,1
13,吹角出,1
14,峽見巴,1
15,角出塞,1
16,出塞門,1
17,塞門前,1
18,門前瞻,1
19,前瞻即,1
20,瞻即胡,1
21,即胡地,1
22,胡地三,1
23,地三軍,1
24,三軍盡,1
25,暄樹色,1
26,寒暄樹,1
27,落寒暄,1
28,聲落寒,1
29,見巴東,1
30,巴東迢,1
31,東迢迢,1
32,迢迢半,1
33,迢半出,1
34,半出空,1
35,出空雲,1
36,空雲藏,1
37,雲藏神,1
38,藏神女,1
39,神女館,1
40,女館雨,1
41,館雨到,1
42,雨到楚,1
43,到楚王,1
44,楚王宮,1
45,王宮朝,1
46,宮朝暮,1
47,朝暮泉,1
48,暮泉聲,1
49,泉聲落,1
50,軍盡回,1
