﻿排名,詞彙,出現次數
1,爪牙在,2
2,迤入塞,1
3,帶柳城,1
4,柳城分,1
5,城分日,1
6,分日落,1
7,日落天,1
8,落天邊,1
9,天邊望,1
10,邊望逶,1
11,望逶迤,1
12,逶迤入,1
13,入塞雲,1
14,隴頭心,1
15,塞雲秦,1
16,雲秦隴,1
17,秦隴逼,1
18,隴逼氐,1
19,逼氐羌,1
20,氐羌征,1
21,羌征人,1
22,征人去,1
23,人去未,1
24,去未央,1
25,綠帶柳,1
26,積綠帶,1
27,海積綠,1
28,鹽海積,1
29,頭心欲,1
30,心欲絕,1
31,欲絕隴,1
32,絕隴水,1
33,隴水不,1
34,水不堪,1
35,不堪聞,1
36,堪聞碎,1
37,聞碎影,1
38,碎影搖,1
39,影搖槍,1
40,搖槍壘,1
41,槍壘寒,1
42,壘寒聲,1
43,寒聲咽,1
44,聲咽帳,1
45,咽帳軍,1
46,帳軍素,1
47,軍素從,1
48,素從鹽,1
49,從鹽海,1
50,未央如,1
