﻿排名,詞彙,出現次數
1,至矣坤德,1
2,規九宮肅,1
3,命長保無,1
4,配命長保,1
5,言配命長,1
6,永言配命,1
7,儀永言配,1
8,相儀永言,1
9,典相儀永,1
10,六典相儀,1
11,列六典相,1
12,肅列六典,1
13,宮肅列六,1
14,九宮肅列,1
15,承規九宮,1
16,矣坤德皇,1
17,大承規九,1
18,合大承規,1
19,紐合大承,1
20,統紐合大,1
21,元統紐合,1
22,開元統紐,1
23,祇開元統,1
24,地祇開元,1
25,哉地祇開,1
26,皇哉地祇,1
27,德皇哉地,1
28,坤德皇哉,1
29,長保無虧,1
