﻿排名,詞彙,出現次數
1,夕惕司龍,1
2,旨絕壤飛,1
3,壤飛冠蓋,1
4,飛冠蓋遐,1
5,冠蓋遐區,1
6,蓋遐區麗,1
7,遐區麗山,1
8,區麗山水,1
9,麗山水幸,1
10,山水幸承,1
11,水幸承三,1
12,幸承三聖,1
13,承三聖餘,1
14,三聖餘忻,1
15,聖餘忻屬,1
16,餘忻屬千,1
17,忻屬千年,1
18,絕壤飛冠,1
19,先旨絕壤,1
20,惕司龍契,1
21,循先旨絕,1
22,司龍契晨,1
23,龍契晨兢,1
24,契晨兢當,1
25,晨兢當鳳,1
26,兢當鳳扆,1
27,當鳳扆崇,1
28,鳳扆崇儒,1
29,扆崇儒習,1
30,崇儒習舊,1
31,儒習舊規,1
32,習舊規偃,1
33,舊規偃伯,1
34,規偃伯循,1
35,偃伯循先,1
36,伯循先旨,1
37,屬千年始,1
