﻿排名,詞彙,出現次數
1,夕惕司,1
2,山水幸,1
3,壤飛冠,1
4,飛冠蓋,1
5,冠蓋遐,1
6,蓋遐區,1
7,遐區麗,1
8,區麗山,1
9,麗山水,1
10,水幸承,1
11,惕司龍,1
12,幸承三,1
13,承三聖,1
14,三聖餘,1
15,聖餘忻,1
16,餘忻屬,1
17,忻屬千,1
18,屬千年,1
19,絕壤飛,1
20,旨絕壤,1
21,先旨絕,1
22,循先旨,1
23,司龍契,1
24,龍契晨,1
25,契晨兢,1
26,晨兢當,1
27,兢當鳳,1
28,當鳳扆,1
29,鳳扆崇,1
30,扆崇儒,1
31,崇儒習,1
32,儒習舊,1
33,習舊規,1
34,舊規偃,1
35,規偃伯,1
36,偃伯循,1
37,伯循先,1
38,千年始,1
