﻿排名,詞彙,出現次數
1,北地萬,3
2,天子何,3
3,明月流,3
4,烏貪笳,2
5,曲秋風,2
6,天子按,2
7,子按雕,2
8,按雕戈,2
9,雕戈振,2
10,戈振旅,2
11,振旅汾,2
12,旅汾川,2
13,汾川曲,2
14,川曲秋,2
15,秋風橫,2
16,在烏貪,2
17,璽天子,2
18,橫大歌,2
19,將軍出,2
20,軍出紫,2
21,出紫塞,2
22,紫塞冒,2
23,塞冒頓,2
24,冒頓在,2
25,頓在烏,2
26,風橫大,2
27,玉璽天,2
28,拜玉璽,2
29,多五營,2
30,回中道,2
31,中道路,2
32,道路險,2
33,路險蕭,2
34,險蕭關,2
35,蕭關烽,2
36,關烽候,2
37,烽候多,2
38,候多五,2
39,五營屯,2
40,于拜玉,2
41,營屯北,2
42,屯北地,2
43,地萬乘,2
44,萬乘出,2
45,乘出西,2
46,出西河,2
47,西河單,2
48,河單于,2
49,單于拜,2
50,貪笳喧,2
