﻿排名,詞彙,出現次數
1,嚴禋展事,1
2,香盛薦既,1
3,慶降福穰,1
4,之慶降福,1
5,來之慶降,1
6,大來之慶,1
7,揚大來之,1
8,載揚大來,1
9,歌載揚大,1
10,工歌載揚,1
11,撤工歌載,1
12,既撤工歌,1
13,薦既撤工,1
14,盛薦既撤,1
15,馨香盛薦,1
16,禋展事理,1
17,惟馨香盛,1
18,德惟馨香,1
19,祖德惟馨,1
20,聖祖德惟,1
21,矣聖祖德,1
22,皇矣聖祖,1
23,嘗皇矣聖,1
24,烝嘗皇矣,1
25,潔烝嘗皇,1
26,理潔烝嘗,1
27,事理潔烝,1
28,展事理潔,1
29,降福穰穰,1
