﻿排名,詞彙,出現次數
1,匈奴屢不,2
2,城會勒燕,2
3,馬邑揚旆,2
4,奴屢不平,2
5,揚旆掩龍,2
6,旆掩龍城,2
7,掩龍城會,2
8,龍城會勒,2
9,會勒燕然,2
10,始連營潛,2
11,勒燕然石,2
12,燕然石方,2
13,然石方傳,2
14,石方傳車,2
15,方傳車騎,2
16,傳車騎名,2
17,連營潛軍,2
18,邑揚旆掩,2
19,月始連營,2
20,縱橫看雲,2
21,屢不平漢,2
22,不平漢將,2
23,平漢將欲,2
24,卻月始連,2
25,將欲縱橫,2
26,欲縱橫看,2
27,漢將欲縱,2
28,橫看雲方,2
29,看雲方結,2
30,雲方結陣,2
31,方結陣卻,2
32,結陣卻月,2
33,陣卻月始,2
34,營潛軍渡,1
35,潛軍渡馬,1
36,軍渡馬邑,1
37,渡馬邑揚,1
38,營潛軍度,1
39,潛軍度馬,1
40,軍度馬邑,1
41,度馬邑揚,1
