﻿排名,詞彙,出現次數
1,細蕊慢,1
2,見造化,1
3,今年低,1
4,年低枝,1
5,低枝已,1
6,枝已憔,1
7,已憔悴,1
8,憔悴吾,1
9,悴吾所,1
10,吾所以,1
11,所以見,1
12,以見造,1
13,造化之,1
14,蕊慢逐,1
15,化之權,1
16,之權變,1
17,權變通,1
18,變通之,1
19,通之理,1
20,之理春,1
21,理春夏,1
22,春夏作,1
23,夏作頭,1
24,作頭秋,1
25,地今年,1
26,壓地今,1
27,猶壓地,1
28,枝猶壓,1
29,慢逐風,1
30,逐風暖,1
31,風暖香,1
32,暖香閑,1
33,香閑破,1
34,閑破鼻,1
35,破鼻青,1
36,鼻青帝,1
37,青帝固,1
38,帝固有,1
39,固有心,1
40,有心時,1
41,心時時,1
42,時時動,1
43,時動人,1
44,動人意,1
45,人意去,1
46,意去年,1
47,去年高,1
48,年高枝,1
49,高枝猶,1
50,頭秋冬,1
