﻿排名,詞彙,出現次數
1,橫行俱,1
2,自塞垣,1
3,園搖落,1
4,搖落夜,1
5,落夜那,1
6,夜那堪,1
7,那堪少,1
8,堪少婦,1
9,少婦獨,1
10,婦獨登,1
11,獨登樓,1
12,一自塞,1
13,塞垣無,1
14,行俱足,1
15,垣無李,1
16,無李蔡,1
17,李蔡何,1
18,蔡何人,1
19,何人為,1
20,人為解,1
21,為解北,1
22,解北門,1
23,北門憂,1
24,繁華事,1
25,故園搖,1
26,是故園,1
27,況是故,1
28,雨雪多,1
29,俱足封,1
30,足封侯,1
31,封侯者,1
32,侯者誰,1
33,者誰斬,1
34,誰斬樓,1
35,斬樓蘭,1
36,樓蘭獻,1
37,蘭獻未,1
38,獻未央,1
39,殷勤攀,1
40,勤攀折,1
41,攀折贈,1
42,折贈行,1
43,贈行客,1
44,行客此,1
45,客此去,1
46,此去關,1
47,去關山,1
48,關山雨,1
49,山雨雪,1
50,華事逐,1
