﻿排名,詞彙,出現次數
1,真宗開,1
2,仙居一,1
3,台肅靈,1
4,肅靈瑞,1
5,靈瑞金,1
6,瑞金闕,1
7,金闕映,1
8,闕映仙,1
9,映仙居,1
10,居一奏,1
11,宗開妙,1
12,一奏三,1
13,奏三清,1
14,三清樂,1
15,清樂長,1
16,樂長回,1
17,長回八,1
18,回八景,1
19,瑤台肅,1
20,初瑤台,1
21,象初瑤,1
22,有象初,1
23,開妙理,1
24,妙理沖,1
25,理沖教,1
26,沖教統,1
27,教統清,1
28,統清虛,1
29,清虛化,1
30,虛化演,1
31,化演無,1
32,演無為,1
33,無為日,1
34,為日言,1
35,日言昭,1
36,言昭有,1
37,昭有象,1
38,八景輿,1
