﻿排名,詞彙,出現次數
1,真宗開妙,1
2,初瑤台肅,1
3,台肅靈瑞,1
4,肅靈瑞金,1
5,靈瑞金闕,1
6,瑞金闕映,1
7,金闕映仙,1
8,闕映仙居,1
9,映仙居一,1
10,仙居一奏,1
11,居一奏三,1
12,一奏三清,1
13,奏三清樂,1
14,三清樂長,1
15,清樂長回,1
16,樂長回八,1
17,長回八景,1
18,瑤台肅靈,1
19,象初瑤台,1
20,宗開妙理,1
21,有象初瑤,1
22,開妙理沖,1
23,妙理沖教,1
24,理沖教統,1
25,沖教統清,1
26,教統清虛,1
27,統清虛化,1
28,清虛化演,1
29,虛化演無,1
30,化演無為,1
31,演無為日,1
32,無為日言,1
33,為日言昭,1
34,日言昭有,1
35,言昭有象,1
36,昭有象初,1
37,回八景輿,1
