﻿排名,詞彙,出現次數
1,虞人設,1
2,人設網,1
3,雲荒草,1
4,荒草啼,1
5,草啼秋,1
6,啼秋思,1
7,鳳叫龍,1
8,叫龍吟,1
9,龍吟白,1
10,吟白日,1
11,白日長,1
12,日長落,1
13,長落花,1
14,落花聲,1
15,花聲底,1
16,聲底仙,1
17,底仙娥,1
18,濕雲荒,1
19,蟲濕雲,1
20,秋蟲濕,1
21,日啾嘲,1
22,設網當,1
23,網當要,1
24,當要路,1
25,要路白,1
26,路白日,1
27,白日啾,1
28,啾嘲禍,1
29,葬秋蟲,1
30,嘲禍萬,1
31,禍萬機,1
32,九泉寂,1
33,泉寂寞,1
34,寂寞葬,1
35,寞葬秋,1
36,仙娥醉,1
