﻿排名,詞彙,出現次數
1,虞人設網,1
2,蟲濕雲荒,1
3,聲底仙娥,1
4,花聲底仙,1
5,落花聲底,1
6,長落花聲,1
7,日長落花,1
8,白日長落,1
9,吟白日長,1
10,龍吟白日,1
11,叫龍吟白,1
12,鳳叫龍吟,1
13,草啼秋思,1
14,荒草啼秋,1
15,雲荒草啼,1
16,濕雲荒草,1
17,秋蟲濕雲,1
18,人設網當,1
19,葬秋蟲濕,1
20,寞葬秋蟲,1
21,寂寞葬秋,1
22,泉寂寞葬,1
23,九泉寂寞,1
24,嘲禍萬機,1
25,啾嘲禍萬,1
26,日啾嘲禍,1
27,白日啾嘲,1
28,路白日啾,1
29,要路白日,1
30,當要路白,1
31,網當要路,1
32,設網當要,1
33,底仙娥醉,1
