﻿排名,詞彙,出現次數
1,蘭俎既升,1
2,變林澤斯,1
3,誠實惟忘,1
4,敷誠實惟,1
5,用敷誠實,1
6,敢用敷誠,1
7,遍敢用敷,1
8,是遍敢用,1
9,川是遍敢,1
10,山川是遍,1
11,總山川是,1
12,斯總山川,1
13,澤斯總山,1
14,林澤斯總,1
15,已變林澤,1
16,俎既升蘋,1
17,英已變林,1
18,咸英已變,1
19,設咸英已,1
20,載設咸英,1
21,石載設咸,1
22,金石載設,1
23,薦金石載,1
24,可薦金石,1
25,羞可薦金,1
26,蘋羞可薦,1
27,升蘋羞可,1
28,既升蘋羞,1
29,實惟忘倦,1
