﻿排名,詞彙,出現次數
1,菲躬承,1
2,尚虧未,1
3,俗勤雖,1
4,勤雖切,1
5,雖切還,1
6,切還淳,1
7,還淳化,1
8,淳化尚,1
9,化尚虧,1
10,虧未能,1
11,躬承睿,1
12,未能弘,1
13,能弘至,1
14,弘至道,1
15,至道何,1
16,道何以,1
17,何以契,1
18,以契明,1
19,撫俗勤,1
20,規撫俗,1
21,先規撫,1
22,奉先規,1
23,承睿顧,1
24,睿顧薄,1
25,顧薄德,1
26,薄德忝,1
27,德忝坤,1
28,忝坤儀,1
29,坤儀幹,1
30,儀幹幹,1
31,幹幹遵,1
32,幹遵後,1
33,遵後命,1
34,後命翼,1
35,命翼翼,1
36,翼翼奉,1
37,翼奉先,1
38,契明祇,1
