﻿排名,詞彙,出現次數
1,菲躬承睿,1
2,規撫俗勤,1
3,俗勤雖切,1
4,勤雖切還,1
5,雖切還淳,1
6,切還淳化,1
7,還淳化尚,1
8,淳化尚虧,1
9,化尚虧未,1
10,尚虧未能,1
11,虧未能弘,1
12,未能弘至,1
13,能弘至道,1
14,弘至道何,1
15,至道何以,1
16,道何以契,1
17,何以契明,1
18,撫俗勤雖,1
19,先規撫俗,1
20,躬承睿顧,1
21,奉先規撫,1
22,承睿顧薄,1
23,睿顧薄德,1
24,顧薄德忝,1
25,薄德忝坤,1
26,德忝坤儀,1
27,忝坤儀幹,1
28,坤儀幹幹,1
29,儀幹幹遵,1
30,幹幹遵後,1
31,幹遵後命,1
32,遵後命翼,1
33,後命翼翼,1
34,命翼翼奉,1
35,翼翼奉先,1
36,翼奉先規,1
37,以契明祇,1
