﻿排名,詞彙,出現次數
1,于穆清廟,1
2,止籩豆徹,1
3,思錫祚不,1
4,格思錫祚,1
5,維格思錫,1
6,神維格思,1
7,祉神維格,1
8,介祉神維,1
9,祇介祉神,1
10,人祇介祉,1
11,薦人祇介,1
12,徹薦人祇,1
13,豆徹薦人,1
14,籩豆徹薦,1
15,斯止籩豆,1
16,穆清廟聿,1
17,獻斯止籩,1
18,三獻斯止,1
19,陳三獻斯,1
20,載陳三獻,1
21,縣載陳三,1
22,四縣載陳,1
23,祀四縣載,1
24,嚴祀四縣,1
25,修嚴祀四,1
26,聿修嚴祀,1
27,廟聿修嚴,1
28,清廟聿修,1
29,錫祚不已,1
