﻿排名,詞彙,出現次數
1,昨日夢君,1
2,薄不著去,1
3,賴得雁書,1
4,裏賴得雁,1
5,夢裏賴得,1
6,如夢裏賴,1
7,言如夢裏,1
8,故言如夢,1
9,衣故言如,1
10,時衣故言,1
11,去時衣故,1
12,著去時衣,1
13,不著去時,1
14,氣薄不著,1
15,日夢君歸,1
16,意氣薄不,1
17,知意氣薄,1
18,極知意氣,1
19,機極知意,1
20,鳴機極知,1
21,下鳴機極,1
22,妾下鳴機,1
23,賤妾下鳴,1
24,歸賤妾下,1
25,君歸賤妾,1
26,夢君歸賤,1
27,得雁書飛,1
