﻿排名,詞彙,出現次數
1,坤厚載物,1
2,紀敬因良,1
3,張靈其降,1
4,式張靈其,1
5,樂式張靈,1
6,廣樂式張,1
7,祀廣樂式,1
8,陰祀廣樂,1
9,修陰祀廣,1
10,虔修陰祀,1
11,節虔修陰,1
12,良節虔修,1
13,因良節虔,1
14,敬因良節,1
15,為紀敬因,1
16,厚載物德,1
17,溟為紀敬,1
18,四溟為紀,1
19,雍四溟為,1
20,咸雍四溟,1
21,域咸雍四,1
22,九域咸雍,1
23,祉九域咸,1
24,垂祉九域,1
25,柔垂祉九,1
26,德柔垂祉,1
27,物德柔垂,1
28,載物德柔,1
29,靈其降止,1
