﻿排名,詞彙,出現次數
1,不宰元功,1
2,命金奏迎,1
3,樂垂光儲,1
4,周樂垂光,1
5,禮周樂垂,1
6,備禮周樂,1
7,盛備禮周,1
8,展盛備禮,1
9,宮展盛備,1
10,璿宮展盛,1
11,真璿宮展,1
12,迎真璿宮,1
13,奏迎真璿,1
14,金奏迎真,1
15,天命金奏,1
16,宰元功無,1
17,受天命金,1
18,誕受天命,1
19,髮誕受天,1
20,長髮誕受,1
21,源長髮誕,1
22,洪源長髮,1
23,聖洪源長,1
24,上聖洪源,1
25,為上聖洪,1
26,無為上聖,1
27,功無為上,1
28,元功無為,1
29,垂光儲慶,1
