﻿排名,詞彙,出現次數
1,方期交,1
2,天津橋,1
3,枯長貽,1
4,長貽寶,1
5,貽寶貺,1
6,寶貺兮,1
7,貺兮贊,1
8,兮贊璿,1
9,贊璿圖,1
10,君不見,1
11,不見天,1
12,見天津,1
13,津橋下,1
14,期交際,1
15,橋下東,1
16,下東流,1
17,東流水,1
18,流水東,1
19,水東望,1
20,東望龍,1
21,望龍門,1
22,龍門北,1
23,門北朝,1
24,北朝市,1
25,榮枯長,1
26,順榮枯,1
27,兮順榮,1
28,植兮順,1
29,交際懸,1
30,際懸應,1
31,言旋雲,1
32,旋雲洞,1
33,雲洞兮,1
34,洞兮躡,1
35,兮躡煙,1
36,躡煙途,1
37,煙途永,1
38,途永寧,1
39,永寧中,1
40,寧中宇,1
41,中宇兮,1
42,宇兮安,1
43,兮安下,1
44,安下都,1
45,下都包,1
46,都包涵,1
47,包涵動,1
48,涵動植,1
49,動植兮,1
50,源水叢,1
