﻿排名,詞彙,出現次數
1,通三錫胤,1
2,笙宗祧是,1
3,俎以發聲,1
4,薦俎以發,1
5,辰薦俎以,1
6,嘉辰薦俎,1
7,亨嘉辰薦,1
8,其亨嘉辰,1
9,樂其亨嘉,1
10,禮樂其亨,1
11,寄禮樂其,1
12,是寄禮樂,1
13,祧是寄禮,1
14,宗祧是寄,1
15,聞笙宗祧,1
16,三錫胤明,1
17,水聞笙宗,1
18,伊水聞笙,1
19,赫伊水聞,1
20,比赫伊水,1
21,山比赫伊,1
22,太山比赫,1
23,英太山比,1
24,承英太山,1
25,兩承英太,1
26,明兩承英,1
27,胤明兩承,1
28,錫胤明兩,1
29,以發聲明,1
