﻿排名,詞彙,出現次數
1,坤元至德,1
2,明列鎮五,1
3,載萬寶斯,1
4,不載萬寶,1
5,何不載萬,1
6,于何不載,1
7,瀛于何不,1
8,四瀛于何,1
9,流四瀛于,1
10,環流四瀛,1
11,嶽環流四,1
12,五嶽環流,1
13,鎮五嶽環,1
14,列鎮五嶽,1
15,高明列鎮,1
16,元至德品,1
17,協高明列,1
18,道協高明,1
19,厚道協高,1
20,博厚道協,1
21,凝博厚道,1
22,神凝博厚,1
23,生神凝博,1
24,資生神凝,1
25,物資生神,1
26,品物資生,1
27,德品物資,1
28,至德品物,1
29,萬寶斯成,1
