﻿排名,詞彙,出現次數
1,高臺暫,2
2,此三休,2
3,野開懷,2
4,開懷暢,2
5,懷暢遠,2
6,暢遠襟,2
7,臺暫俯,2
8,襟獨此,2
9,獨此三,2
10,三休上,2
11,周平野,2
12,休上還,2
13,上還傷,2
14,還傷千,2
15,傷千歲,2
16,千歲心,2
17,展敬禮,2
18,神之聽,2
19,平野開,2
20,遠襟獨,2
21,瞰周平,2
22,音浮光,2
23,暫俯臨,2
24,逐波深,2
25,臨飛翼,2
26,飛翼聳,2
27,翼聳輕,2
28,聳輕音,2
29,輕音浮,2
30,俯臨飛,2
31,浮光隨,2
32,隨日度,2
33,日度漾,2
34,度漾影,2
35,漾影逐,2
36,影逐波,2
37,光隨日,2
38,繩居中,1
39,龍運垂,1
40,正龍運,1
41,體正龍,1
42,中體正,1
43,居中體,1
44,履艮斯,1
45,斯繩居,1
46,艮斯繩,1
47,迥瞰周,1
48,深迥瞰,1
49,波深迥,1
50,運垂祉,1
