﻿排名,詞彙,出現次數
1,道閟鶴關,1
2,祀禮亞六,1
3,若神斯戾,1
4,顒若神斯,1
5,誠顒若神,1
6,有誠顒若,1
7,簋有誠顒,1
8,二簋有誠,1
9,殫二簋有,1
10,誠殫二簋,1
11,瑚誠殫二,1
12,六瑚誠殫,1
13,亞六瑚誠,1
14,禮亞六瑚,1
15,嘉祀禮亞,1
16,閟鶴關運,1
17,歆嘉祀禮,1
18,俾歆嘉祀,1
19,命俾歆嘉,1
20,大命俾歆,1
21,集大命俾,1
22,門集大命,1
23,裏門集大,1
24,鳩裏門集,1
25,纏鳩裏門,1
26,運纏鳩裏,1
27,關運纏鳩,1
28,鶴關運纏,1
29,神斯戾止,1
