﻿排名,詞彙,出現次數
1,君不見,4
2,見道傍,2
3,斯言如,2
4,不見道,2
5,年輩個,1
6,逼久住,1
7,久住亦,1
8,住亦非,1
9,亦非強,1
10,非強邯,1
11,強邯鄲,1
12,邯鄲少,1
13,鄲少年,1
14,少年輩,1
15,輩個個,1
16,去雪片,1
17,陵逼久,1
18,個有伎,1
19,有伎倆,1
20,伎倆拖,1
21,倆拖槍,1
22,拖槍半,1
23,槍半夜,1
24,半夜去,1
25,夜去雪,1
26,個個有,1
27,兵尚陵,1
28,尚陵逼,1
29,壤將軍,1
30,萬里桑,1
31,里桑幹,1
32,桑幹傍,1
33,幹傍茫,1
34,傍茫茫,1
35,茫茫古,1
36,茫古蕃,1
37,古蕃壤,1
38,蕃壤將,1
39,將軍貌,1
40,胡兵尚,1
41,軍貌憔,1
42,貌憔悴,1
43,憔悴撫,1
44,悴撫劍,1
45,撫劍悲,1
46,劍悲年,1
47,悲年長,1
48,年長胡,1
49,長胡兵,1
50,雪片大,1
