﻿排名,詞彙,出現次數
1,神功不測,1
2,荒天符既,1
3,祀兮降禎,1
4,明祀兮降,1
5,臨明祀兮,1
6,願臨明祀,1
7,昌願臨明,1
8,業昌願臨,1
9,帝業昌願,1
10,兮帝業昌,1
11,出兮帝業,1
12,既出兮帝,1
13,符既出兮,1
14,天符既出,1
15,八荒天符,1
16,功不測兮,1
17,孕八荒天,1
18,兮孕八荒,1
19,宇兮孕八,1
20,萬宇兮孕,1
21,藏萬宇兮,1
22,包藏萬宇,1
23,陽包藏萬,1
24,陰陽包藏,1
25,運陰陽包,1
26,兮運陰陽,1
27,測兮運陰,1
28,不測兮運,1
29,兮降禎祥,1
