﻿排名,詞彙,出現次數
1,河上微風,1
2,吏又見孤,1
3,西來徒自,1
4,期西來徒,1
5,與期西來,1
6,誰與期西,1
7,國誰與期,1
8,上國誰與,1
9,入上國誰,1
10,客入上國,1
11,孤客入上,1
12,見孤客入,1
13,又見孤客,1
14,城吏又見,1
15,上微風來,1
16,關城吏又,1
17,朝關城吏,1
18,今朝關城,1
19,濕今朝關,1
20,初濕今朝,1
21,樹初濕今,1
22,頭樹初濕,1
23,關頭樹初,1
24,來關頭樹,1
25,風來關頭,1
26,微風來關,1
27,來徒自急,1
