﻿排名,詞彙,出現次數
1,就陽位,1
2,業顯王,1
3,建朱旗,1
4,朱旗震,1
5,旗震八,1
6,震八表,1
7,八表清,1
8,表清二,1
9,清二儀,1
10,二儀帝,1
11,儀帝業,1
12,帝業顯,1
13,顯王道,1
14,陽位升,1
15,王道夷,1
16,道夷受,1
17,夷受景,1
18,受景命,1
19,景命啟,1
20,命啟皇,1
21,啟皇基,1
22,皇基開,1
23,基開九,1
24,開九門,1
25,鉞建朱,1
26,黃鉞建,1
27,秉黃鉞,1
28,遒秉黃,1
29,位升圓,1
30,升圓丘,1
31,圓丘佩,1
32,丘佩雙,1
33,佩雙玉,1
34,雙玉禦,1
35,玉禦大,1
36,禦大裘,1
37,大裘膺,1
38,裘膺天,1
39,膺天命,1
40,天命擁,1
41,命擁神,1
42,擁神休,1
43,神休萬,1
44,休萬靈,1
45,萬靈感,1
46,靈感百,1
47,感百祿,1
48,百祿遒,1
49,祿遒秉,1
50,九門懷,1
