﻿排名,詞彙,出現次數
1,于穆烈,1
2,至樂以,1
3,享神其,1
4,神其格,1
5,其格思,1
6,崇茲享,1
7,茲享祀,1
8,享祀誠,1
9,祀誠敬,1
10,誠敬兼,1
11,敬兼至,1
12,兼至樂,1
13,樂以感,1
14,穆烈祖,1
15,以感靈,1
16,感靈禮,1
17,靈禮以,1
18,禮以昭,1
19,以昭事,1
20,昭事粢,1
21,事粢盛,1
22,粢盛咸,1
23,盛咸絜,1
24,咸絜牲,1
25,孝享神,1
26,用孝享,1
27,是用孝,1
28,茲是用,1
29,烈祖弘,1
30,祖弘此,1
31,弘此丕,1
32,此丕基,1
33,丕基永,1
34,基永言,1
35,永言配,1
36,言配命,1
37,配命子,1
38,命子孫,1
39,子孫保,1
40,孫保之,1
41,保之百,1
42,之百神,1
43,百神既,1
44,神既洽,1
45,既洽萬,1
46,洽萬國,1
47,萬國在,1
48,國在茲,1
49,在茲是,1
50,絜牲牷,1
