﻿排名,詞彙,出現次數
1,巫山淩,2
2,雲生危,2
3,危峰入,2
4,峰入鳥,2
5,入鳥道,2
6,鳥道深,2
7,道深谷,2
8,山淩太,2
9,聲別有,2
10,別有幽,2
11,有幽棲,2
12,幽棲客,2
13,棲客淹,2
14,客淹留,2
15,淹留攀,2
16,留攀桂,2
17,攀桂情,2
18,生危峰,2
19,猿聲別,2
20,朝雲生,2
21,削成霏,2
22,靄朝雲,2
23,太清岧,2
24,清岧嶢,2
25,岧嶢類,2
26,嶢類削,2
27,類削成,2
28,淩太清,2
29,成霏霏,2
30,霏暮雨,2
31,暮雨合,2
32,雨合靄,2
33,合靄靄,2
34,靄靄朝,2
35,霏霏暮,2
36,尚遠蹈,1
37,賣卜成,1
38,風賣卜,1
39,人風賣,1
40,古人風,1
41,蹈古人,1
42,遠蹈古,1
43,平本高,1
44,高尚遠,1
45,本高尚,1
46,嚴平本,1
47,瀉猿聲,1
48,谷瀉猿,1
49,深谷瀉,1
50,卜成都,1
