﻿排名,詞彙,出現次數
1,仙宗績道,1
2,先俗登仁,1
3,範億萬斯,1
4,貽範億萬,1
5,千貽範億,1
6,五千貽範,1
7,涓五千貽,1
8,蟺涓五千,1
9,闡蟺涓五,1
10,化闡蟺涓,1
11,壽化闡蟺,1
12,仁壽化闡,1
13,登仁壽化,1
14,俗登仁壽,1
15,象先俗登,1
16,宗績道我,1
17,光象先俗,1
18,符光象先,1
19,極符光象,1
20,虛極符光,1
21,深虛極符,1
22,慶深虛極,1
23,天慶深虛,1
24,承天慶深,1
25,李承天慶,1
26,我李承天,1
27,道我李承,1
28,績道我李,1
29,億萬斯年,1
