﻿排名,詞彙,出現次數
1,猗與祖業,1
2,延在姬猶,1
3,運于萬斯,1
4,鼎運于萬,1
5,我鼎運于,1
6,基我鼎運,1
7,宣基我鼎,1
8,喻宣基我,1
9,晉喻宣基,1
10,方晉喻宣,1
11,稷方晉喻,1
12,猶稷方晉,1
13,姬猶稷方,1
14,在姬猶稷,1
15,慶延在姬,1
16,與祖業皇,1
17,唐慶延在,1
18,封唐慶延,1
19,厚封唐慶,1
20,德厚封唐,1
21,商德厚封,1
22,翦商德厚,1
23,先翦商德,1
24,帝先翦商,1
25,矣帝先翦,1
26,皇矣帝先,1
27,業皇矣帝,1
28,祖業皇矣,1
29,于萬斯年,1
