﻿排名,詞彙,出現次數
1,睿哲維唐,1
2,昌配天載,1
3,代申錫無,1
4,百代申錫,1
5,支百代申,1
6,本支百代,1
7,光本支百,1
8,重光本支,1
9,日重光本,1
10,就日重光,1
11,德就日重,1
12,載德就日,1
13,天載德就,1
14,配天載德,1
15,克昌配天,1
16,哲維唐長,1
17,業克昌配,1
18,王業克昌,1
19,佑王業克,1
20,斯佑王業,1
21,命斯佑王,1
22,帝命斯佑,1
23,祥帝命斯,1
24,其祥帝命,1
25,髮其祥帝,1
26,長髮其祥,1
27,唐長髮其,1
28,維唐長髮,1
29,申錫無疆,1
