﻿排名,詞彙,出現次數
1,沒了期,4
2,才了又,2
3,了期沒,2
4,期沒了,2
5,山鄉眷,1
6,父老遠,1
7,老遠來,1
8,遠來兮,1
9,來兮相,1
10,兮相追,1
11,相追隨,1
12,追隨家,1
13,隨家山,1
14,家山鄉,1
15,鄉眷兮,1
16,兮觥散,1
17,旗父老,1
18,兮會時,1
19,會時稀,1
20,時稀今,1
21,稀今朝,1
22,今朝設,1
23,朝設宴,1
24,設宴兮,1
25,宴兮觥,1
26,眷兮會,1
27,列旌旗,1
28,旌旗父,1
29,天朗朗,1
30,三節還,1
31,節還鄉,1
32,還鄉兮,1
33,鄉兮掛,1
34,兮掛錦,1
35,掛錦衣,1
36,錦衣碧,1
37,衣碧天,1
38,碧天朗,1
39,朗朗兮,1
40,兮列旌,1
41,朗兮愛,1
42,兮愛日,1
43,愛日暉,1
44,日暉功,1
45,暉功成,1
46,功成道,1
47,成道上,1
48,道上兮,1
49,上兮列,1
50,觥散飛,1
