﻿排名,詞彙,出現次數
1,歲肇春宗,1
2,享玉肅其,1
3,風笙歌合,1
4,成風笙歌,1
5,誦成風笙,1
6,弦誦成風,1
7,象弦誦成,1
8,其象弦誦,1
9,昭其象弦,1
10,物昭其象,1
11,事物昭其,1
12,其事物昭,1
13,肅其事物,1
14,玉肅其事,1
15,斯享玉肅,1
16,肇春宗幹,1
17,園斯享玉,1
18,戾園斯享,1
19,寂戾園斯,1
20,既寂戾園,1
21,山既寂戾,1
22,瑤山既寂,1
23,長瑤山既,1
24,震長瑤山,1
25,開震長瑤,1
26,幹開震長,1
27,宗幹開震,1
28,春宗幹開,1
29,笙歌合響,1
