﻿排名,詞彙,出現次數
1,迢迢芳,1
2,往來躅,1
3,承新旭,1
4,新旭佳,1
5,旭佳人,1
6,佳人不,1
7,人不再,1
8,不再攀,1
9,再攀下,1
10,攀下有,1
11,下有往,1
12,有往來,1
13,借問江,1
14,迢芳園,1
15,問江上,1
16,江上柳,1
17,上柳青,1
18,柳青青,1
19,青青為,1
20,青為誰,1
21,為誰春,1
22,誰春空,1
23,春空遊,1
24,空遊昨,1
25,葉承新,1
26,露葉承,1
27,靄露葉,1
28,餘靄露,1
29,芳園樹,1
30,園樹列,1
31,樹列映,1
32,列映清,1
33,映清池,1
34,清池曲,1
35,池曲對,1
36,曲對此,1
37,對此傷,1
38,此傷人,1
39,傷人心,1
40,人心還,1
41,心還如,1
42,還如故,1
43,如故時,1
44,故時綠,1
45,時綠風,1
46,綠風條,1
47,風條灑,1
48,條灑餘,1
49,灑餘靄,1
50,遊昨日,1
