﻿排名,詞彙,出現次數
1,萬方資,1
2,咸英黍,1
3,儀光玉,1
4,光玉帛,1
5,玉帛送,1
6,帛送舞,1
7,送舞變,1
8,舞變咸,1
9,變咸英,1
10,英黍稷,1
11,方資以,1
12,黍稷良,1
13,稷良非,1
14,良非貴,1
15,非貴明,1
16,貴明德,1
17,明德信,1
18,德信惟,1
19,具儀光,1
20,寧具儀,1
21,斯寧具,1
22,道斯寧,1
23,資以化,1
24,以化交,1
25,化交泰,1
26,交泰屬,1
27,泰屬升,1
28,屬升平,1
29,升平易,1
30,平易從,1
31,易從業,1
32,從業惟,1
33,業惟簡,1
34,惟簡得,1
35,簡得一,1
36,得一道,1
37,一道斯,1
38,信惟馨,1
