﻿排名,詞彙,出現次數
1,萬方資以,1
2,寧具儀光,1
3,儀光玉帛,1
4,光玉帛送,1
5,玉帛送舞,1
6,帛送舞變,1
7,送舞變咸,1
8,舞變咸英,1
9,變咸英黍,1
10,咸英黍稷,1
11,英黍稷良,1
12,黍稷良非,1
13,稷良非貴,1
14,良非貴明,1
15,非貴明德,1
16,貴明德信,1
17,明德信惟,1
18,具儀光玉,1
19,斯寧具儀,1
20,方資以化,1
21,道斯寧具,1
22,資以化交,1
23,以化交泰,1
24,化交泰屬,1
25,交泰屬升,1
26,泰屬升平,1
27,屬升平易,1
28,升平易從,1
29,平易從業,1
30,易從業惟,1
31,從業惟簡,1
32,業惟簡得,1
33,惟簡得一,1
34,簡得一道,1
35,得一道斯,1
36,一道斯寧,1
37,德信惟馨,1
