﻿排名,詞彙,出現次數
1,明典肅陳,1
2,禮有來雍,1
3,鬯庶歆芳,1
4,主鬯庶歆,1
5,維主鬯庶,1
6,緬維主鬯,1
7,濟緬維主,1
8,濟濟緬維,1
9,歌濟濟緬,1
10,登歌濟濟,1
11,雍登歌濟,1
12,雍雍登歌,1
13,來雍雍登,1
14,有來雍雍,1
15,相禮有來,1
16,典肅陳神,1
17,官相禮有,1
18,秋官相禮,1
19,事秋官相,1
20,聯事秋官,1
21,伯聯事秋,1
22,春伯聯事,1
23,啟春伯聯,1
24,邃啟春伯,1
25,居邃啟春,1
26,神居邃啟,1
27,陳神居邃,1
28,肅陳神居,1
29,庶歆芳醴,1
