﻿排名,詞彙,出現次數
1,逐鹿投,2
2,原古木,2
3,藩郁紆,2
4,郁紆陟,2
5,紆陟高,2
6,陟高岫,2
7,高岫出,2
8,岫出沒,2
9,出沒望,2
10,沒望平,2
11,望平原,2
12,平原古,2
13,寒鳥空,2
14,鹿投筆,2
15,鳥空山,2
16,空山啼,2
17,山啼夜,2
18,啼夜猿,2
19,夜猿既,2
20,猿既傷,2
21,既傷千,2
22,傷千里,2
23,千里目,2
24,里目還,2
25,東藩郁,2
26,下東藩,2
27,軾下東,2
28,憑軾下,2
29,投筆事,2
30,筆事戎,2
31,事戎軒,2
32,戎軒縱,2
33,軒縱橫,2
34,縱橫計,2
35,橫計不,2
36,計不就,2
37,不就慷,2
38,就慷慨,2
39,慷慨志,2
40,慨志猶,2
41,志猶存,2
42,謁天子,2
43,天子驅,2
44,子驅馬,2
45,驅馬出,2
46,馬出關,2
47,出關門,2
48,關門請,2
49,門請纓,2
50,目還驚,2
