﻿排名,詞彙,出現次數
1,睿澤先,1
2,鳳凰調,1
3,日月昭,1
4,月昭玉,1
5,昭玉筵,1
6,玉筵鸞,1
7,筵鸞鵠,1
8,鸞鵠集,1
9,鵠集仙,1
10,集仙管,1
11,仙管鳳,1
12,管鳳凰,1
13,凰調禦,1
14,澤先寰,1
15,調禦柳,1
16,禦柳新,1
17,柳新低,1
18,新低綠,1
19,低綠宮,1
20,綠宮鶯,1
21,宮鶯乍,1
22,鶯乍囀,1
23,乍囀嬌,1
24,囀嬌願,1
25,章日月,1
26,宸章日,1
27,固宸章,1
28,河固宸,1
29,先寰海,1
30,寰海功,1
31,海功成,1
32,功成展,1
33,成展武,1
34,展武韶,1
35,武韶戈,1
36,韶戈鋋,1
37,戈鋋清,1
38,鋋清外,1
39,清外壘,1
40,外壘文,1
41,壘文物,1
42,文物盛,1
43,物盛中,1
44,盛中朝,1
45,中朝聖,1
46,朝聖祚,1
47,聖祚山,1
48,祚山河,1
49,山河固,1
50,嬌願將,1
