﻿排名,詞彙,出現次數
1,歌易水,2
2,從軍有,1
3,勞者且,1
4,者且勿,1
5,且勿歌,1
6,勿歌我,1
7,歌我欲,1
8,我欲送,1
9,欲送君,1
10,送君觴,1
11,君觴從,1
12,觴從軍,1
13,軍有苦,1
14,隴頭水,1
15,有苦樂,1
16,苦樂此,1
17,樂此曲,1
18,此曲樂,1
19,曲樂未,1
20,樂未央,1
21,未央僕,1
22,央僕本,1
23,僕本居,1
24,本居隴,1
25,雁落雲,1
26,哀雁落,1
27,清哀雁,1
28,草清哀,1
29,頭水千,1
30,水千古,1
31,千古不,1
32,古不堪,1
33,不堪聞,1
34,堪聞生,1
35,聞生歸,1
36,生歸蘇,1
37,歸蘇屬,1
38,蘇屬國,1
39,屬國死,1
40,國死別,1
41,死別李,1
42,別李將,1
43,李將軍,1
44,將軍細,1
45,軍細響,1
46,細響風,1
47,響風凋,1
48,風凋草,1
49,凋草清,1
50,居隴上,1
