﻿排名,詞彙,出現次數
1,巫山高,1
2,弩莫烹,1
3,十二峰,1
4,二峰頭,1
5,峰頭插,1
6,頭插天,1
7,插天碧,1
8,長戈莫,1
9,戈莫舂,1
10,莫舂強,1
11,舂強弩,1
12,強弩莫,1
13,莫烹乳,1
14,山高巫,1
15,烹乳孫,1
16,乳孫哺,1
17,孫哺子,1
18,哺子教,1
19,子教得,1
20,教得生,1
21,得生獰,1
22,生獰舉,1
23,獰舉頭,1
24,舉頭為,1
25,覓十二,1
26,可覓十,1
27,不可覓,1
28,遠不可,1
29,高巫女,1
30,巫女妖,1
31,女妖雨,1
32,妖雨為,1
33,雨為暮,1
34,為暮兮,1
35,暮兮雲,1
36,兮雲為,1
37,雲為朝,1
38,為朝楚,1
39,朝楚王,1
40,楚王憔,1
41,王憔悴,1
42,憔悴魂,1
43,悴魂欲,1
44,魂欲銷,1
45,欲銷雲,1
46,銷雲深,1
47,雲深廟,1
48,深廟遠,1
49,廟遠不,1
50,頭為城,1
