作者,詩歌數量,總字符數,平均每首詩字符數,1gram詞彙數,2gram詞彙數,3gram詞彙數,4gram詞彙數
白居易著,2616,219098,83.75,50,50,50,50
杜甫著,1151,121596,105.64,50,50,50,50
李白著,784,85689,109.3,50,50,50,50
齊己著,771,43925,56.97,50,50,50,50
劉禹錫著,682,54515,79.93,50,50,50,50
元稹著,583,75276,129.12,50,50,50,50
李商隱著,550,37757,68.65,50,50,50,50
韋應物著,542,38781,71.55,50,50,50,50
貫休著,533,44930,84.3,50,50,50,50
許渾著,507,29112,57.42,50,50,50,50
陸龜蒙著,502,42879,85.42,50,50,50,50
劉長卿著,501,33722,67.31,50,50,50,50
皎然著,495,36265,73.26,50,50,50,50
杜牧著,492,32504,66.07,50,50,50,50
羅隱著,466,27450,58.91,50,50,50,50
姚合著,458,30111,65.74,50,50,50,50
張籍著,434,26063,60.05,50,50,50,50
錢起著,429,29180,68.02,50,50,50,50
賈島著,404,21356,52.86,50,50,50,50
佚名,398,15541,39.05,50,50,50,50
岑參著,386,28567,74.01,50,50,50,50
孟郊著,384,36953,96.23,50,50,50,50
王建著,372,28962,77.85,50,50,50,50
韓愈著,360,55761,154.89,50,50,50,50
皮日休著,353,33137,93.87,50,50,50,50
王維著,341,24183,70.92,50,50,50,50
權德輿著,338,26593,78.68,50,50,50,50
方幹著,337,19836,58.86,50,50,50,50
張祜著,334,16204,48.51,50,50,50,50
韋莊著,334,21947,65.71,50,50,50,50
溫庭筠著,331,25753,77.8,50,50,50,50
杜荀鶴著,325,17176,52.85,50,50,50,50
盧綸著,317,20535,64.78,50,50,50,50
韓偓著,316,18087,57.24,50,50,50,50
張說著,294,21065,71.65,50,50,50,50
李中著,287,16021,55.82,50,50,50,50
戴叔倫著,283,14735,52.07,50,50,50,50
吳融著,283,19212,67.89,50,50,50,50
孟浩然著,267,15535,58.18,50,50,50,50
薛能著,265,17444,65.83,50,50,50,50
李端著,256,15130,59.1,50,50,50,50
徐鉉著,255,18204,71.39,50,50,50,50
徐夤著,245,16000,65.31,50,50,50,50
皇甫冉著,239,13003,54.41,50,50,50,50
趙嘏著,238,12834,53.92,50,50,50,50
李群玉著,235,14513,61.76,50,50,50,50
司空圖著,230,15993,69.53,50,50,50,50
顧況著,222,14912,67.17,50,50,50,50
李嶠著,206,11683,56.71,50,50,50,50
李頻著,204,10570,51.81,50,50,50,50
高適著,203,21609,106.45,50,50,50,50
黃滔著,198,12008,60.65,50,50,50,50
鄭穀著,197,10818,54.91,50,50,50,50
周曇著,195,6809,34.92,50,50,50,50
張九齡著,192,16981,88.44,50,50,50,50
武元衡著,192,10508,54.73,50,50,50,50
宋之問著,189,13644,72.19,50,50,50,50
李賀著,188,17932,95.38,50,50,50,50
施肩吾著,186,7177,38.59,50,50,50,50
耿湋著,176,9481,53.87,50,50,50,50
鮑溶著,176,13940,79.2,50,50,50,50
司空曙著,173,8679,50.17,50,50,50,50
儲光羲著,171,18619,108.88,50,50,50,50
李洞著,168,9719,57.85,50,50,50,50
張喬著,168,8058,47.96,50,50,50,50
李益著,168,9919,59.04,50,50,50,50
朱慶餘著,168,8611,51.26,50,50,50,50
唐彥謙著,167,10774,64.51,50,50,50,50
馬戴著,165,8670,52.55,50,50,50,50
韓翃著,164,10627,64.8,50,50,50,50
胡曾著,163,5824,35.73,50,50,50,50
王昌齡著,162,10801,66.67,50,50,50,50
沈佺期著,153,11816,77.23,50,50,50,50
柳宗元著,153,16155,105.59,50,50,50,50
曹松著,146,7449,51.02,50,50,50,50
無名氏著,144,8664,60.17,50,50,50,50
楊巨源著,144,10471,72.72,50,50,50,50
羅鄴著,143,7783,54.43,50,50,50,50
李鹹用著,141,10311,73.13,50,50,50,50
劉得仁著,139,7841,56.41,50,50,50,50
許棠著,138,8046,58.3,50,50,50,50
李德裕著,136,8880,65.29,50,50,50,50
李嘉佑著,133,7000,52.63,50,50,50,50
李紳著,127,11851,93.31,50,50,50,50
李頎著,124,11180,90.16,50,50,50,50
雍陶著,123,5667,46.07,50,50,50,50
駱賓王著,120,12893,107.44,50,50,50,50
鄭谷著,114,6143,53.89,50,50,50,50
戎昱著,114,6770,59.39,50,50,50,50
劉商著,110,6072,55.2,50,50,50,50
陳陶著,110,11303,102.75,50,50,50,50
李涉著,106,6666,62.89,50,50,50,50
曹鄴著,106,6315,59.58,50,50,50,50
呂岩著,106,18649,175.93,50,50,50,50
呂溫著,104,5990,57.6,50,50,50,50
劉滄著,102,6417,62.91,50,50,50,50
蘇頲著,102,7080,69.41,50,50,50,50
張蠙著,102,5160,50.59,50,50,50,50
崔塗著,100,4680,46.8,50,50,50,50
無可著,98,5620,57.35,50,50,50,50
項斯著,98,4934,50.35,50,50,50,50
李白,97,6314,65.09,50,50,50,50
羊士諤著,95,5296,55.75,50,50,50,50
周賀著,93,4754,51.12,50,50,50,50
徐凝著,92,3508,38.13,50,50,50,50
元結著,90,9752,108.36,50,50,50,50
盧仝著,90,11434,127.04,50,50,50,50
薛逢著,90,6700,74.44,50,50,50,50
李建勳著,89,5065,56.91,50,50,50,50
陳子昂著,89,8691,97.65,50,50,50,50
李世民,87,5114,58.78,50,50,50,50
獨孤及著,81,7312,90.27,50,50,50,50
歐陽詹著,79,4606,58.3,50,50,50,50
薛濤著,78,3175,40.71,50,50,50,50
殷堯藩著,78,4298,55.1,50,50,50,50
李山甫著,78,5488,70.36,50,50,50,50
吳筠著,77,8341,108.32,50,50,50,50
孫元晏著,75,2550,34.0,50,50,50,50
王勃著,75,4507,60.09,50,50,50,50
劉兼著,73,4983,68.26,50,50,50,50
顧非熊著,72,3609,50.12,50,50,50,50
郎士元著,71,3535,49.79,50,50,50,50
李郢著,71,4014,56.54,50,50,50,50
劉言史著,69,4109,59.55,50,50,50,50
嚴維著,69,3956,57.33,50,50,50,50
章孝標著,68,3722,54.74,50,50,50,50
崔道融著,68,2296,33.76,50,50,50,50
劉駕著,68,4019,59.1,50,50,50,50
王貞白著,66,3566,54.03,50,50,50,50
喻鳧著,65,2976,45.78,50,50,50,50
李隆基,63,3798,60.29,50,50,50,50
牟融著,62,4039,65.15,50,50,50,50
孫逖著,61,3889,63.75,50,50,50,50
楊衡著,60,3649,60.82,50,50,50,50
汪遵著,60,2008,33.47,50,50,50,50
陳羽著,60,2811,46.85,50,50,50,50
盧照鄰著,56,3420,61.07,50,50,50,50
王周著,53,3144,59.32,50,50,50,50
裴夷直著,53,2081,39.26,50,50,50,50
盧照鄰,52,3513,67.56,50,50,50,50
裴說著,52,2659,51.13,50,50,50,50
常建著,51,4043,79.27,50,50,50,50
段成式著,51,4297,84.25,50,50,50,50
于武陵著,50,2315,46.3,50,50,50,50
皇甫曾著,50,2950,59.0,50,50,50,50
魚玄機著,49,2821,57.57,50,50,50,50
張繼著,48,2156,44.92,50,50,50,50
於鵠著,48,2749,57.27,50,50,50,50
高駢著,48,1936,40.33,50,50,50,50
崔峒著,48,2438,50.79,50,50,50,50
武則天,46,1451,31.54,50,50,50,50
令狐楚著,44,2561,58.2,50,50,50,50
靈一著,43,2094,48.7,50,50,50,50
王績,42,3196,76.1,50,50,50,50
李乂著,42,2362,56.24,50,50,50,50
曹唐著,41,7326,178.68,50,50,50,50
賈至著,41,2790,68.05,50,50,50,50
譚用之著,40,2613,65.33,50,50,50,50
張謂著,40,2483,62.08,50,50,50,50
竇鞏著,40,1707,42.67,50,50,50,50
司馬紮著,39,2334,59.85,50,50,50,50
楊凝著,39,1570,40.26,50,50,50,50
崔顥著,39,3845,98.59,50,50,50,50
儲嗣宗著,39,1718,44.05,50,50,50,50
杜審言著,39,3020,77.44,50,50,50,50
虞世南,38,2419,63.66,50,50,50,50
秦系著,38,1876,49.37,50,50,50,50
包佶著,38,2112,55.58,50,50,50,50
秦韜玉著,37,2274,61.46,50,50,50,50
祖詠著,37,2013,54.41,50,50,50,50
崔國輔著,37,1581,42.73,50,50,50,50
李遠著,36,1825,50.69,50,50,50,50
陸暢著,36,1334,37.06,50,50,50,50
魏征,36,1279,35.53,50,50,50,50
唐求著,36,1728,48.0,50,50,50,50
李咸用著,36,2253,62.58,50,50,50,50
於濆著,35,1894,54.11,50,50,50,50
李昌符著,35,1715,49.0,50,50,50,50
褚亮,34,1336,39.29,50,50,50,50
孫光憲著,34,4311,126.79,50,50,50,50
楊炯著,33,2769,83.91,50,50,50,50
姚鵠著,33,2156,65.33,50,50,50,50
尚顏著,33,1699,51.48,50,50,50,50
邵謁著,33,2132,64.61,50,50,50,50
林寬著,33,1725,52.27,50,50,50,50
聶夷中著,32,2017,63.03,50,50,50,50
張泌著,32,2459,76.84,50,50,50,50
馮延巳著,32,4187,130.84,50,50,50,50
高蟾著,32,1171,36.59,50,50,50,50
崔湜著,32,2332,72.88,50,50,50,50
孟貫著,31,1474,47.55,50,50,50,50
翁承贊著,31,1755,56.61,50,50,50,50
李賀,31,1130,36.45,50,50,50,50
徐彥伯著,31,2465,79.52,50,50,50,50
張祜,31,1127,36.35,50,50,50,50
雍裕之著,30,859,28.63,50,50,50,50
崔櫓著,30,1972,65.73,50,50,50,50
熊孺登著,30,1166,38.87,50,50,50,50
顏真卿著,30,3194,106.47,50,50,50,50
來鵠著,29,2017,69.55,50,50,50,50
鄭巢著,29,1380,47.59,50,50,50,50
杜光庭著,29,2054,70.83,50,50,50,50
盧肇著,29,1839,63.41,50,50,50,50
裴迪著,29,863,29.76,50,50,50,50
蘇拯著,29,1906,65.72,50,50,50,50
裴度著,28,2526,90.21,50,50,50,50
劉希夷著,28,3354,119.79,50,50,50,50
殷文圭著,28,1833,65.46,50,50,50,50
劉叉著,27,1809,67.0,50,50,50,50
張南史著,27,1768,65.48,50,50,50,50
修睦著,27,1257,46.56,50,50,50,50
劉威著,27,1524,56.44,50,50,50,50
李百藥著,26,1747,67.19,50,50,50,50
劉憲著,26,1406,54.08,50,50,50,50
沈亞之著,26,1799,69.19,50,50,50,50
盧象著,26,1875,72.12,50,50,50,50
綦毋潛著,26,1299,49.96,50,50,50,50
章碣著,26,1560,60.0,50,50,50,50
竇常著,26,1429,54.96,50,50,50,50
許敬宗,26,1678,64.54,50,50,50,50
朱放著,26,1039,39.96,50,50,50,50
周樸著,25,1202,48.08,50,50,50,50
歐陽炯著,25,3466,138.64,50,50,50,50
子蘭著,24,1105,46.04,50,50,50,50
劉方平著,24,1176,49.0,50,50,50,50
鄭愔著,24,1653,68.88,50,50,50,50
王涯著,24,2112,88.0,50,50,50,50
韓琮著,24,1305,54.38,50,50,50,50
朱灣著,23,1533,66.65,50,50,50,50
和凝著,23,5139,223.43,50,50,50,50
於鄴著,23,1008,43.83,50,50,50,50
竇群著,23,1063,46.22,50,50,50,50
白居易,23,1447,62.91,50,50,50,50
張仲素著,23,1366,59.39,50,50,50,50
毛文錫著,22,1708,77.64,50,50,50,50
張籍,22,884,40.18,50,50,50,50
清江著,22,1203,54.68,50,50,50,50
周繇著,22,1150,52.27,50,50,50,50
伍喬著,22,1347,61.23,50,50,50,50
李煜著,22,1814,82.45,50,50,50,50
陸希聲著,21,844,40.19,50,50,50,50
趙彥昭著,21,1080,51.43,50,50,50,50
周朴著,21,1136,54.1,50,50,50,50
孫魴著,21,2171,103.38,50,50,50,50
楊師道,21,938,44.67,50,50,50,50
竇牟著,21,1341,63.86,50,50,50,50
賀知章著,20,1171,58.55,50,50,50,50
成彥雄著,20,924,46.2,50,50,50,50
許彬著,20,1004,50.2,50,50,50,50
竇庠著,20,1748,87.4,50,50,50,50
楊淩著,20,730,36.5,50,50,50,50
趙嘏,20,800,40.0,50,50,50,50
李冶著,19,969,51.0,50,50,50,50
李九齡著,19,810,42.63,50,50,50,50
胡宿著,19,1172,61.68,50,50,50,50
上官儀,19,932,49.05,50,50,50,50
長孫佐輔著,19,1634,86.0,50,50,50,50
包何著,19,942,49.58,50,50,50,50
楊憑著,19,720,37.89,50,50,50,50
蕭穎士著,19,2582,135.89,50,50,50,50
沈佺期,18,775,43.06,50,50,50,50
貫休,18,936,52.0,50,50,50,50
劉禹錫,18,1528,84.89,50,50,50,50
任翻著,18,785,43.61,50,50,50,50
孟遲著,18,674,37.44,50,50,50,50
靈澈著,18,1046,58.11,50,50,50,50
于鵠著,18,1160,64.44,50,50,50,50
喻坦之著,18,1004,55.78,50,50,50,50
喬知之著,18,2127,118.17,50,50,50,50
郭震著,18,876,48.67,50,50,50,50
崔融1著,17,1460,85.88,50,50,50,50
王初著,17,852,50.12,50,50,50,50
顧夐著,17,2754,162.0,50,50,50,50
張又新著,17,665,39.12,50,50,50,50
皇甫松著,17,1071,63.0,50,50,50,50
董思恭著,17,823,48.41,50,50,50,50
孟雲卿著,17,1461,85.94,50,50,50,50
張子容著,17,1052,61.88,50,50,50,50
法振著,17,841,49.47,50,50,50,50
趙冬曦著,17,1284,75.53,50,50,50,50
陶翰著,17,1600,94.12,50,50,50,50
李適著,17,1016,59.76,50,50,50,50
徐氏,16,476,29.75,50,50,50,50
李煜,16,632,39.5,50,50,50,50
劉複著,16,1174,73.38,50,50,50,50
劉昚虛著,16,1083,67.69,50,50,50,50
棲白著,16,774,48.38,50,50,50,50
沈彬著,16,1234,77.12,50,50,50,50
李珣著,16,2681,167.56,50,50,50,50
朱景玄著,16,575,35.94,50,50,50,50
陸龜蒙,16,697,43.56,50,50,50,50
溫庭筠,16,712,44.5,50,50,50,50
梁鍠著,16,737,46.06,50,50,50,50
孟郊,16,974,60.88,50,50,50,50
王轂著,16,989,61.81,50,50,50,50
王建,16,984,61.5,50,50,50,50
廣宣著,16,1026,64.12,50,50,50,50
張賁著,16,763,47.69,50,50,50,50
王仁裕著,15,939,62.6,50,50,50,50
暢當著,15,851,56.73,50,50,50,50
蘇味道著,15,994,66.27,50,50,50,50
武平一著,15,926,61.73,50,50,50,50
虛中著,15,770,51.33,50,50,50,50
蔣吉著,15,474,31.6,50,50,50,50
鄭遨著,15,661,44.07,50,50,50,50
褚載著,15,808,53.87,50,50,50,50
崔國輔,15,460,30.67,50,50,50,50
張碧著,15,1520,101.33,50,50,50,50
崔曙著,15,904,60.27,50,50,50,50
劉昭禹著,15,734,48.93,50,50,50,50
李適,15,978,65.2,50,50,50,50
鄭畋著,15,914,60.93,50,50,50,50
李華著,14,2532,180.86,50,50,50,50
王翰著,14,1604,114.57,50,50,50,50
盧延讓著,14,820,58.57,50,50,50,50
牛嶠著,14,1487,106.21,50,50,50,50
顧況,13,790,60.77,50,50,50,50
李紓著,13,520,40.0,50,50,50,50
薛據著,13,1073,82.54,50,50,50,50
丘為著,13,879,67.62,50,50,50,50
王季友1著,13,1066,82.0,50,50,50,50
陳子良,13,694,53.38,50,50,50,50
閻朝隱著,13,902,69.38,50,50,50,50
翁洮著,13,795,61.15,50,50,50,50
薛稷著,13,742,57.08,50,50,50,50
盧殷著,13,471,36.23,50,50,50,50
盧僎著,13,1149,88.38,50,50,50,50
楊發著,13,700,53.85,50,50,50,50
李端,13,930,71.54,50,50,50,50
丘丹著,13,777,59.77,50,50,50,50
毛熙震著,13,1563,120.23,50,50,50,50
陳去疾著,12,604,50.33,50,50,50,50
張諤著,12,572,47.67,50,50,50,50
柳中庸著,12,528,44.0,50,50,50,50
楊夔著,12,722,60.17,50,50,50,50
孔德紹著,12,723,60.25,50,50,50,50
薛瑩著,12,385,32.08,50,50,50,50
吳仁璧著,12,473,39.42,50,50,50,50
棲蟾著,12,574,47.83,50,50,50,50
韋處厚著,12,288,24.0,50,50,50,50
薛存誠著,12,861,71.75,50,50,50,50
尹鶚著,12,1059,88.25,50,50,50,50
蔣防著,12,828,69.0,50,50,50,50
柳宗元,12,767,63.92,50,50,50,50
陳標著,12,642,53.5,50,50,50,50
馬懷素著,12,632,52.67,50,50,50,50
崔日用著,12,650,54.17,50,50,50,50
護國著,12,686,57.17,50,50,50,50
徐安貞著,12,619,51.58,50,50,50,50
聶夷中,11,500,45.45,50,50,50,50
崔玨著,11,1325,120.45,50,50,50,50
左偃著,11,356,32.36,50,50,50,50
于鄴著,11,453,41.18,50,50,50,50
冷朝陽著,11,530,48.18,50,50,50,50
水神著,11,1139,103.55,50,50,50,50
王灣著,11,1279,116.27,50,50,50,50
熊皎著,11,644,58.55,50,50,50,50
皎然,11,500,45.45,50,50,50,50
丁仙芝著,11,757,68.82,50,50,50,50
韋蟾著,10,689,68.9,50,50,50,50
盧鴻一著,10,1328,132.8,50,50,50,50
李赤著,10,480,48.0,50,50,50,50
韋元旦著,10,566,56.6,50,50,50,50
鄭錫著,10,476,47.6,50,50,50,50
可止著,10,521,52.1,50,50,50,50
費冠卿著,10,701,70.1,50,50,50,50
常袞著,10,879,87.9,50,50,50,50
包佶,10,312,31.2,50,50,50,50
于濆著,10,580,58.0,50,50,50,50
蔣貽恭著,10,408,40.8,50,50,50,50
鮑溶,10,814,81.4,50,50,50,50
姚系著,10,660,66.0,50,50,50,50
竇叔向著,10,524,52.4,50,50,50,50
崔涯著,9,462,51.33,50,50,50,50
武三思著,9,726,80.67,50,50,50,50
蕭至忠著,9,532,59.11,50,50,50,50
李義府,9,596,66.22,50,50,50,50
江為著,9,353,39.22,50,50,50,50
楊汝士著,9,454,50.44,50,50,50,50
李廓著,9,917,101.89,50,50,50,50
韓愈,9,409,45.44,50,50,50,50
徐堅著,9,561,62.33,50,50,50,50
翁綬著,9,507,56.33,50,50,50,50
盧士衡著,9,500,55.56,50,50,50,50
莊南傑著,9,622,69.11,50,50,50,50
施肩吾,9,286,31.78,50,50,50,50
齊己,9,347,38.56,50,50,50,50
吳商浩著,9,435,48.33,50,50,50,50
李昭象著,9,446,49.56,50,50,50,50
處默著,9,396,44.0,50,50,50,50
王維,9,452,50.22,50,50,50,50
歐陽袞著,9,458,50.89,50,50,50,50
令狐楚,8,670,83.75,50,50,50,50
薛曜著,8,681,85.12,50,50,50,50
鮑防著,8,517,64.62,50,50,50,50
李約著,8,475,59.38,50,50,50,50
韋應物,8,306,38.25,50,50,50,50
王涯,8,348,43.5,50,50,50,50
顧雲著,8,1180,147.5,50,50,50,50
張登著,8,421,52.62,50,50,50,50
王睿著,8,428,53.5,50,50,50,50
元稹,8,1030,128.75,50,50,50,50
張文琮,8,318,39.75,50,50,50,50
盧藏用著,8,740,92.5,50,50,50,50
陳潤著,8,374,46.75,50,50,50,50
李治,8,486,60.75,50,50,50,50
袁暉著,8,456,57.0,50,50,50,50
韓溉著,8,434,54.25,50,50,50,50
王昌齡,8,588,73.5,50,50,50,50
李益,8,283,35.38,50,50,50,50
伊用昌著,8,371,46.38,50,50,50,50
包融著,8,539,67.38,50,50,50,50
李逢吉著,8,526,65.75,50,50,50,50
萬楚著,8,467,58.38,50,50,50,50
王縉著,8,426,53.25,50,50,50,50
李敬方著,8,844,105.5,50,50,50,50
孟賓於著,8,533,66.62,50,50,50,50
薛昭蘊著,8,1006,125.75,50,50,50,50
陳叔達,8,310,38.75,50,50,50,50
魏承班著,8,1114,139.25,50,50,50,50
張仲素,7,288,41.14,50,50,50,50
霍總著,7,361,51.57,50,50,50,50
麹信陵著,7,238,34.0,50,50,50,50
廖融著,7,344,49.14,50,50,50,50
李翱著,7,348,49.71,50,50,50,50
徐仲雅著,7,636,90.86,50,50,50,50
史鳳著,7,238,34.0,50,50,50,50
于季子著,7,286,40.86,50,50,50,50
韋嗣立著,7,748,106.86,50,50,50,50
劉象著,7,414,59.14,50,50,50,50
蔣冽著,7,441,63.0,50,50,50,50
錢珝著,7,2732,390.29,50,50,50,50
李忱,7,141,20.14,50,50,50,50
姚崇著,7,349,49.86,50,50,50,50
劉孝孫,7,360,51.43,50,50,50,50
舒元輿著,7,1278,182.57,50,50,50,50
王駕著,7,260,37.14,50,50,50,50
賀朝著,7,542,77.43,50,50,50,50
閻選著,7,557,79.57,50,50,50,50
宗楚客著,7,376,53.71,50,50,50,50
韋承慶著,7,370,52.86,50,50,50,50
白行簡著,7,465,66.43,50,50,50,50
上官昭容,7,881,125.86,50,50,50,50
朱長文著,7,272,38.86,50,50,50,50
孔紹安,7,260,37.14,50,50,50,50
劉長卿,7,420,60.0,50,50,50,50
孟簡著,7,689,98.43,50,50,50,50
崔元翰著,7,666,95.14,50,50,50,50
李顯,7,525,75.0,50,50,50,50
于良史著,7,310,44.29,50,50,50,50
陳翊著,7,334,47.71,50,50,50,50
鄭損著,6,336,56.0,50,50,50,50
陳存著,6,261,43.5,50,50,50,50
沈頌著,6,298,49.67,50,50,50,50
鄭准著,6,281,46.83,50,50,50,50
王元著,6,259,43.17,50,50,50,50
鄭世翼,6,300,50.0,50,50,50,50
張循之著,6,258,43.0,50,50,50,50
張夫人著,6,303,50.5,50,50,50,50
胡皓著,6,604,100.67,50,50,50,50
王起著,6,503,83.83,50,50,50,50
劉灣著,6,510,85.0,50,50,50,50
張旭著,6,192,32.0,50,50,50,50
任希古著,6,590,98.33,50,50,50,50
詹敦仁著,6,483,80.5,50,50,50,50
王諲著,6,446,74.33,50,50,50,50
劉駕,6,278,46.33,50,50,50,50
崔顥,6,291,48.5,50,50,50,50
鄭絪著,6,319,53.17,50,50,50,50
張袞著,6,216,36.0,50,50,50,50
崔液著,6,582,97.0,50,50,50,50
蜀宮群仙著,6,200,33.33,50,50,50,50
張志和著,6,455,75.83,50,50,50,50
張窈窕著,6,233,38.83,50,50,50,50
義淨著,6,680,113.33,50,50,50,50
許堅2著,6,275,45.83,50,50,50,50
張潮著,6,530,88.33,50,50,50,50
李貞白著,6,172,28.67,50,50,50,50
李昂1,6,205,34.17,50,50,50,50
薛奇童著,6,485,80.83,50,50,50,50
崔護著,6,332,55.33,50,50,50,50
李宣古著,6,452,75.33,50,50,50,50
杜甫,6,836,139.33,50,50,50,50
宋璟著,6,456,76.0,50,50,50,50
閻防著,6,433,72.17,50,50,50,50
王岩著,6,204,34.0,50,50,50,50
馮道著,6,392,65.33,50,50,50,50
慕幽著,6,320,53.33,50,50,50,50
林滋著,6,387,64.5,50,50,50,50
可朋著,6,344,57.33,50,50,50,50
徐賢妃,6,214,35.67,50,50,50,50
嚴武著,6,454,75.67,50,50,50,50
厲玄著,6,326,54.33,50,50,50,50
翁綬,6,84,14.0,50,50,50,50
章八元著,6,308,51.33,50,50,50,50
李衍,6,154,25.67,50,50,50,50
歸仁著,6,324,54.0,50,50,50,50
李舒,6,192,32.0,50,50,50,50
張均著,6,324,54.0,50,50,50,50
徐彥伯,6,216,36.0,50,50,50,50
薛能,6,1104,184.0,50,50,50,50
岑羲著,6,308,51.33,50,50,50,50
牛希濟著,6,789,131.5,50,50,50,50
李沇著,6,534,89.0,50,50,50,50
吳少微著,6,950,158.33,50,50,50,50
徐鍇著,5,230,46.0,50,50,50,50
王勃,5,214,42.8,50,50,50,50
王泠然著,5,485,97.0,50,50,50,50
沈千運著,5,464,92.8,50,50,50,50
湯悅著,5,256,51.2,50,50,50,50
殷遙著,5,236,47.2,50,50,50,50
庾抱,5,200,40.0,50,50,50,50
張彪著,5,394,78.8,50,50,50,50
蔡希寂著,5,348,69.6,50,50,50,50
許堅1著,5,248,49.6,50,50,50,50
袁不約著,5,240,48.0,50,50,50,50
徐九皋著,5,208,41.6,50,50,50,50
李泌著,5,256,51.2,50,50,50,50
盧汝弼著,5,390,78.0,50,50,50,50
戴叔倫,5,190,38.0,50,50,50,50
閻寬著,5,244,48.8,50,50,50,50
梁瓊著,5,238,47.6,50,50,50,50
權龍褒著,5,108,21.6,50,50,50,50
儲光羲,5,320,64.0,50,50,50,50
李頎,5,208,41.6,50,50,50,50
隱巒著,5,229,45.8,50,50,50,50
許景先著,5,662,132.4,50,50,50,50
歐陽玭著,5,254,50.8,50,50,50,50
李商隱,5,170,34.0,50,50,50,50
姚月華著,5,382,76.4,50,50,50,50
于邵著,5,216,43.2,50,50,50,50
晁采著,5,638,127.6,50,50,50,50
潘佑著,5,146,29.2,50,50,50,50
公乘億著,5,303,60.6,50,50,50,50
文丙著,5,237,47.4,50,50,50,50
徐敞著,5,360,72.0,50,50,50,50
楊嗣複著,5,380,76.0,50,50,50,50
耿湋,5,208,41.6,50,50,50,50
劉禕之著,5,336,67.2,50,50,50,50
崔備著,5,360,72.0,50,50,50,50
劉希夷,5,214,42.8,50,50,50,50
王之渙著,5,186,37.2,50,50,50,50
李正封著,5,260,52.0,50,50,50,50
鄭澣著,5,449,89.8,50,50,50,50
牛僧孺著,5,449,89.8,50,50,50,50
李康成著,5,419,83.8,50,50,50,50
黃損著,5,317,63.4,50,50,50,50
崔興宗著,5,204,40.8,50,50,50,50
李程著,5,372,74.4,50,50,50,50
楊乘著,5,492,98.4,50,50,50,50
張聿著,5,357,71.4,50,50,50,50
陳季卿著,5,238,47.6,50,50,50,50
郭元振,5,200,40.0,50,50,50,50
沈傳師著,5,365,73.0,50,50,50,50
楊凝式著,5,150,30.0,50,50,50,50
徐晶著,5,310,62.0,50,50,50,50
潘鹹著,5,235,47.0,50,50,50,50
周匡物著,5,274,54.8,50,50,50,50
慧淨著,5,742,148.4,50,50,50,50
吳越人著,5,368,73.6,50,50,50,50
呂渭著,5,233,46.6,50,50,50,50
鄭綮著,5,158,31.6,50,50,50,50
趙鸞鸞著,5,160,32.0,50,50,50,50
高適,5,223,44.6,50,50,50,50
王無競著,5,305,61.0,50,50,50,50
賈曾著,5,268,53.6,50,50,50,50
袁朗,5,620,124.0,50,50,50,50
王適著,5,373,74.6,50,50,50,50
廖匡圖著,5,265,53.0,50,50,50,50
趙璜著,5,222,44.4,50,50,50,50
雲台峰女仙著,5,115,23.0,50,50,50,50
韓熙載著,5,267,53.4,50,50,50,50
盧綸,5,366,73.2,50,50,50,50
蔣維翰著,4,138,34.5,50,50,50,50
張辭著,4,178,44.5,50,50,50,50
王琚著,4,420,105.0,50,50,50,50
王鐸著,4,219,54.75,50,50,50,50
郎大家宋氏著,4,196,49.0,50,50,50,50
姚揆著,4,232,58.0,50,50,50,50
崔萱著,4,147,36.75,50,50,50,50
鄭鏦著,4,186,46.5,50,50,50,50
崔仲容著,4,188,47.0,50,50,50,50
馬湘著,4,224,56.0,50,50,50,50
李家明著,4,142,35.5,50,50,50,50
馬異著,4,537,134.25,50,50,50,50
善生著,4,192,48.0,50,50,50,50
陸贄著,4,225,56.25,50,50,50,50
鄭璧著,4,200,50.0,50,50,50,50
孟氏著,4,95,23.75,42,49,50,50
劉乙著,4,167,41.75,50,50,50,50
胡令能著,4,142,35.5,50,50,50,50
孟雲卿,4,320,80.0,50,50,50,50
周濆著,4,134,33.5,50,50,50,50
岑文本,4,220,55.0,50,50,50,50
張說,4,432,108.0,50,50,50,50
李嶷著,4,258,64.5,50,50,50,50
鄭愚著,4,116,29.0,50,50,50,50
步非煙著,4,136,34.0,50,50,50,50
孫棨著,4,244,61.0,50,50,50,50
孫昌胤著,4,256,64.0,50,50,50,50
吉師老著,4,176,44.0,50,50,50,50
劉允濟著,4,686,171.5,50,50,50,50
張柬之著,4,294,73.5,50,50,50,50
張鼎著,4,238,59.5,50,50,50,50
駱賓王,4,450,112.5,50,50,50,50
張為著,4,293,73.25,50,50,50,50
謝良輔著,4,130,32.5,50,50,50,50
孫偓著,4,152,38.0,50,50,50,50
何希堯著,4,134,33.5,50,50,50,50
狄煥著,4,150,37.5,50,50,50,50
李觀著,4,265,66.25,50,50,50,50
蔣渙著,4,240,60.0,50,50,50,50
溫憲著,4,168,42.0,50,50,50,50
韓常侍著,4,130,32.5,50,50,50,50
鹿虔扆著,4,355,88.75,50,50,50,50
李絳著,4,354,88.5,50,50,50,50
元季川著,4,266,66.5,50,50,50,50
姚康著,4,240,60.0,50,50,50,50
柳棠著,4,144,36.0,50,50,50,50
皇甫澈著,4,288,72.0,50,50,50,50
段文昌著,4,172,43.0,50,50,50,50
高瑾著,4,204,51.0,50,50,50,50
陸長源著,4,221,55.25,50,50,50,50
韓仲宣著,4,200,50.0,50,50,50,50
卿雲著,4,190,47.5,50,50,50,50
廖凝著,4,219,54.75,50,50,50,50
鄭仁表著,4,123,30.75,50,50,50,50
莫宣卿著,4,203,50.75,50,50,50,50
慧宣著,4,289,72.25,50,50,50,50
易思著,4,172,43.0,50,50,50,50
田娥著,4,136,34.0,50,50,50,50
馮著著,4,386,96.5,50,50,50,50
裴次元著,4,227,56.75,50,50,50,50
羅隱,4,148,37.0,50,50,50,50
張元一著,4,137,34.25,50,50,50,50
喬知之,4,587,146.75,50,50,50,50
魏知古著,4,278,69.5,50,50,50,50
崔泰之著,4,552,138.0,50,50,50,50
劉迥著,4,152,38.0,50,50,50,50
賈彥璋著,4,192,48.0,50,50,50,50
王績著,4,226,56.5,50,50,50,50
楊希道著,4,162,40.5,50,50,50,50
翁宏著,4,169,42.25,50,50,50,50
張蕭遠著,4,231,57.75,50,50,50,50
張易之著,4,238,59.5,50,50,50,50
王烈著,4,219,54.75,50,50,50,50
陸敬,4,294,73.5,50,50,50,50
馬逢著,4,196,49.0,50,50,50,50
李玖著,4,444,111.0,50,50,50,50
李邕著,4,272,68.0,50,50,50,50
李迥秀著,4,196,49.0,50,50,50,50
王魯複著,4,107,26.75,50,50,50,50
羅紹威著,4,167,41.75,50,50,50,50
袁皓著,4,384,96.0,50,50,50,50
柳公權著,4,156,39.0,50,50,50,50
劉庭琦著,4,272,68.0,50,50,50,50
趙氏2著,4,202,50.5,50,50,50,50
戎昱,4,328,82.0,50,50,50,50
張文姬著,4,92,23.0,50,50,50,50
卓英英著,4,138,34.5,50,50,50,50
蕭遘著,4,151,37.75,50,50,50,50
張嘉貞著,4,299,74.75,50,50,50,50
萬齊融著,4,324,81.0,50,50,50,50
薛馧著,4,178,44.5,50,50,50,50
席豫著,4,336,84.0,50,50,50,50
奚賈著,4,201,50.25,50,50,50,50
路德延著,4,695,173.75,50,50,50,50
李渤著,4,679,169.75,50,50,50,50
源幹曜著,4,320,80.0,50,50,50,50
宋齊丘著,4,507,126.75,50,50,50,50
劉斌著,4,298,74.5,50,50,50,50
李存勖著,4,269,67.25,50,50,50,50
紇幹著著,4,123,30.75,50,50,50,50
李吉甫著,4,252,63.0,50,50,50,50
胡玢著,4,165,41.25,50,50,50,50
沈廷瑞著,4,196,49.0,50,50,50,50
袁郊著,4,120,30.0,50,50,50,50
祝元膺著,4,106,26.5,50,50,50,50
沈如筠著,4,142,35.5,50,50,50,50
趙彥伯著,4,167,41.75,50,50,50,50
劉方平,4,176,44.0,50,50,50,50
韋述著,4,288,72.0,50,50,50,50
蘇頲,4,83,20.75,50,50,50,50
裴漼著,4,280,70.0,50,50,50,50
劉行敏著,3,118,39.33,50,50,50,50
畢耀著,3,171,57.0,50,50,50,50
張匯著,3,189,63.0,50,50,50,50
張敬忠著,3,78,26.0,50,50,50,50
李騭著,3,350,116.67,50,50,50,50
褚朝陽著,3,150,50.0,50,50,50,50
惟審著,3,158,52.67,50,50,50,50
捧劍僕著,3,103,34.33,50,50,50,50
張昌宗著,3,204,68.0,50,50,50,50
楊牢著,3,243,81.0,50,50,50,50
馬戴,3,96,32.0,50,50,50,50
鐘謨著,3,136,45.33,50,50,50,50
劉太真著,3,196,65.33,50,50,50,50
柳公綽著,3,132,44.0,50,50,50,50
張賈著,3,123,41.0,50,50,50,50
陳元光著,3,332,110.67,50,50,50,50
孫氏著,3,132,44.0,50,50,50,50
羅袞著,3,190,63.33,50,50,50,50
王表著,3,170,56.67,50,50,50,50
於鵠,3,428,142.67,50,50,50,50
竇參著,3,268,89.33,50,50,50,50
喬備著,3,138,46.0,50,50,50,50
張文規著,3,93,31.0,50,50,50,50
韋渠牟著,3,1040,346.67,50,50,50,50
紀唐夫著,3,174,58.0,50,50,50,50
鄭史著,3,148,49.33,50,50,50,50
裴諝著,3,278,92.67,50,50,50,50
範傳正著,3,216,72.0,50,50,50,50
陳通方著,3,264,88.0,50,50,50,50
張孜著,3,134,44.67,50,50,50,50
於濆,3,250,83.33,50,50,50,50
澹交著,3,134,44.67,50,50,50,50
寒山著,3,16116,5372.0,50,50,50,50
蘇廣文著,3,192,64.0,50,50,50,50
劉皂著,3,167,55.67,50,50,50,50
莊南傑,3,42,14.0,39,38,36,33
蔡京著,3,122,40.67,50,50,50,50
若虛著,3,186,62.0,50,50,50,50
李元紘著,3,164,54.67,50,50,50,50
顧在鎔著,3,160,53.33,50,50,50,50
韋夏卿著,3,166,55.33,50,50,50,50
潘孟陽著,3,168,56.0,50,50,50,50
許孟容著,3,148,49.33,50,50,50,50
張眾甫著,3,144,48.0,50,50,50,50
趙鴻著,3,93,31.0,50,50,50,50
錢鏐,3,128,42.67,50,50,50,50
盧頻著,3,90,30.0,50,50,50,50
王韞秀著,3,96,32.0,50,50,50,50
張薦著,3,136,45.33,50,50,50,50
崔知賢著,3,152,50.67,50,50,50,50
景雲著,3,120,40.0,50,50,50,50
元淳著,3,162,54.0,50,50,50,50
魏扶著,3,159,53.0,50,50,50,50
孫叔向著,3,96,32.0,50,50,50,50
丁澤著,3,213,71.0,50,50,50,50
韓滉著,3,128,42.67,50,50,50,50
林藻著,3,176,58.67,50,50,50,50
張立著,3,95,31.67,50,50,50,50
崔立之著,3,216,72.0,50,50,50,50
周瑀著,3,120,40.0,50,50,50,50
詹琲著,3,157,52.33,50,50,50,50
幹康著,3,91,30.33,50,50,50,50
鄭還古著,3,130,43.33,50,50,50,50
符載著,3,81,27.0,50,50,50,50
王丘著,3,270,90.0,50,50,50,50
黃頗著,3,200,66.67,50,50,50,50
徐昌圖著,3,194,64.67,50,50,50,50
韓休著,3,256,85.33,50,50,50,50
曇域著,3,158,52.67,50,50,50,50
朱晝著,3,206,68.67,50,50,50,50
趙征明著,3,189,63.0,50,50,50,50
西施著,3,102,34.0,50,50,50,50
任華著,3,1441,480.33,50,50,50,50
滕邁著,3,128,42.67,50,50,50,50
王軒著,3,103,34.33,50,50,50,50
陳嘉言著,3,144,48.0,50,50,50,50
黃巢著,3,104,34.67,50,50,50,50
眉娘著,3,106,35.33,50,50,50,50
關盼盼著,3,159,53.0,50,50,50,50
廉氏著,3,124,41.33,50,50,50,50
楊玢著,3,106,35.33,50,50,50,50
崔翹著,3,192,64.0,50,50,50,50
杜淹,3,200,66.67,50,50,50,50
崔子向著,3,120,40.0,50,50,50,50
伍唐珪著,3,136,45.33,50,50,50,50
鮑君徽,3,134,44.67,50,50,50,50
李昂2著,3,550,183.33,50,50,50,50
許宣平著,3,111,37.0,50,50,50,50
劉瑤著,3,157,52.33,50,50,50,50
宋之問,3,133,44.33,50,50,50,50
武瓘著,3,108,36.0,50,50,50,50
沈宇著,3,92,30.67,50,50,50,50
張仲方著,3,251,83.67,50,50,50,50
楊浚著,3,240,80.0,50,50,50,50
滕傳胤著,3,126,42.0,50,50,50,50
張萬頃著,3,142,47.33,50,50,50,50
崔玄亮著,3,106,35.33,50,50,50,50
鄭常著,3,144,48.0,50,50,50,50
劉猛著,3,121,40.33,50,50,50,50
盧拱著,3,131,43.67,50,50,50,50
上元夫人著,3,98,32.67,50,50,50,50
法照著,3,144,48.0,50,50,50,50
崔鶯鶯著,3,78,26.0,50,50,50,50
陳希烈著,3,192,64.0,50,50,50,50
趙光逢著,3,288,96.0,50,50,50,50
陳至著,3,153,51.0,50,50,50,50
宋昱著,3,285,95.0,50,50,50,50
辛弘智著,3,70,23.33,47,50,50,50
鄭良士著,3,176,58.67,50,50,50,50
張紘著,3,199,66.33,50,50,50,50
李回著,3,88,29.33,50,50,50,50
李暇著,3,173,57.67,50,50,50,50
平曾著,3,164,54.67,50,50,50,50
元晦著,3,326,108.67,50,50,50,50
白敏中著,3,163,54.33,50,50,50,50
周弘亮著,3,184,61.33,50,50,50,50
李林甫著,3,216,72.0,50,50,50,50
陸羽著,3,103,34.33,50,50,50,50
楊收著,3,67,22.33,50,50,50,50
郎大家宋氏,3,106,35.33,50,50,50,50
顏萱著,3,192,64.0,50,50,50,50
何兆著,3,81,27.0,50,50,50,50
李崇嗣著,3,66,22.0,50,50,50,50
李群玉,3,220,73.33,50,50,50,50
葉季良著,3,216,72.0,50,50,50,50
張白著,3,120,40.0,50,50,50,50
龍女著,3,95,31.67,50,50,50,50
李琪著,3,107,35.67,50,50,50,50
張琰著,3,139,46.33,50,50,50,50
楊敬之著,3,102,34.0,50,50,50,50
皇甫湜著,3,519,173.0,50,50,50,50
徐月英著,3,79,26.33,50,50,50,50
常楚老著,3,181,60.33,50,50,50,50
何光遠著,3,144,48.0,50,50,50,50
李百藥,3,128,42.67,50,50,50,50
王福娘著,3,102,34.0,50,50,50,50
李憕著,3,160,53.33,50,50,50,50
戴司顏著,3,101,33.67,50,50,50,50
王渙著,3,556,185.33,50,50,50,50
陳光著,3,144,48.0,50,50,50,50
知玄著,3,148,49.33,50,50,50,50
徐延壽著,3,209,69.67,50,50,50,50
劉媛著,3,126,42.0,50,50,50,50
員半千著,3,208,69.33,50,50,50,50
孫處玄著,3,67,22.33,50,50,50,50
劉綺莊著,3,140,46.67,50,50,50,50
李餘著,3,99,33.0,50,50,50,50
孫合著,3,179,59.67,50,50,50,50
李舜弦著,3,108,36.0,50,50,50,50
潘緯著,3,98,32.67,50,50,50,50
湛賁著,3,180,60.0,50,50,50,50
韋安石著,3,144,48.0,50,50,50,50
林傑著,3,81,27.0,50,50,50,50
馮涓著,3,141,47.0,50,50,50,50
尹懋著,3,180,60.0,50,50,50,50
劉雲著,3,112,37.33,50,50,50,50
韋璜著,3,126,42.0,50,50,50,50
李夢符著,3,154,51.33,50,50,50,50
元萬頃著,3,144,48.0,50,50,50,50
皇甫冉,3,120,40.0,50,50,50,50
陸海著,3,78,26.0,50,50,50,50
韋皋著,3,131,43.67,50,50,50,50
樓穎著,3,247,82.33,50,50,50,50
湘中蛟女著,3,150,50.0,50,50,50,50
王感化著,3,90,30.0,50,50,50,50
胡曾,3,42,14.0,39,39,36,33
李縠著,3,200,66.67,50,50,50,50
程長文著,3,332,110.67,50,50,50,50
胡幽貞著,2,47,23.5,43,44,43,41
張固著,2,98,49.0,50,50,50,50
盧注著,2,198,99.0,50,50,50,50
裴休著,2,110,55.0,50,50,50,50
許康佐著,2,144,72.0,50,50,50,50
王良士著,2,120,60.0,50,50,50,50
顏粲著,2,144,72.0,50,50,50,50
鄭餘慶著,2,88,44.0,50,50,50,50
李亨,2,136,68.0,50,50,50,50
楊萊兒著,2,100,50.0,50,50,50,50
李願著,2,70,35.0,50,50,50,50
崔邠,2,68,34.0,50,50,50,50
張正元著,2,144,72.0,50,50,50,50
彭伉著,2,176,88.0,50,50,50,50
崔璞著,2,108,54.0,50,50,50,50
李景讓著,2,75,37.5,50,50,50,50
劉郇伯著,2,85,42.5,50,50,50,50
崔樞著,2,144,72.0,50,50,50,50
譚銖著,2,216,108.0,50,50,50,50
常浩著,2,130,65.0,50,50,50,50
蕭仿著,2,80,40.0,50,50,50,50
張嗣初著,2,144,72.0,50,50,50,50
羅讓著,2,138,69.0,50,50,50,50
嚴巨川著,2,144,72.0,50,50,50,50
王甚夷著,2,136,68.0,50,50,50,50
蕭祜著,2,475,237.5,50,50,50,50
童翰卿著,2,94,47.0,50,50,50,50
李沛著,2,144,72.0,50,50,50,50
崔邠著,2,120,60.0,50,50,50,50
蘇郁著,2,68,34.0,50,50,50,50
李璟著,2,160,80.0,50,50,50,50
封敖著,2,135,67.5,50,50,50,50
張隨著,2,144,72.0,50,50,50,50
吳武陵著,2,108,54.0,50,50,50,50
李曄著,2,208,104.0,50,50,50,50
裴虔餘著,2,108,54.0,50,50,50,50
花蕊夫人著,2,5058,2529.0,50,50,50,50
馮袞著,2,68,34.0,50,50,50,50
於頔著,2,312,156.0,50,50,50,50
溫庭皓著,2,228,114.0,50,50,50,50
蘇鬱著,2,45,22.5,42,41,40,39
裴潾著,2,662,331.0,50,50,50,50
趙蕃著,2,135,67.5,50,50,50,50
孫頠著,2,144,72.0,50,50,50,50
張氏著,2,112,56.0,50,50,50,50
宋濟著,2,72,36.0,50,50,50,50
河北士人著,2,82,41.0,50,50,50,50
盧渥著,2,136,68.0,50,50,50,50
柴宿著,2,143,71.5,50,50,50,50
張希複著,2,57,28.5,48,50,50,50
宋雍著,2,64,32.0,50,50,50,50
王霞卿著,2,72,36.0,50,50,50,50
竇梁賓著,2,72,36.0,50,50,50,50
呂敞著,2,144,72.0,50,50,50,50
楊虞卿著,2,75,37.5,50,50,50,50
王衍著,2,59,29.5,47,50,50,50
黃崇嘏著,2,100,50.0,50,50,50,50
徐商著,2,79,39.5,50,50,50,50
郭良驥著,2,98,49.0,50,50,50,50
賀朝清著,2,92,46.0,50,50,50,50
洛中舉子著,2,96,48.0,50,50,50,50
劉虛白著,2,49,24.5,43,44,44,43
織錦人著,2,45,22.5,38,41,41,39
李璟,2,48,24.0,47,46,44,42
滕倪著,2,104,52.0,50,50,50,50
潘咸著,2,64,32.0,50,50,50,50
朱子真著,2,71,35.5,34,37,41,44
李播著,2,56,28.0,49,50,50,50
李肱著,2,83,41.5,50,50,50,50
高璩著,2,79,39.5,50,50,50,50
張光朝著,2,216,108.0,50,50,50,50
柳泌著,2,216,108.0,50,50,50,50
高湘著,2,96,48.0,50,50,50,50
穆寂著,2,144,72.0,50,50,50,50
張元宗著,2,60,30.0,50,50,50,50
張起著,2,70,35.0,50,50,50,50
權審著,2,55,27.5,43,49,50,49
侯冽著,2,144,72.0,50,50,50,50
朱沖和著,2,70,35.0,50,50,50,50
裴延著,2,47,23.5,45,45,43,41
唐扶著,2,322,161.0,50,50,50,50
天寶宮人著,2,56,28.0,45,50,50,50
王播著,2,136,68.0,50,50,50,50
陳翥著,2,140,70.0,50,50,50,50
楊于陵著,2,216,108.0,50,50,50,50
徐堅,2,150,75.0,50,50,50,50
盧溵著,2,80,40.0,50,50,50,50
胡證著,2,102,51.0,50,50,50,50
張瑛著,2,63,31.5,50,50,50,50
員南溟著,2,138,69.0,50,50,50,50
劉鄴著,2,98,49.0,50,50,50,50
歐陽澥著,2,63,31.5,50,50,50,50
李善夷著,2,129,64.5,50,50,50,50
許稷著,2,144,72.0,50,50,50,50
郭遵著,2,144,72.0,50,50,50,50
蒯希逸著,2,127,63.5,50,50,50,50
越溪楊女著,2,84,42.0,50,50,50,50
楊知至著,2,100,50.0,50,50,50,50
葛鴉兒著,2,102,51.0,50,50,50,50
鄭蕡著,2,144,72.0,50,50,50,50
李敬伯著,2,96,48.0,50,50,50,50
溫會著,2,96,48.0,50,50,50,50
楊漢公著,2,70,35.0,50,50,50,50
姚向著,2,96,48.0,50,50,50,50
何扶著,2,100,50.0,50,50,50,50
戈牢著,2,136,68.0,50,50,50,50
金厚載著,2,136,68.0,50,50,50,50
任生著,2,59,29.5,50,50,50,50
武少儀著,2,134,67.0,50,50,50,50
馮伉著,2,148,74.0,50,50,50,50
丁棱著,2,110,55.0,50,50,50,50
席夔著,2,138,69.0,50,50,50,50
李宣遠著,2,94,47.0,50,50,50,50
鄭熏著,2,241,120.5,50,50,50,50
韋鵬翼著,2,72,36.0,31,32,32,32
錢眾仲著,2,141,70.5,50,50,50,50
李景著,2,120,60.0,50,50,50,50
李乂,2,56,28.0,50,50,50,50
柳氏著,2,60,30.0,29,30,30,30
于興宗著,2,71,35.5,50,50,50,50
裴諴著,2,144,72.0,50,50,50,50
崔鉉著,2,100,50.0,50,50,50,50
陳昌言著,2,144,72.0,50,50,50,50
王季文著,2,232,116.0,50,50,50,50
石殷士著,2,141,70.5,50,50,50,50
王炎著,2,120,60.0,50,50,50,50
唐暄著,2,110,55.0,50,50,50,50
盧貞著,2,84,42.0,50,50,50,50
李節度姬著,2,108,54.0,50,50,50,50
周元範著,2,106,53.0,50,50,50,50
景審著,2,51,25.5,44,46,45,44
鮑家四弦著,2,60,30.0,50,50,50,50
崔公遠著,2,60,30.0,50,50,50,50
郭子儀,2,64,32.0,50,50,50,50
安鳳著,2,121,60.5,50,50,50,50
盧儲著,2,56,28.0,50,50,50,50
司馬都著,2,128,64.0,50,50,50,50
盧尚書著,2,98,49.0,50,50,50,50
李賢,2,70,35.0,50,50,50,50
周墀著,2,128,64.0,50,50,50,50
劉道昌著,2,72,36.0,50,50,50,50
郭子儀著,2,80,40.0,50,50,50,50
李公佐僕著,2,88,44.0,50,50,50,50
陸堅著,2,83,41.5,50,50,50,50
劉畋著,2,59,29.5,50,50,50,50
李涉,2,140,70.0,50,50,50,50
李適之著,2,45,22.5,37,42,41,39
薛逢,2,41,20.5,40,39,37,35
鄭繇著,2,70,35.0,50,50,50,50
宋鼎著,2,144,72.0,50,50,50,50
蘇晉著,2,166,83.0,50,50,50,50
元凜著,2,128,64.0,50,50,50,50
盧從願著,2,160,80.0,50,50,50,50
王光庭著,2,192,96.0,50,50,50,50
酒肆布衣著,2,92,46.0,50,50,50,50
劉洞著,2,99,49.5,50,50,50,50
王偃,2,56,28.0,50,50,50,50
蕭嵩著,2,168,84.0,50,50,50,50
許學士著,2,72,36.0,50,50,50,50
孫光憲,2,168,84.0,50,50,50,50
紫微孫處士著,2,72,36.0,50,50,50,50
解琬著,2,96,48.0,50,50,50,50
張錫著,2,96,48.0,50,50,50,50
方壺居士著,2,70,35.0,50,50,50,50
徐振著,2,92,46.0,50,50,50,50
皇甫松,2,112,56.0,50,50,50,50
李太玄著,2,70,35.0,50,50,50,50
嚴含質著,2,76,38.0,50,50,50,50
李濤著,2,35,17.5,35,33,31,29
謝偃,2,180,90.0,50,50,50,50
盧懷慎著,2,112,56.0,50,50,50,50
牛殳著,2,396,198.0,50,50,50,50
伊夢昌著,2,72,36.0,50,50,50,50
裴耀卿著,2,158,79.0,50,50,50,50
裴諧著,2,146,73.0,50,50,50,50
韓翃,2,68,34.0,50,50,50,50
陳沆著,2,73,36.5,50,50,50,50
李敬玄著,2,134,67.0,50,50,50,50
沈顏著,2,88,44.0,50,50,50,50
董思恭,2,70,35.0,50,50,50,50
鐘離權著,2,334,167.0,50,50,50,50
杜頠著,2,151,75.5,50,50,50,50
範朝著,2,96,48.0,50,50,50,50
歐陽詢著,2,72,36.0,50,50,50,50
何仲舉著,2,65,32.5,50,50,50,50
韓湘著,2,114,57.0,50,50,50,50
張巡著,2,116,58.0,50,50,50,50
王偃著,2,68,34.0,50,50,50,50
賀蘭進明著,2,408,204.0,50,50,50,50
韋丹著,2,68,34.0,50,50,50,50
蕭昕著,2,141,70.5,50,50,50,50
譚峭著,2,49,24.5,44,45,44,43
楊炎著,2,60,30.0,50,50,50,50
李休烈著,2,70,35.0,32,39,44,48
寇坦著,2,168,84.0,50,50,50,50
袁瓘著,2,301,150.5,50,50,50,50
劉晏著,2,76,38.0,50,50,50,50
許碏著,2,142,71.0,50,50,50,50
薛業著,2,94,47.0,50,50,50,50
張若虛著,2,348,174.0,50,50,50,50
邢巨著,2,68,34.0,50,50,50,50
樊晃著,2,51,25.5,46,46,45,44
談戭著,2,59,29.5,50,50,50,50
張翬著,2,70,35.0,50,50,50,50
吳象之著,2,80,40.0,50,50,50,50
蔡隱丘著,2,35,17.5,34,33,31,29
張宣明著,2,148,74.0,50,50,50,50
許晝著,2,177,88.5,50,50,50,50
楊廉著,2,96,48.0,50,50,50,50
洛川仙女著,2,82,41.0,50,50,50,50
賈馳著,2,84,42.0,50,50,50,50
高正臣著,2,96,48.0,50,50,50,50
劉商,2,308,154.0,50,50,50,50
富春沙際鬼著,2,43,21.5,41,41,39,37
熊皦著,2,70,35.0,50,50,50,50
盧群玉著,2,68,34.0,50,50,50,50
崔善為,2,80,40.0,50,50,50,50
高輦著,2,64,32.0,50,50,50,50
崔信明,2,55,27.5,50,50,50,49
趙光遠著,2,192,96.0,50,50,50,50
李士元著,2,108,54.0,50,50,50,50
高球著,2,104,52.0,50,50,50,50
弓嗣初著,2,96,48.0,50,50,50,50
布燮著,2,102,51.0,50,50,50,50
長孫正隱著,2,96,48.0,50,50,50,50
張太華著,2,72,36.0,50,50,50,50
楊徽之著,2,70,35.0,50,50,50,50
伍彬著,2,76,38.0,50,50,50,50
蘇瑰著,2,112,56.0,50,50,50,50
李懷遠著,2,158,79.0,50,50,50,50
魏元忠著,2,96,48.0,50,50,50,50
唐備著,2,71,35.5,50,50,50,50
馬周,2,50,25.0,48,48,46,44
張文恭,2,80,40.0,50,50,50,50
張鷟著,2,41,20.5,41,39,37,35
李濤1著,2,84,42.0,50,50,50,50
趙謙光著,2,48,24.0,28,31,32,33
謝邈著,2,128,64.0,50,50,50,50
杜易簡著,2,124,62.0,50,50,50,50
戴衢著,2,47,23.5,39,42,41,40
許鼎著,2,59,29.5,46,50,50,50
龐德公著,2,72,36.0,50,50,50,50
楊思玄著,2,148,74.0,50,50,50,50
楊達著,2,80,40.0,50,50,50,50
鄭渥著,2,122,61.0,50,50,50,50
周彥暉著,2,96,48.0,50,50,50,50
李叔卿著,2,155,77.5,50,50,50,50
李景伯著,2,57,28.5,26,29,32,33
織女著,2,94,47.0,50,50,50,50
嵩山女著,2,72,36.0,50,50,50,50
無名鬼著,2,69,34.5,50,50,50,50
東方虯著,2,94,47.0,50,50,50,50
嚴郾著,2,126,63.0,50,50,50,50
鄭縉著,2,107,53.5,50,50,50,50
王仙仙著,2,70,35.0,50,50,50,50
張友正著,2,144,72.0,50,50,50,50
故台城妓著,2,76,38.0,50,50,50,50
顏蕘著,2,51,25.5,45,46,45,44
李賓著,2,192,96.0,50,50,50,50
王珪,2,190,95.0,50,50,50,50
劉贊著,2,69,34.5,50,50,50,50
長孫無忌,2,60,30.0,50,50,50,50
高嶠著,2,96,48.0,50,50,50,50
齊浣著,2,80,40.0,50,50,50,50
杜正倫,2,140,70.0,50,50,50,50
王無競,2,54,27.0,45,50,50,48
崔日知著,2,384,192.0,50,50,50,50
賈至,2,63,31.5,50,50,50,50
王正己著,2,49,24.5,42,45,44,43
滕白著,2,66,33.0,50,50,50,50
王適,2,94,47.0,50,50,50,50
高力士著,2,35,17.5,35,33,31,29
蔡孚著,2,199,99.5,50,50,50,50
韋檢著,2,70,35.0,50,50,50,50
袁暉,2,80,40.0,50,50,50,50
周思鈞著,2,96,48.0,50,50,50,50
虎丘石壁鬼著,2,162,81.0,50,50,50,50
李希仲著,2,144,72.0,50,50,50,50
殷七七著,2,45,22.5,43,42,41,39
韋莊,2,68,34.0,50,50,50,50
張建封著,2,393,196.5,50,50,50,50
韓昭著,2,112,56.0,50,50,50,50
姚倫著,2,92,46.0,50,50,50,50
張令問著,2,72,36.0,33,36,38,39
張叔卿著,2,69,34.5,50,50,50,50
李搏著,2,100,50.0,50,50,50,50
鄭丹著,2,96,48.0,50,50,50,50
崔膺著,2,100,50.0,50,50,50,50
鄭啟著,2,190,95.0,50,50,50,50
馮宿著,2,136,68.0,50,50,50,50
王武陵著,2,136,68.0,50,50,50,50
蔡昆著,2,47,23.5,39,41,41,40
劉氏雲,2,54,27.0,42,48,48,47
懷楚著,2,112,56.0,50,50,50,50
徐光溥著,2,479,239.5,50,50,50,50
朱光弼著,2,45,22.5,39,41,40,39
岑參,2,208,104.0,50,50,50,50
僧鸞著,2,625,312.5,50,50,50,50
裴略著,2,62,31.0,50,50,50,50
亞棲著,2,72,36.0,50,50,50,50
懷浦著,2,96,48.0,50,50,50,50
唐怡著,2,45,22.5,44,43,41,39
韋建著,2,168,84.0,50,50,50,50
殷寅著,2,230,115.0,50,50,50,50
無悶著,2,72,36.0,50,50,50,50
竇威,2,80,40.0,40,41,41,41
無則著,2,104,52.0,50,50,50,50
李岑2著,2,144,72.0,50,50,50,50
棲一著,2,128,64.0,50,50,50,50
王翰,2,71,35.5,50,50,50,50
丘光庭著,2,259,129.5,50,50,50,50
韋迢著,2,96,48.0,50,50,50,50
張濯著,2,158,79.0,50,50,50,50
神穎著,2,156,78.0,50,50,50,50
劉言史,2,84,42.0,50,50,50,50
王睿,2,56,28.0,50,50,50,50
李茂複著,2,65,32.5,50,50,50,50
鄭概著,2,65,32.5,50,50,50,50
範燈著,2,65,32.5,50,50,50,50
樊珣著,2,65,32.5,50,50,50,50
劉蕃著,2,65,32.5,50,50,50,50
張松齡著,2,60,30.0,32,34,34,34
張安石著,2,66,33.0,50,50,50,50
劉長川著,2,70,35.0,50,50,50,50
李暇,2,80,40.0,50,50,50,50
趙摶著,2,371,185.5,50,50,50,50
鄭審著,2,144,72.0,50,50,50,50
許敬宗著,2,171,85.5,50,50,50,50
李幼卿著,2,216,108.0,50,50,50,50
慧偘著,2,72,36.0,50,50,50,50
法宣著,2,96,48.0,50,50,50,50
柳郴著,2,60,30.0,50,50,50,50
懷素著,2,72,36.0,50,50,50,50
張佐著,2,130,65.0,50,50,50,50
張禕著,2,72,36.0,50,50,50,50
閻濟美著,2,96,48.0,50,50,50,50
張少博著,2,144,72.0,50,50,50,50
張保胤著,2,100,50.0,50,50,50,50
應物著,2,124,62.0,50,50,50,50
元孚著,2,72,36.0,50,50,50,50
周渭著,2,136,68.0,50,50,50,50
周存著,2,144,72.0,50,50,50,50
衛象著,2,78,39.0,50,50,50,50
黎逢著,2,144,72.0,50,50,50,50
羅虯著,2,3615,1807.5,50,50,50,50
釋泚著,2,96,48.0,50,50,50,50
苗發著,2,112,56.0,50,50,50,50
大易著,2,111,55.5,50,50,50,50
幸夤遜著,2,163,81.5,50,50,50,50
蘇渙著,2,406,203.0,50,50,50,50
唐晅著,2,105,52.5,50,50,50,50
尚能著,2,59,29.5,50,50,50,50
芮挺章著,2,92,46.0,50,50,50,50
舒道紀著,2,96,48.0,50,50,50,50
程紫霄著,2,60,30.0,44,48,50,50
薛昭緯著,2,89,44.5,50,50,50,50
陸翱著,2,96,48.0,50,50,50,50
蕭彧著,2,96,48.0,50,50,50,50
薛令之著,2,78,39.0,50,50,50,50
徐浩著,2,388,194.0,50,50,50,50
李棲筠著,2,164,82.0,50,50,50,50
徐靈府著,2,120,60.0,50,50,50,50
裴廷裕著,2,124,62.0,50,50,50,50
長孫佐輔,2,200,100.0,50,50,50,50
豆盧複著,2,84,42.0,50,50,50,50
閻德隱著,2,244,122.0,50,50,50,50
陳寡言著,2,90,45.0,50,50,50,50
顏仁郁著,2,64,32.0,50,50,50,50
陳季著,2,141,70.5,50,50,50,50
常理著,2,156,78.0,50,50,50,50
石召著,2,72,36.0,50,50,50,50
王邕著,2,144,72.0,50,50,50,50
楊巨源,2,120,60.0,50,50,50,50
杜牧,2,128,64.0,50,50,50,50
張道古著,2,84,42.0,50,50,50,50
王延彬著,2,98,49.0,50,50,50,50
陸扆著,2,80,40.0,50,50,50,50
郭良著,2,92,46.0,50,50,50,50
楊諫著,2,94,47.0,50,50,50,50
李宏皋著,2,152,76.0,50,50,50,50
令狐峘著,2,168,84.0,50,50,50,50
陳羽,2,88,44.0,50,50,50,50
郭澹著,2,110,55.0,50,50,50,50
王緯著,2,110,55.0,50,50,50,50
崔何著,2,110,55.0,50,50,50,50
趙良器著,2,120,60.0,50,50,50,50
李收著,2,70,35.0,50,50,50,50
袁傪著,2,110,55.0,50,50,50,50
蘇源明著,2,174,87.0,50,50,50,50
屈同仙著,2,201,100.5,50,50,50,50
沈彬,2,56,28.0,50,50,50,50
杜審言,2,68,34.0,50,50,50,50
崔湜,2,80,40.0,50,50,50,50
陳中師著,1,72,72.0,50,50,50,50
劉望著,1,62,62.0,50,50,50,50
辛宏著,1,72,72.0,50,50,50,50
趙防著,1,48,48.0,44,44,44,44
殷琮著,1,69,69.0,50,50,50,50
康翊仁著,1,72,72.0,50,50,50,50
丁居晦著,1,66,66.0,50,50,50,50
馮待征著,1,208,208.0,50,50,50,50
沈祖仙著,1,44,44.0,42,42,42,41
朱延齡著,1,72,72.0,50,50,50,50
王沈著,1,34,34.0,29,31,31,31
周岳秀著,1,62,62.0,50,50,50,50
杜周士著,1,72,72.0,50,50,50,50
裴元著,1,72,72.0,50,50,50,50
邵士彥著,1,44,44.0,41,42,42,41
冷朝光著,1,31,31.0,23,29,29,28
陳嶰著,1,36,36.0,31,32,32,32
衛萬著,1,65,65.0,50,50,50,50
李章著,1,50,50.0,43,47,47,47
羅維著,1,69,69.0,50,50,50,50
樂伸著,1,72,72.0,50,50,50,50
管雄甫著,1,72,72.0,50,50,50,50
南巨川著,1,66,66.0,50,50,50,50
李伉著,1,36,36.0,26,30,31,32
陳政著,1,144,144.0,50,50,50,50
郭邕著,1,69,69.0,50,50,50,50
胡權著,1,72,72.0,50,50,50,50
崔藩著,1,72,72.0,50,50,50,50
張鴻著,1,48,48.0,42,44,44,44
苗仲方著,1,72,72.0,50,50,50,50
徐至著,1,72,72.0,50,50,50,50
紇幹諷著,1,72,72.0,50,50,50,50
景池著,1,48,48.0,42,44,44,44
苑gT著,1,72,72.0,50,50,50,50
羅泰著,1,72,72.0,50,50,50,50
方澤著,1,36,36.0,31,32,32,32
潘求仁著,1,24,24.0,21,23,22,21
朱休著,1,72,72.0,50,50,50,50
張侹著,1,32,32.0,29,30,30,29
成崿著,1,72,72.0,50,50,50,50
張陵著,1,32,32.0,30,30,30,29
呂價著,1,72,72.0,50,50,50,50
崔江著,1,36,36.0,30,31,32,32
李建業著,1,44,44.0,40,42,42,41
蕭意著,1,24,24.0,22,22,22,21
吳大江著,1,44,44.0,42,42,42,41
荊叔著,1,24,24.0,24,23,22,21
李勳著,1,72,72.0,50,50,50,50
虞羽客著,1,120,120.0,50,50,50,50
夏侯楚著,1,72,72.0,50,50,50,50
張熾著,1,22,22.0,17,19,19,19
劉元叔著,1,180,180.0,50,50,50,50
王季友2著,1,69,69.0,50,50,50,50
叔孫玄觀著,1,69,69.0,50,50,50,50
蕭靜著,1,36,36.0,30,31,32,32
王訓著,1,46,46.0,41,43,43,43
張欽敬著,1,69,69.0,50,50,50,50
徐之才著,1,24,24.0,22,22,22,21
鄧陟著,1,71,71.0,50,50,50,50
蔡瑰著,1,156,156.0,50,50,50,50
王言史著,1,120,120.0,50,50,50,50
劉廓著,1,46,46.0,42,43,43,43
何敬著,1,64,64.0,50,50,50,50
朱晦著,1,36,36.0,28,32,32,32
唐溫如著,1,36,36.0,32,32,32,32
唐堯客著,1,184,184.0,50,50,50,50
李倫著,1,44,44.0,40,42,42,41
沈麟著,1,48,48.0,40,44,44,44
李逸著,1,48,48.0,43,44,44,44
潘佐著,1,24,24.0,22,23,22,21
賈宗著,1,72,72.0,50,50,50,50
歐陽賓著,1,34,34.0,27,31,31,31
王約著,1,72,72.0,50,50,50,50
郭求著,1,72,72.0,50,50,50,50
鄭師貞著,1,72,72.0,50,50,50,50
林珝著,1,48,48.0,44,44,44,44
趙鐸著,1,96,96.0,50,50,50,50
楊彝著,1,48,48.0,41,44,44,44
裴瑤著,1,36,36.0,32,32,32,32
蔡文恭著,1,72,72.0,50,50,50,50
張軫著,1,48,48.0,41,43,44,44
鄭德玄著,1,48,48.0,43,44,44,44
鄭玉著,1,32,32.0,28,30,30,29
麻溫其著,1,64,64.0,50,50,50,50
韋鎰著,1,120,120.0,50,50,50,50
潘圖著,1,24,24.0,24,23,22,21
林琨著,1,66,66.0,50,50,50,50
黃文著,1,60,60.0,50,50,50,50
衛葉著,1,48,48.0,41,44,44,44
姚偓著,1,46,46.0,42,43,43,43
李歸唐著,1,34,34.0,29,31,31,31
盧鉟著,1,62,62.0,50,50,50,50
潘雍著,1,36,36.0,31,32,32,32
梁陟著,1,48,48.0,41,44,44,44
方愚著,1,34,34.0,28,31,31,31
朱延著,1,48,48.0,43,44,44,44
夏侯子雲著,1,22,22.0,22,21,20,19
滕潛著,1,72,72.0,50,50,50,50
令狐挺著,1,36,36.0,31,32,32,32
柳明獻著,1,24,24.0,23,23,22,21
魏巒著,1,24,24.0,21,21,21,21
顧甄遠著,1,324,324.0,50,50,50,50
王揆著,1,158,158.0,50,50,50,50
李季華著,1,24,24.0,22,22,22,21
韋道遜著,1,46,46.0,41,42,43,43
王玄著,1,22,22.0,22,21,20,19
趙起著,1,48,48.0,42,44,44,44
寇埴著,1,48,48.0,44,44,44,44
馮渚著,1,104,104.0,50,50,50,50
錢戭著,1,48,48.0,42,43,44,44
李澣著,1,24,24.0,24,23,22,21
孫咸著,1,64,64.0,50,50,50,50
王夢周著,1,36,36.0,30,32,32,32
慕容韋著,1,24,24.0,24,23,22,21
盧子發著,1,34,34.0,28,30,31,31
沈徽著,1,144,144.0,50,50,50,50
陶拱著,1,72,72.0,50,50,50,50
張南容著,1,100,100.0,50,50,50,50
殷益著,1,46,46.0,43,43,43,43
熊曜著,1,110,110.0,50,50,50,50
歐陽瑾著,1,46,46.0,40,43,43,43
嚴郭著,1,64,64.0,50,50,50,50
謝太虛著,1,96,96.0,50,50,50,50
曹修古著,1,22,22.0,21,21,20,19
魏兼恕著,1,48,48.0,44,44,44,44
楊逵著,1,48,48.0,44,44,44,44
王邵著,1,48,48.0,42,44,44,44
李得著,1,48,48.0,40,44,44,44
徐謙著,1,48,48.0,43,44,44,44
馮道之著,1,69,69.0,50,50,50,50
徐介著,1,48,48.0,43,44,44,44
劉gL著,1,48,48.0,39,42,44,44
李聰著,1,31,31.0,26,29,29,28
楊持著,1,24,24.0,24,23,22,21
趙湘著,1,48,48.0,43,44,44,44
張懷著,1,64,64.0,50,50,50,50
楊行敏著,1,72,72.0,50,50,50,50
範夜著,1,22,22.0,22,21,20,19
方棫著,1,22,22.0,22,21,20,19
王景中著,1,72,72.0,50,50,50,50
鄧倚著,1,66,66.0,50,50,50,50
湯洙著,1,69,69.0,50,50,50,50
李建樞著,1,32,32.0,25,29,30,29
張複元著,1,72,72.0,50,50,50,50
吳秘著,1,72,72.0,50,50,50,50
唐堯臣著,1,215,215.0,50,50,50,50
吳英秀著,1,32,32.0,27,29,30,29
朱華著,1,72,72.0,50,50,50,50
戴察著,1,72,72.0,50,50,50,50
張保嗣著,1,36,36.0,32,32,32,32
豆盧回著,1,181,181.0,50,50,50,50
孫顧著,1,72,72.0,50,50,50,50
權徹著,1,86,86.0,50,50,50,50
郭汭著,1,72,72.0,50,50,50,50
徐玄之著,1,74,74.0,50,50,50,50
吳燭著,1,34,34.0,31,31,31,31
張敬徽著,1,46,46.0,42,43,43,43
邢象玉著,1,88,88.0,50,50,50,50
戴休珽著,1,88,88.0,50,50,50,50
陳璀著,1,72,72.0,50,50,50,50
顏胄著,1,188,188.0,50,50,50,50
林璠著,1,48,48.0,43,44,44,44
裴杞著,1,72,72.0,50,50,50,50
衛光一著,1,46,46.0,40,42,43,43
李謹言著,1,72,72.0,50,50,50,50
張子明著,1,60,60.0,50,50,50,50
柳曾著,1,163,163.0,50,50,50,50
鄭嚴著,1,48,48.0,44,44,44,44
陳凝著,1,42,42.0,41,41,40,39
陳祜著,1,72,72.0,50,50,50,50
王瓚著,1,120,120.0,50,50,50,50
理瑩著,1,120,120.0,50,50,50,50
徐元鼎著,1,72,72.0,50,50,50,50
安邑坊女著,1,23,23.0,23,22,21,20
原陵老翁著,1,245,245.0,50,50,50,50
長須國駙馬著,1,26,26.0,21,25,24,23
張守中著,1,30,30.0,29,29,28,27
穠華著,1,15,15.0,14,14,13,12
無名女鬼著,1,24,24.0,24,23,22,21
劉氏亡婦著,1,72,72.0,44,50,50,50
魏朋妻著,1,69,69.0,50,50,50,50
金車美人著,1,200,200.0,50,50,50,50
宮嬪著,1,136,136.0,50,50,50,50
蘇檢著,1,36,36.0,31,32,32,32
蘇檢妻著,1,24,24.0,24,23,22,21
韋檢亡姬著,1,34,34.0,28,31,31,31
湘中女子著,1,24,24.0,24,23,22,21
柳藏經著,1,48,48.0,44,44,44,44
陳宮妃嬪著,1,144,144.0,50,50,50,50
沙磧女子著,1,36,36.0,32,32,32,32
蕭曠著,1,36,36.0,32,32,32,32
織綃女著,1,36,36.0,31,32,32,32
甄後著,1,36,36.0,32,32,32,32
密陀僧著,1,24,24.0,22,23,22,21
客戶裏女子著,1,34,34.0,30,31,31,31
王麗真著,1,64,64.0,50,50,50,50
李助著,1,23,23.0,23,22,21,20
王氏婦著,1,174,174.0,50,50,50,50
臨淄縣主著,1,558,558.0,50,50,50,50
孔氏著,1,72,72.0,50,50,50,50
李微著,1,60,60.0,50,50,50,50
鐵銚著,1,36,36.0,30,32,32,32
朱均著,1,110,110.0,50,50,50,50
漳郡守著,1,36,36.0,30,32,32,32
省吏著,1,24,24.0,23,23,22,21
長孫無忌著,1,24,24.0,24,23,22,21
李旦著,1,19,19.0,18,18,17,16
李淵著,1,24,24.0,23,23,22,21
曾崇范妻著,1,13,13.0,13,12,11,10
胥偃著,1,13,13.0,12,12,11,10
任玠著,1,18,18.0,18,17,16,15
周延翰著,1,10,10.0,10,9,8,7
病狂人著,1,52,52.0,44,49,50,49
張氏女著,1,36,36.0,32,32,32,32
張生妻著,1,147,147.0,50,50,50,50
白氏著,1,26,26.0,23,25,24,23
張生著,1,46,46.0,30,40,41,42
破笛著,1,36,36.0,30,32,32,32
盧絳著,1,84,84.0,50,50,50,50
國邵南著,1,24,24.0,24,23,22,21
郭仁表著,1,38,38.0,36,37,36,35
劉景複著,1,248,248.0,50,50,50,50
盧獻卿著,1,23,23.0,23,22,21,20
石季武著,1,23,23.0,23,22,21,20
邢鳳著,1,36,36.0,30,31,32,32
李豫著,1,18,18.0,14,17,16,15
李亨著,1,19,19.0,17,18,17,16
孫長史女著,1,96,96.0,50,50,50,50
少年著,1,24,24.0,23,23,22,21
禿帚著,1,36,36.0,32,32,32,32
夷陵女郎著,1,127,127.0,50,50,50,50
崔常侍著,1,36,36.0,25,32,32,32
裴玄智著,1,24,24.0,24,23,22,21
冥吏著,1,21,21.0,18,19,19,18
河湄鬼著,1,23,23.0,23,22,21,20
巴峽鬼著,1,22,22.0,22,21,20,19
釋明解著,1,48,48.0,44,44,44,44
慕容垂著,1,24,24.0,19,23,22,21
吳興神女著,1,24,24.0,23,23,22,21
黃陵美人著,1,36,36.0,31,32,32,32
廣利王女著,1,72,72.0,50,50,50,50
瀵水神著,1,13,13.0,9,12,11,10
太白山神著,1,21,21.0,20,20,19,18
輔國將軍著,1,45,45.0,40,41,41,41
李序著,1,23,23.0,23,22,21,20
水府君著,1,180,180.0,50,50,50,50
龍護老人著,1,38,38.0,32,34,35,35
李叔霽著,1,23,23.0,22,22,21,20
洞庭龍君著,1,212,212.0,50,50,50,50
妙女著,1,14,14.0,14,13,12,11
楊損著,1,34,34.0,30,31,31,31
桃花夫人著,1,36,36.0,32,32,32,32
毛女正美著,1,60,60.0,50,50,50,50
王氏女著,1,36,36.0,32,32,32,32
吳彩鸞著,1,30,30.0,29,29,28,27
觀梅女仙著,1,32,32.0,29,30,30,29
青童著,1,36,36.0,29,32,32,32
慈恩院女仙著,1,72,72.0,50,50,50,50
吳清妻著,1,170,170.0,50,50,50,50
南溟夫人著,1,36,36.0,28,31,32,32
介胄鬼著,1,64,64.0,50,50,50,50
竇裕著,1,24,24.0,21,21,21,21
張仁寶著,1,36,36.0,30,32,32,32
石恪著,1,64,64.0,50,50,50,50
峽中白衣著,1,34,34.0,29,30,31,31
任彥思家鬼著,1,23,23.0,23,22,21,20
崇聖寺鬼著,1,64,64.0,50,50,50,50
塚中人著,1,33,33.0,24,28,29,29
商山客死生著,1,66,66.0,50,50,50,50
徐侃著,1,38,38.0,29,33,34,34
巴陵館鬼著,1,34,34.0,27,30,31,31
隔窗鬼著,1,36,36.0,30,32,32,32
長安中鬼著,1,34,34.0,26,30,31,31
田達誠宅鬼著,1,30,30.0,26,29,28,27
九華山白衣著,1,30,30.0,25,29,28,27
趙z7著,1,23,23.0,18,22,21,20
甘露寺鬼著,1,103,103.0,50,50,50,50
書生著,1,34,34.0,27,31,31,31
鄭適著,1,34,34.0,23,27,28,29
商山三丈夫著,1,48,48.0,30,34,37,39
張省躬著,1,24,24.0,20,22,22,21
蕭微著,1,36,36.0,32,32,32,32
河中鬼著,1,26,26.0,25,25,24,23
襄陽舉人著,1,30,30.0,28,29,28,27
沈青箱著,1,48,48.0,44,44,44,44
鄭瓊羅著,1,34,34.0,27,31,31,31
劉溉著,1,34,34.0,27,31,31,31
尉佗著,1,36,36.0,32,32,32,32
韓弇著,1,23,23.0,23,22,21,20
陸憑著,1,23,23.0,20,22,21,20
選人著,1,24,24.0,23,23,22,21
竇昉著,1,71,71.0,50,50,50,50
崔少玄著,1,64,64.0,49,50,50,50
韋洪著,1,61,61.0,50,50,50,50
胡傳美著,1,64,64.0,50,50,50,50
錢信著,1,24,24.0,22,22,22,21
崔融2著,1,24,24.0,23,23,22,21
吳黔著,1,44,44.0,42,42,42,41
吳士矩著,1,36,36.0,31,32,32,32
暢甫著,1,48,48.0,44,44,44,44
李夐著,1,144,144.0,50,50,50,50
公孫杲著,1,48,48.0,44,44,44,44
林披著,1,38,38.0,28,31,32,33
鄭露著,1,23,23.0,21,21,21,20
張紹著,1,414,414.0,50,50,50,50
馬乂著,1,72,72.0,50,50,50,50
任要著,1,60,60.0,49,50,50,50
路應著,1,168,168.0,50,50,50,50
盧言著,1,24,24.0,23,23,22,21
崔善為著,1,48,48.0,39,43,44,44
陳叔達著,1,60,60.0,47,50,50,50
褚亮著,1,78,78.0,50,50,50,50
李瀚2著,1,2502,2502.0,50,50,50,50
張幹著,1,16,16.0,15,15,14,13
宋元素著,1,36,36.0,32,32,32,32
趙武建著,1,24,24.0,22,23,22,21
張翱著,1,18,18.0,17,17,16,15
伶人著,1,12,12.0,12,11,10,9
王魯著,1,12,12.0,12,11,10,9
蕭結著,1,19,19.0,19,18,17,16
許宏著,1,34,34.0,28,30,31,31
李縝著,1,168,168.0,50,50,50,50
杜兼著,1,25,25.0,23,24,23,22
康駢著,1,56,56.0,50,50,50,50
王麗真女郎著,1,31,31.0,23,30,29,28
閩後陳氏著,1,60,60.0,45,50,50,50
楊貴妃著,1,31,31.0,29,30,29,28
林楚翹著,1,50,50.0,46,47,47,47
許岷著,1,124,124.0,50,50,50,50
劉侍讀著,1,46,46.0,42,43,43,43
庾傳素著,1,62,62.0,50,50,50,50
歐陽彬2著,1,46,46.0,42,43,43,43
鐘輻著,1,101,101.0,50,50,50,50
張曙2著,1,48,48.0,45,45,45,45
鄭符著,1,21,21.0,18,18,18,18
崔懷寶著,1,30,30.0,29,29,28,27
竇弘餘著,1,56,56.0,49,50,50,50
戴公懷著,1,168,168.0,50,50,50,50
裴談著,1,27,27.0,25,25,25,24
孟昶著,1,62,62.0,50,50,50,50
李隆基著,1,51,51.0,44,46,47,48
清豁著,1,34,34.0,23,30,31,31
馬令著,1,165,165.0,50,50,50,50
尉遲汾著,1,360,360.0,50,50,50,50
薛光謙著,1,72,72.0,50,50,50,50
扈載著,1,44,44.0,38,42,42,41
郭密之著,1,120,120.0,50,50,50,50
宇文鼎著,1,23,23.0,21,21,21,20
崔耿著,1,34,34.0,31,32,32,31
孟翔著,1,134,134.0,50,50,50,50
皇甫大夫著,1,48,48.0,39,42,43,44
李兼著,1,20,20.0,19,19,18,17
梁寶著,1,73,73.0,48,50,50,50
黃幡綽著,1,38,38.0,22,28,33,34
姚嶸著,1,36,36.0,31,32,32,32
崔立言著,1,36,36.0,29,32,32,32
徐彥若著,1,14,14.0,13,13,12,11
孫子多著,1,36,36.0,26,32,32,32
鄭光業著,1,20,20.0,17,19,18,17
朱澤著,1,36,36.0,30,32,32,32
嚴震著,1,46,46.0,26,37,40,41
孔顒著,1,36,36.0,30,32,32,32
賀遂涉著,1,24,24.0,24,23,22,21
高亭著,1,18,18.0,17,17,16,15
史思明著,1,22,22.0,14,17,18,19
張懷慶著,1,36,36.0,32,32,32,32
石惠泰著,1,24,24.0,24,23,22,21
柳逢著,1,23,23.0,22,22,21,20
邵景著,1,30,30.0,29,29,28,27
韋鏗著,1,34,34.0,29,31,31,31
麹崇裕著,1,24,24.0,23,23,22,21
封抱一著,1,22,22.0,22,21,20,19
吳人著,1,22,22.0,18,21,20,19
中宗朝優人著,1,30,30.0,25,26,27,27
楊廷玉著,1,31,31.0,26,27,28,28
陸子著,1,22,22.0,21,21,20,19
梁載言著,1,48,48.0,42,44,44,44
石抱忠著,1,56,56.0,48,50,50,50
李榮著,1,24,24.0,20,23,22,21
釋元康著,1,33,33.0,27,28,29,29
李日新著,1,34,34.0,29,30,30,30
黎瓘著,1,36,36.0,30,32,32,32
僧法軌著,1,33,33.0,24,28,29,29
歸氏子著,1,36,36.0,30,32,32,32
何承裕著,1,18,18.0,18,17,16,15
陳嶠著,1,18,18.0,18,17,16,15
羅穎著,1,18,18.0,18,17,16,15
商則著,1,14,14.0,13,13,12,11
蔡押衙著,1,16,16.0,13,13,13,13
包賀著,1,46,46.0,35,39,40,41
蘇芸著,1,14,14.0,14,13,12,11
周顓著,1,34,34.0,31,31,31,31
座客著,1,34,34.0,31,31,31,31
楊鸞著,1,32,32.0,30,30,30,29
李晝著,1,36,36.0,32,32,32,32
張魯封著,1,36,36.0,32,32,32,32
李和風著,1,36,36.0,31,32,32,32
陸岩夢著,1,64,64.0,50,50,50,50
閻敬愛著,1,36,36.0,31,32,32,32
甘洽著,1,44,44.0,29,35,38,39
劉炎著,1,18,18.0,18,17,16,15
太守著,1,24,24.0,21,21,21,21
李令著,1,32,32.0,29,30,30,29
郫城令著,1,34,34.0,31,31,31,31
楊苧蘿著,1,24,24.0,24,23,22,21
馮暉著,1,14,14.0,13,13,12,11
李花開著,1,24,24.0,24,23,22,21
馮道幕客著,1,36,36.0,29,31,32,32
荊人著,1,24,24.0,22,22,22,21
李都著,1,64,64.0,50,50,50,50
戚逍遙著,1,30,30.0,29,29,28,27
張雲容著,1,144,144.0,50,50,50,50
呂炅著,1,72,72.0,50,50,50,50
七歲女子著,1,22,22.0,22,21,20,19
慎氏著,1,34,34.0,30,31,31,31
侯氏著,1,64,64.0,50,50,50,50
張立本女著,1,30,30.0,29,29,28,27
薛媛著,1,48,48.0,43,44,44,44
陳玉蘭著,1,32,32.0,23,30,30,29
崔氏著,1,32,32.0,22,25,27,28
楊德麟著,1,24,24.0,24,23,22,21
裴淑著,1,46,46.0,43,43,43,43
王氏著,1,34,34.0,30,31,31,31
郭紹蘭著,1,22,22.0,20,21,20,19
趙氏1著,1,176,176.0,50,50,50,50
林氏著,1,96,96.0,50,50,50,50
喬氏著,1,23,23.0,23,22,21,20
任氏著,1,82,82.0,45,50,50,50
魏氏著,1,188,188.0,50,50,50,50
楊容華著,1,46,46.0,42,43,43,43
寶曆宮人著,1,11,11.0,10,10,9,8
金真德著,1,115,115.0,50,50,50,50
李玉簫著,1,32,32.0,29,30,30,29
僖宗宮人著,1,23,23.0,20,22,21,20
宣宗宮人著,1,23,23.0,21,21,21,20
德宗宮人著,1,24,24.0,20,22,22,21
開元宮人著,1,46,46.0,41,43,43,43
武后宮人著,1,46,46.0,41,42,43,43
安守範著,1,67,67.0,50,50,50,50
李景儉著,1,66,66.0,47,50,50,50
薛瑤著,1,28,28.0,24,26,26,25
蔣氏著,1,24,24.0,24,23,22,21
華山老人著,1,32,32.0,25,30,30,29
葛氏女著,1,34,34.0,29,31,31,31
楚兒著,1,64,64.0,50,50,50,50
襄陽妓著,1,36,36.0,32,32,32,32
舞柘枝女著,1,36,36.0,32,32,32,32
武昌妓著,1,36,36.0,31,32,32,32
太原妓著,1,36,36.0,30,32,32,32
劉采春著,1,144,144.0,50,50,50,50
曹文姬著,1,15,15.0,15,14,13,12
誰氏女著,1,36,36.0,28,31,32,32
若耶溪女子著,1,36,36.0,29,31,32,32
湘驛女子著,1,24,24.0,23,23,22,21
京兆女子著,1,36,36.0,32,32,32,32
李主簿姬著,1,32,32.0,30,30,30,29
劉氏婦著,1,68,68.0,44,50,50,50
周仲美著,1,78,78.0,50,50,50,50
劉元載妻著,1,32,32.0,29,30,30,29
長孫佐轉妻著,1,88,88.0,50,50,50,50
趙虛舟著,1,32,32.0,30,30,30,29
薛瓊著,1,23,23.0,23,22,21,20
劉淑柔著,1,48,48.0,40,44,44,44
裴羽仙著,1,72,72.0,50,50,50,50
嚴續姬著,1,32,32.0,29,30,30,29
崔素娥著,1,36,36.0,29,32,32,32
趙氏3著,1,60,60.0,50,50,50,50
崔紫雲著,1,36,36.0,32,32,32,32
紅綃妓著,1,34,34.0,31,31,31,31
程洛賓著,1,36,36.0,32,32,32,32
終南山翁著,1,32,32.0,30,30,30,29
衡州舟子著,1,30,30.0,28,29,28,27
顏令賓著,1,24,24.0,23,23,22,21
李胄著,1,72,72.0,50,50,50,50
沈鵬著,1,69,69.0,50,50,50,50
顧偉著,1,72,72.0,50,50,50,50
盧征著,1,72,72.0,50,50,50,50
徐仁嗣著,1,72,72.0,50,50,50,50
王若岩著,1,72,72.0,50,50,50,50
濮陽瓘著,1,69,69.0,50,50,50,50
張何著,1,66,66.0,50,50,50,50
張公乂著,1,72,72.0,50,50,50,50
鄭袞著,1,72,72.0,50,50,50,50
萬俟造著,1,72,72.0,50,50,50,50
宋迪著,1,72,72.0,50,50,50,50
鄭述誠著,1,72,72.0,50,50,50,50
李子昂著,1,96,96.0,50,50,50,50
張元正著,1,72,72.0,50,50,50,50
孟匡明著,1,72,72.0,50,50,50,50
袁求賢著,1,72,72.0,50,50,50,50
鄭昉著,1,96,96.0,50,50,50,50
孟翱著,1,72,72.0,50,50,50,50
吳叔達著,1,72,72.0,50,50,50,50
鄭馥著,1,96,96.0,50,50,50,50
崔宗著,1,72,72.0,50,50,50,50
裴大章著,1,72,72.0,50,50,50,50
葉元良著,1,72,72.0,50,50,50,50
石倚著,1,72,72.0,50,50,50,50
王卓著,1,96,96.0,50,50,50,50
劉公興著,1,72,72.0,50,50,50,50
薛少殷著,1,72,72.0,50,50,50,50
辛學士著,1,24,24.0,24,23,22,21
驪山遊人著,1,36,36.0,28,30,32,32
懿宗朝舉子著,1,134,134.0,50,50,50,50
天嶠遊人著,1,36,36.0,31,32,32,32
建業蔔者著,1,36,36.0,30,31,32,32
吏部選人著,1,24,24.0,23,23,22,21
江陵士子著,1,62,62.0,50,50,50,50
崔公佐客著,1,36,36.0,32,32,32,32
同穀子著,1,180,180.0,50,50,50,50
婺州山中人著,1,21,21.0,21,20,19,18
黃山隱著,1,46,46.0,42,43,43,43
太上隱者著,1,22,22.0,22,21,20,19
西鄙人著,1,23,23.0,21,21,21,20
唐末朝士著,1,36,36.0,29,31,32,32
白衫舉子著,1,30,30.0,28,29,28,27
元和舉子著,1,36,36.0,27,31,32,32
鄭僕射著,1,24,24.0,24,23,22,21
貞元文士著,1,36,36.0,32,32,32,32
洪州將軍著,1,36,36.0,31,32,32,32
僖宗北省官著,1,32,32.0,29,30,30,29
天寶時人著,1,36,36.0,30,31,32,32
神龍從臣著,1,36,36.0,31,32,32,32
景龍文館士著,1,36,36.0,32,32,32,32
京兆韋氏子著,1,34,34.0,31,31,31,31
繆氏子著,1,34,34.0,30,31,31,31
曹生著,1,36,36.0,32,32,32,32
吳公著,1,22,22.0,21,21,20,19
梁補闕著,1,36,36.0,32,32,32,32
鄭中丞著,1,24,24.0,23,23,22,21
王蘇蘇著,1,34,34.0,30,31,31,31
平康妓著,1,36,36.0,32,32,32,32
陳蓬著,1,11,11.0,11,10,9,8
吳子來著,1,84,84.0,50,50,50,50
侯道華著,1,69,69.0,50,50,50,50
欒清著,1,24,24.0,21,22,22,21
趙惠宗著,1,86,86.0,50,50,50,50
李遐周著,1,22,22.0,22,21,20,19
申歡著,1,24,24.0,24,23,22,21
成真人著,1,22,22.0,22,21,20,19
張果著,1,64,64.0,50,50,50,50
葉法善著,1,132,132.0,50,50,50,50
孫思邈著,1,163,163.0,50,50,50,50
魚又玄著,1,87,87.0,50,50,50,50
彭曉著,1,128,128.0,50,50,50,50
虞有賢著,1,87,87.0,50,50,50,50
範堯佐著,1,59,59.0,50,50,50,50
樊夫人著,1,34,34.0,31,31,31,31
李升著,1,36,36.0,31,32,32,32
軒轅彌明著,1,64,64.0,50,50,50,50
裴翛然著,1,24,24.0,22,23,22,21
司馬退之著,1,100,100.0,50,50,50,50
張氳著,1,72,72.0,50,50,50,50
司馬承禎著,1,64,64.0,50,50,50,50
荊州僧著,1,6,6.0,6,5,4,3
靈准著,1,11,11.0,11,10,9,8
志定著,1,30,30.0,28,29,28,27
玄幽著,1,15,15.0,14,14,13,12
雲容著,1,6,6.0,6,5,4,3
知業著,1,15,15.0,15,14,13,12
裴航著,1,36,36.0,32,32,32,32
陸禹臣著,1,23,23.0,22,22,21,20
淡然著,1,11,11.0,11,10,9,8
蜀酒閣道人著,1,30,30.0,29,29,28,27
鄭冠卿著,1,15,15.0,15,14,13,12
陳複休著,1,15,15.0,15,14,13,12
曲龍山仙著,1,136,136.0,50,50,50,50
鄰道場人著,1,34,34.0,30,31,31,31
太白山玄士著,1,34,34.0,23,28,31,31
太乙真君著,1,36,36.0,31,32,32,32
青城丈人著,1,36,36.0,30,32,32,32
許大著,1,34,34.0,31,31,31,31
樵夫著,1,24,24.0,21,21,21,21
成都醉道士著,1,180,180.0,50,50,50,50
萼嶺書生著,1,36,36.0,31,32,32,32
章江書生著,1,30,30.0,28,29,28,27
黃冠野夫著,1,48,48.0,37,42,44,44
李真著,1,32,32.0,25,27,28,28
廣陵道士著,1,22,22.0,22,21,20,19
隱者著,1,36,36.0,30,32,32,32
希道著,1,76,76.0,50,50,50,50
嵩岳諸仙著,1,477,477.0,50,50,50,50
春台仙著,1,138,138.0,50,50,50,50
清遠道士著,1,144,144.0,50,50,50,50
藍采和著,1,68,68.0,50,50,50,50
徐釣者著,1,32,32.0,29,30,30,29
李浩著,1,144,144.0,50,50,50,50
趙自然著,1,21,21.0,21,20,19,18
段穀著,1,42,42.0,40,41,40,39
吳涵虛著,1,62,62.0,50,50,50,50
庭實著,1,11,11.0,11,10,9,8
契盈著,1,15,15.0,15,14,13,12
盛小叢著,1,36,36.0,29,32,32,32
羅炯著,1,64,64.0,50,50,50,50
大愚著,1,48,48.0,44,44,44,44
泠然著,1,64,64.0,50,50,50,50
雲表著,1,34,34.0,28,30,31,31
耽章著,1,36,36.0,31,32,32,32
文秀著,1,32,32.0,27,29,30,29
常達著,1,384,384.0,50,50,50,50
良乂著,1,34,34.0,31,31,31,31
智亮著,1,72,72.0,50,50,50,50
韜光著,1,64,64.0,50,50,50,50
含曦著,1,52,52.0,39,46,47,48
龐蘊著,1,228,228.0,50,50,50,50
金地藏著,1,64,64.0,50,50,50,50
寶月著,1,95,95.0,50,50,50,50
恒超著,1,48,48.0,43,44,44,44
中寤著,1,64,64.0,50,50,50,50
道會著,1,24,24.0,23,23,22,21
利涉著,1,36,36.0,25,32,32,32
僧鳳著,1,48,48.0,44,44,44,44
辨才著,1,48,48.0,43,44,44,44
道恭著,1,48,48.0,43,44,44,44
海順著,1,233,233.0,50,50,50,50
豐幹著,1,144,144.0,50,50,50,50
拾得著,1,2276,2276.0,50,50,50,50
海印著,1,48,48.0,41,44,44,44
韓襄客著,1,15,15.0,15,14,13,12
蓮花妓著,1,36,36.0,30,32,32,32
懷浚著,1,72,72.0,26,45,50,50
淨顯著,1,50,50.0,45,46,46,46
悟清著,1,11,11.0,11,10,9,8
滄浩著,1,46,46.0,38,41,42,43
元礎著,1,23,23.0,21,22,21,20
爾鳥著,1,15,15.0,15,14,13,12
可隆著,1,11,11.0,11,10,9,8
神迥著,1,11,11.0,11,10,9,8
唐末僧著,1,23,23.0,23,22,21,20
吳越僧著,1,384,384.0,50,50,50,50
南唐失名僧著,1,21,21.0,19,20,19,18
無名釋著,1,32,32.0,28,30,30,29
水心寺僧著,1,24,24.0,23,23,22,21
慈恩寺沙門著,1,48,48.0,44,44,44,44
文鑒著,1,36,36.0,27,32,32,32
若水著,1,48,48.0,43,44,44,44
常雅著,1,36,36.0,28,32,32,32
修雅著,1,601,601.0,50,50,50,50
法輪著,1,115,115.0,50,50,50,50
釋彪著,1,44,44.0,40,41,42,41
玄寶著,1,42,42.0,39,41,40,39
尚志著,1,48,48.0,41,43,44,44
智遠著,1,44,44.0,40,42,42,41
隱求著,1,24,24.0,23,23,22,21
曇翼著,1,55,55.0,46,50,50,50
清尚著,1,44,44.0,41,42,42,41
無作著,1,24,24.0,24,23,22,21
謙光著,1,48,48.0,43,44,44,44
文益著,1,48,48.0,42,43,44,44
元寂著,1,23,23.0,19,21,21,20
韓雄著,1,48,48.0,43,44,44,44
李潛著,1,64,64.0,50,50,50,50
殷陶著,1,64,64.0,50,50,50,50
於經野著,1,48,48.0,43,44,44,44
源光裕著,1,40,40.0,34,36,36,36
李恒著,1,48,48.0,43,44,44,44
張景源著,1,48,48.0,44,44,44,44
周利用著,1,48,48.0,43,44,44,44
李從遠著,1,48,48.0,41,43,44,44
孫佺著,1,48,48.0,44,44,44,44
樊忱著,1,48,48.0,44,44,44,44
麹瞻著,1,48,48.0,43,44,44,44
畢幹泰著,1,48,48.0,43,44,44,44
王景著,1,48,48.0,44,44,44,44
辛替否著,1,48,48.0,44,44,44,44
李咸著,1,48,48.0,43,44,44,44
韋抗著,1,72,72.0,50,50,50,50
鄭南金著,1,48,48.0,43,44,44,44
陸景初著,1,48,48.0,43,44,44,44
竇希玠著,1,48,48.0,42,44,44,44
吳兢著,1,96,96.0,50,50,50,50
寇泚著,1,69,69.0,50,50,50,50
洪子輿著,1,92,92.0,50,50,50,50
李如璧著,1,153,153.0,50,50,50,50
李澄之著,1,48,48.0,41,43,44,44
元希聲著,1,312,312.0,50,50,50,50
郭利貞著,1,44,44.0,41,42,42,41
李行言著,1,72,72.0,50,50,50,50
劉升著,1,72,72.0,50,50,50,50
李暠著,1,72,72.0,50,50,50,50
鄭蜀賓著,1,23,23.0,23,22,21,20
徐仁友著,1,48,48.0,43,44,44,44
吳鞏著,1,46,46.0,41,43,43,43
梁升卿著,1,72,72.0,50,50,50,50
張漸著,1,115,115.0,50,50,50,50
元載著,1,36,36.0,31,32,32,32
厙狄履溫著,1,120,120.0,50,50,50,50
崔珪著,1,46,46.0,41,43,43,43
史青著,1,48,48.0,42,44,44,44
蔡希周著,1,64,64.0,50,50,50,50
盧崇道著,1,72,72.0,50,50,50,50
康庭芝著,1,44,44.0,42,42,42,41
蘇綰著,1,48,48.0,44,44,44,44
孫翃著,1,48,48.0,44,44,44,44
程行諶著,1,72,72.0,50,50,50,50
崔頌著,1,48,48.0,44,44,44,44
劉晃著,1,40,40.0,35,36,36,36
韓思複著,1,40,40.0,34,36,36,36
徐知仁著,1,120,120.0,50,50,50,50
崔禹錫著,1,120,120.0,50,50,50,50
房管著,1,120,120.0,50,50,50,50
崔尚著,1,72,72.0,50,50,50,50
崔沔著,1,72,72.0,50,50,50,50
宇文融著,1,96,96.0,50,50,50,50
裴光庭著,1,96,96.0,50,50,50,50
褚琇著,1,72,72.0,50,50,50,50
宋務光著,1,184,184.0,50,50,50,50
呂太一著,1,24,24.0,22,23,22,21
馮少吉著,1,36,36.0,30,32,32,32
邵升著,1,64,64.0,50,50,50,50
史俊著,1,110,110.0,50,50,50,50
姜皎著,1,62,62.0,50,50,50,50
薑晞著,1,62,62.0,50,50,50,50
劉友賢著,1,48,48.0,42,44,44,44
郎餘令著,1,48,48.0,43,44,44,44
高紹著,1,48,48.0,44,44,44,44
徐皓著,1,48,48.0,43,44,44,44
王茂時著,1,48,48.0,44,44,44,44
周彥昭著,1,48,48.0,42,44,44,44
席元明著,1,56,56.0,49,50,50,50
唐遠悊著,1,48,48.0,41,44,44,44
蔣挺著,1,40,40.0,32,36,36,36
喬侃著,1,62,62.0,50,50,50,50
何鸞著,1,40,40.0,33,36,36,36
崔玄童著,1,40,40.0,35,36,36,36
李夔著,1,48,48.0,41,44,44,44
田遊岩著,1,72,72.0,50,50,50,50
辛常伯著,1,455,455.0,50,50,50,50
邵大震著,1,36,36.0,28,31,32,32
王勔著,1,48,48.0,44,44,44,44
崔滌著,1,36,36.0,27,30,31,32
狄仁傑著,1,64,64.0,50,50,50,50
賀敱著,1,110,110.0,50,50,50,50
薛昚惑著,1,48,48.0,44,44,44,44
楊敬述著,1,64,64.0,50,50,50,50
張垍著,1,48,48.0,44,44,44,44
房融著,1,48,48.0,44,44,44,44
楊重玄著,1,24,24.0,24,23,22,21
張楚金著,1,70,70.0,50,50,50,50
鄭遂初著,1,46,46.0,41,43,43,43
王紹宗著,1,36,36.0,29,33,33,33
司馬逸客著,1,350,350.0,50,50,50,50
牛鳳及著,1,62,62.0,50,50,50,50
王易從著,1,46,46.0,41,43,43,43
章玄同著,1,24,24.0,23,23,22,21
劉幽求著,1,22,22.0,22,21,20,19
袁恕己著,1,46,46.0,41,43,43,43
王晙著,1,40,40.0,34,36,36,36
朱使欣著,1,48,48.0,42,44,44,44
李伯魚著,1,48,48.0,30,44,44,44
魏奉古著,1,120,120.0,50,50,50,50
梁知微著,1,96,96.0,50,50,50,50
王熊著,1,96,96.0,50,50,50,50
陰行先著,1,48,48.0,43,44,44,44
丘悅著,1,36,36.0,35,35,34,33
鄭善玉著,1,40,40.0,34,36,36,36
張齊賢著,1,40,40.0,34,36,36,36
胡雄著,1,36,36.0,30,32,32,32
劉知幾著,1,48,48.0,42,44,44,44
祝欽明著,1,40,40.0,33,36,36,36
閭丘均著,1,69,69.0,50,50,50,50
富嘉謨著,1,168,168.0,50,50,50,50
裴士淹著,1,34,34.0,29,30,31,31
李元操著,1,96,96.0,50,50,50,50
顧朝陽著,1,46,46.0,42,43,43,43
苗晉卿著,1,96,96.0,50,50,50,50
魏萬著,1,288,288.0,50,50,50,50
于逖著,1,82,82.0,50,50,50,50
於逖著,1,92,92.0,50,50,50,50
李峰著,1,48,48.0,44,44,44,44
陳孫著,1,48,48.0,44,44,44,44
張偁著,1,36,36.0,29,32,32,32
段懷然著,1,36,36.0,32,32,32,32
元友讓著,1,72,72.0,50,50,50,50
蕭華著,1,96,96.0,50,50,50,50
趙居貞著,1,190,190.0,50,50,50,50
賈躭著,1,90,90.0,50,50,50,50
崔敏童著,1,36,36.0,28,30,32,32
崔成甫著,1,36,36.0,32,32,32,32
崔惠童著,1,36,36.0,30,32,32,32
鄒象先著,1,24,24.0,23,23,22,21
宋華著,1,220,220.0,50,50,50,50
息夫牧著,1,108,108.0,50,50,50,50
沈東美著,1,144,144.0,50,50,50,50
田澄著,1,48,48.0,42,44,44,44
韋濟著,1,48,48.0,44,44,44,44
鄭虔著,1,22,22.0,22,21,20,19
滕珦著,1,72,72.0,50,50,50,50
袁邕著,1,38,38.0,34,34,34,34
蘇著,1,37,37.0,32,33,33,33
崔宗之著,1,182,182.0,50,50,50,50
郭受著,1,64,64.0,50,50,50,50
陶峴著,1,64,64.0,50,50,50,50
楊郇伯著,1,64,64.0,50,50,50,50
王濯著,1,72,72.0,50,50,50,50
鄭轅著,1,72,72.0,50,50,50,50
韓浚著,1,72,72.0,50,50,50,50
史延著,1,72,72.0,50,50,50,50
張莒著,1,72,72.0,50,50,50,50
張惟儉著,1,72,72.0,50,50,50,50
李竦著,1,72,72.0,50,50,50,50
崔琮著,1,72,72.0,50,50,50,50
朱宿著,1,96,96.0,50,50,50,50
鄭昈著,1,44,44.0,38,42,42,41
杜誦著,1,48,48.0,44,44,44,44
房孺複著,1,64,64.0,50,50,50,50
竇蒙著,1,69,69.0,50,50,50,50
鄭孺華著,1,72,72.0,50,50,50,50
於結著,1,71,71.0,50,50,50,50
綦毋誠著,1,48,48.0,44,44,44,44
呂牧著,1,72,72.0,50,50,50,50
張叔良著,1,72,72.0,50,50,50,50
潘炎著,1,96,96.0,50,50,50,50
王鋌著,1,64,64.0,50,50,50,50
韋元甫著,1,256,256.0,50,50,50,50
李陽冰著,1,24,24.0,22,22,22,21
古之奇著,1,69,69.0,50,50,50,50
王綽著,1,72,72.0,50,50,50,50
李岑1著,1,38,38.0,34,34,34,34
高傪著,1,38,38.0,34,34,34,34
敬括著,1,72,72.0,50,50,50,50
喬琳著,1,64,64.0,50,50,50,50
梁德裕著,1,120,120.0,50,50,50,50
朱斌著,1,22,22.0,21,21,20,19
鄭紹著,1,46,46.0,40,43,43,43
梁洽著,1,46,46.0,41,43,43,43
荊冬倩著,1,48,48.0,43,44,44,44
程彌綸著,1,51,51.0,42,48,49,48
王喬著,1,36,36.0,29,31,32,32
郭向著,1,24,24.0,23,23,22,21
黃麟著,1,48,48.0,43,44,44,44
杜儼著,1,34,34.0,29,31,31,31
柳渾著,1,32,32.0,28,29,30,29
孟彥深著,1,72,72.0,50,50,50,50
李曄2著,1,72,72.0,50,50,50,50
楊志堅著,1,60,60.0,50,50,50,50
庾光先著,1,64,64.0,50,50,50,50
閭丘曉著,1,46,46.0,42,43,43,43
張抃著,1,64,64.0,50,50,50,50
周萬著,1,48,48.0,42,44,44,44
王嶽靈著,1,66,66.0,50,50,50,50
楊顏著,1,44,44.0,39,41,42,41
崔亙著,1,44,44.0,41,42,42,41
趙驊著,1,48,48.0,43,44,44,44
苑鹹著,1,62,62.0,50,50,50,50
苑咸著,1,48,48.0,43,44,44,44
常非月著,1,48,48.0,43,44,44,44
張良璞著,1,88,88.0,50,50,50,50
孫欣著,1,48,48.0,43,44,44,44
王羨門著,1,48,48.0,43,44,44,44
王迥著,1,46,46.0,44,45,44,43
李穆著,1,36,36.0,31,32,32,32
鄒紹先著,1,36,36.0,31,33,33,33
李峴著,1,32,32.0,30,30,30,29
鄔載著,1,120,120.0,50,50,50,50
殷少野著,1,48,48.0,44,44,44,44
鄭愕著,1,48,48.0,43,44,44,44
姚發著,1,48,48.0,43,44,44,44
劉太沖著,1,48,48.0,44,44,44,44
元晟著,1,48,48.0,44,44,44,44
房白著,1,48,48.0,43,44,44,44
長孫鑄著,1,48,48.0,43,44,44,44
劉舟著,1,48,48.0,44,44,44,44
賈邕著,1,48,48.0,44,44,44,44
許瑤著,1,36,36.0,30,32,32,32
朱逵著,1,156,156.0,50,50,50,50
魯收著,1,184,184.0,50,50,50,50
竇冀著,1,247,247.0,50,50,50,50
王zr著,1,221,221.0,50,50,50,50
魏璀著,1,72,72.0,50,50,50,50
莊若訥著,1,72,72.0,50,50,50,50
李清著,1,36,36.0,28,30,31,32
楊賁著,1,44,44.0,39,42,42,41
李福業著,1,24,24.0,24,23,22,21
鄭惟忠著,1,24,24.0,24,23,22,21
許圉師著,1,24,24.0,24,23,22,21
張易之,1,70,70.0,50,50,50,50
鄭渥,1,14,14.0,14,13,12,11
于武陵,1,40,40.0,38,39,38,37
鮑氏君徽,1,60,60.0,50,50,50,50
崔融,1,40,40.0,39,39,38,37
余延壽,1,80,80.0,50,50,50,50
張九齡,1,40,40.0,39,39,38,37
歐陽瑾,1,40,40.0,39,39,38,37
韋承慶,1,40,40.0,40,39,38,37
劉憲,1,40,40.0,40,39,38,37
劉濟,1,80,80.0,50,50,50,50
王之渙,1,28,28.0,28,27,26,25
陳子昂,1,60,60.0,50,50,50,50
紀唐夫,1,14,14.0,14,13,12,11
賈馳,1,30,30.0,27,29,28,27
于濆,1,50,50.0,41,47,47,47
張循之,1,40,40.0,39,39,38,37
張昭,1,32,32.0,31,31,30,29
張袞,1,32,32.0,28,31,30,29
趙光逢,1,160,160.0,50,50,50,50
裴度,1,32,32.0,31,31,30,29
孟簡,1,32,32.0,32,31,30,29
李逢吉,1,32,32.0,30,31,30,29
杜羔,1,32,32.0,32,31,30,29
歸登,1,32,32.0,31,31,30,29
秦韜玉,1,56,56.0,50,50,50,50
劉昚虛,1,40,40.0,40,39,38,37
裴交泰,1,28,28.0,27,27,26,25
程氏長文,1,40,40.0,40,39,38,37
吳少微,1,60,60.0,50,50,50,50
雍陶,1,80,80.0,50,50,50,50
姚氏月華,1,56,56.0,50,50,50,50
劉義,1,40,40.0,34,38,38,37
劉元濟,1,40,40.0,40,39,38,37
張汯,1,28,28.0,27,27,26,25
薛奇童,1,80,80.0,50,50,50,50
子蘭,1,60,60.0,45,50,50,50
杜頠,1,180,180.0,50,50,50,50
厲玄,1,90,90.0,50,50,50,50
陶翰,1,14,14.0,14,13,12,11
朱放,1,20,20.0,20,19,18,17
丁仙芝,1,40,40.0,40,39,38,37
朱光弼,1,28,28.0,28,27,26,25
吳燭,1,40,40.0,40,39,38,37
歐陽詹,1,30,30.0,30,29,28,27
張氏琰,1,28,28.0,28,27,26,25
鄭愔,1,60,60.0,50,50,50,50
陳昭,1,40,40.0,38,39,38,37
東方虯,1,40,40.0,40,39,38,37
顧朝陽,1,40,40.0,40,39,38,37
梁獻,1,40,40.0,38,39,38,37
李彥暐,1,100,100.0,50,50,50,50
常建,1,90,90.0,50,50,50,50
馮伉,1,32,32.0,30,31,30,29
陳京,1,32,32.0,31,31,30,29
許孟容,1,32,32.0,31,31,30,29
蕭妃,1,30,30.0,29,29,28,27
韓休,1,28,28.0,28,27,26,25
劉晃,1,32,32.0,27,30,30,29
盧從願,1,32,32.0,32,31,30,29
韓思複,1,40,40.0,39,39,38,37
王繼鵬,1,28,28.0,28,27,26,25
孟昶,1,14,14.0,14,13,12,11
錢俶,1,14,14.0,14,13,12,11
李建,1,14,14.0,14,13,12,11
李從謙,1,40,40.0,37,39,38,37
李從善,1,179,179.0,50,50,50,50
李昪,1,28,28.0,28,27,26,25
宋若憲,1,60,60.0,50,50,50,50
祝欽明,1,32,32.0,31,31,30,29
宋若昭,1,60,60.0,50,50,50,50
宋若華,1,28,28.0,28,27,26,25
宜芬公主,1,40,40.0,40,39,38,37
李禕,1,79,79.0,50,50,50,50
李貞,1,50,50.0,50,49,48,47
李元嘉,1,70,70.0,50,50,50,50
江妃,1,28,28.0,28,27,26,25
楊玉環,1,28,28.0,26,27,26,25
長孫氏,1,14,14.0,14,13,12,11
李曄1,1,14,14.0,12,13,12,11
李旦,1,55,55.0,50,50,50,50
王晙,1,32,32.0,30,31,30,29
崔玄童,1,32,32.0,32,31,30,29
賈曾,1,32,32.0,29,31,30,29
何鸞,1,32,32.0,32,31,30,29
員半千,1,40,40.0,40,39,38,37
劉子玄,1,40,40.0,40,39,38,37
胡雄,1,40,40.0,39,39,38,37
薛稷,1,32,32.0,32,31,30,29
鄭善玉,1,32,32.0,32,31,30,29
張齊賢,1,32,32.0,30,31,30,29
丘說,1,32,32.0,30,31,30,29
蕭仿,1,32,32.0,32,31,30,29
夏侯孜,1,28,28.0,28,27,26,25
李回,1,16,16.0,16,15,14,13
牛僧孺,1,96,96.0,50,50,50,50
段文昌,1,32,32.0,30,31,30,29
鄭絪,1,32,32.0,32,31,30,29
鄭餘慶,1,32,32.0,32,31,30,29
劉晏,1,32,32.0,32,31,30,29
裴璀,1,32,32.0,32,31,30,29
薑晞,1,32,32.0,32,31,30,29
崔日用,1,32,32.0,30,31,30,29
姜皎,1,32,32.0,32,31,30,29
盧懷慎,1,40,40.0,40,39,38,37
蔡孚,1,32,32.0,32,31,30,29
姚崇,1,32,32.0,32,31,30,29
蔣挺,1,40,40.0,38,39,38,37
張修之,1,40,40.0,40,39,38,37
劉阜,1,28,28.0,24,27,26,25
許天正著,1,86,86.0,50,50,50,50
趙彥昭,1,28,28.0,27,27,26,25
沈叔安,1,14,14.0,14,13,12,11
楊續,1,60,60.0,50,50,50,50
褚遂良,1,60,60.0,50,50,50,50
劉洎,1,60,60.0,50,50,50,50
封行高,1,40,40.0,39,39,38,37
令狐德棻,1,40,40.0,40,39,38,37
于志寧,1,40,40.0,40,39,38,37
顏師古,1,40,40.0,38,39,38,37
陳陶,1,56,56.0,50,50,50,50
高駢,1,40,40.0,40,39,38,37
薛維翰,1,30,30.0,24,27,28,27
元結,1,116,116.0,50,50,50,50
趙中虛,1,80,80.0,50,50,50,50
崔液,1,100,100.0,50,50,50,50
吉中孚妻,1,20,20.0,20,19,18,17
滕潛,1,28,28.0,21,26,26,25
和凝,1,84,84.0,50,50,50,50
牛嶠,1,140,140.0,50,50,50,50
孫魴,1,140,140.0,50,50,50,50
韓琮,1,28,28.0,28,27,26,25
盧貞,1,28,28.0,27,27,26,25
李景伯,1,28,28.0,28,27,26,25
吳融,1,28,28.0,28,27,26,25
陸長源,1,20,20.0,20,19,18,17
何仲宣,1,14,14.0,14,13,12,11
楊浚,1,40,40.0,40,39,38,37
李華,1,40,40.0,40,39,38,37
郭正一著,1,48,48.0,44,44,44,44
劉懷一著,1,72,72.0,50,50,50,50
魏求己著,1,48,48.0,42,44,44,44
韓思彥著,1,72,72.0,50,50,50,50
賀遂亮著,1,72,72.0,50,50,50,50
徐珩著,1,48,48.0,43,44,44,44
薛克構著,1,62,62.0,50,50,50,50
蕭楚材著,1,62,62.0,50,50,50,50
鄭義真著,1,62,62.0,50,50,50,50
王德真著,1,62,62.0,50,50,50,50
裴守真著,1,144,144.0,50,50,50,50
胡元范著,1,144,144.0,50,50,50,50
張大安著,1,48,48.0,44,44,44,44
蕭德言,1,20,20.0,20,19,18,17
閻立本,1,34,34.0,27,29,29,29
歐陽詢,1,40,40.0,40,39,38,37
蕭翼,1,40,40.0,40,39,38,37
薛元超,1,70,70.0,50,50,50,50
來濟,1,20,20.0,20,19,18,17
毛明素,1,20,20.0,20,19,18,17
張文收,1,20,20.0,20,19,18,17
朱子奢,1,40,40.0,40,39,38,37
朱仲晦,1,120,120.0,50,50,50,50
杜之松,1,40,40.0,40,39,38,37
蔡允恭,1,40,40.0,38,39,38,37
權德輿,1,14,14.0,13,13,12,11
李章,1,20,20.0,18,19,18,17
李嘉佑,1,28,28.0,26,27,26,25
張柬之,1,40,40.0,39,39,38,37
閻朝隱,1,34,34.0,32,33,32,31
司空圖,1,40,40.0,39,39,38,37
司空曙,1,40,40.0,40,39,38,37
楊淩,1,28,28.0,28,27,26,25
梁氏瓊,1,40,40.0,39,39,38,37
崔塗,1,40,40.0,38,39,38,37
郎士元,1,60,60.0,50,50,50,50
鄒紹先,1,30,30.0,29,29,28,27
楊衡,1,20,20.0,20,19,18,17
賀知章,1,28,28.0,28,27,26,25
孟浩然,1,40,40.0,39,39,38,37
張若虛,1,42,42.0,31,41,40,39
田娥,1,20,20.0,20,19,18,17
張子容,1,60,60.0,50,50,50,50
薛耀,1,20,20.0,20,19,18,17
柯崇,1,56,56.0,50,50,50,50
王諲,1,40,40.0,36,39,38,37
王沈,1,28,28.0,26,27,26,25
張烜,1,40,40.0,40,39,38,37
嚴識玄,1,40,40.0,38,39,38,37
劉氏媛,1,56,56.0,50,50,50,50
鄭穀,1,56,56.0,50,50,50,50
高蟾,1,42,42.0,41,41,40,39
齊浣,1,40,40.0,37,39,38,37
李希仲,1,80,80.0,50,50,50,50
武平一,1,120,120.0,50,50,50,50
盧弼,1,14,14.0,14,13,12,11
王貞白,1,40,40.0,40,39,38,37
王訓,1,40,40.0,39,39,38,37
萬楚,1,70,70.0,50,50,50,50
張潮,1,120,120.0,50,50,50,50
趙微明,1,40,40.0,35,39,38,37
張彪,1,40,40.0,39,39,38,37
姚系,1,40,40.0,38,39,38,37
常理,1,60,60.0,50,50,50,50
王縉,1,40,40.0,38,38,38,37
賀蘭進明,1,56,56.0,50,50,50,50
張紘,1,15,15.0,15,14,13,12
張繼,1,20,20.0,19,19,18,17
雍裕之,1,20,20.0,19,19,18,17
盧仝,1,80,80.0,50,50,50,50
李康成,1,20,20.0,19,19,18,17
辛弘智,1,20,20.0,18,19,18,17
張熾,1,18,18.0,16,17,16,15
賈島,1,20,20.0,19,19,18,17
鄭錫,1,40,40.0,40,39,38,37
李廓,1,400,400.0,50,50,50,50
李嶷,1,90,90.0,50,50,50,50
虞羽客,1,100,100.0,50,50,50,50
獨孤及,1,160,160.0,50,50,50,50
王轂,1,14,14.0,14,13,12,11
獨孤綬著,1,72,72.0,50,50,50,50
仲子陵著,1,66,66.0,50,50,50,50
周徹著,1,72,72.0,50,50,50,50
李嶼著,1,115,115.0,50,50,50,50
王希羽著,1,36,36.0,31,32,32,32
裴皞著,1,36,36.0,27,30,32,32
陳乘著,1,48,48.0,44,44,44,44
唐廩著,1,62,62.0,50,50,50,50
林嵩著,1,64,64.0,50,50,50,50
張曙1著,1,36,36.0,32,32,32,32
汪極著,1,48,48.0,44,44,44,44
裴贄著,1,62,62.0,50,50,50,50
狄歸昌著,1,36,36.0,29,31,32,32
姚岩傑著,1,62,62.0,50,50,50,50
韓儀著,1,36,36.0,32,32,32,32
盧尚卿著,1,62,62.0,50,50,50,50
劉崇龜著,1,34,34.0,30,31,31,31
程賀著,1,32,32.0,27,29,30,29
李克恭著,1,62,62.0,50,50,50,50
鄭合著,1,36,36.0,31,32,32,32
盧嗣業著,1,48,48.0,44,44,44,44
許三畏著,1,64,64.0,50,50,50,50
李廷璧著,1,60,60.0,50,50,50,50
盧攜著,1,24,24.0,22,22,22,21
羊昭業著,1,64,64.0,50,50,50,50
魏樸著,1,100,100.0,50,50,50,50
崔璐著,1,134,134.0,50,50,50,50
陳黯著,1,24,24.0,23,23,22,21
柯崇著,1,72,72.0,50,50,50,50
劉崇魯著,1,34,34.0,30,31,31,31
南詔驃信著,1,72,72.0,50,50,50,50
李縞著,1,36,36.0,30,32,32,32
王越賓著,1,36,36.0,32,32,32,32
杜常著,1,34,34.0,28,30,31,31
張直著,1,134,134.0,50,50,50,50
荊浩著,1,48,48.0,42,44,44,44
周鏞著,1,64,64.0,50,50,50,50
馬冉著,1,23,23.0,22,22,21,20
張迥1著,1,44,44.0,41,42,42,41
蔣肱著,1,64,64.0,50,50,50,50
蕭項著,1,64,64.0,50,50,50,50
高衢著,1,36,36.0,30,32,32,32
張綺著,1,36,36.0,30,31,32,32
王碩著,1,36,36.0,31,32,32,32
孫定著,1,62,62.0,50,50,50,50
李昌鄴著,1,36,36.0,32,32,32,32
韋冰著,1,36,36.0,30,32,32,32
王滌著,1,36,36.0,31,32,32,32
王祝著,1,36,36.0,32,32,32,32
劉谷著,1,36,36.0,29,31,32,32
陸貞洞著,1,36,36.0,32,32,32,32
周祚著,1,32,32.0,27,30,30,29
胡駢著,1,64,64.0,50,50,50,50
崔庸著,1,24,24.0,23,23,22,21
李旭著,1,64,64.0,50,50,50,50
薛准著,1,34,34.0,30,31,31,31
孫蜀著,1,36,36.0,29,31,32,32
顧封人著,1,72,72.0,50,50,50,50
李拯著,1,36,36.0,30,32,32,32
蕭縝著,1,36,36.0,31,32,32,32
劉暌著,1,64,64.0,50,50,50,50
王嚴著,1,48,48.0,44,44,44,44
于瑰著,1,96,96.0,50,50,50,50
李鄴著,1,48,48.0,44,44,44,44
薛蒙著,1,48,48.0,43,44,44,44
田章著,1,48,48.0,43,44,44,44
李汶儒著,1,48,48.0,44,44,44,44
李續著,1,48,48.0,44,44,44,44
李朋著,1,48,48.0,44,44,44,44
趙牧著,1,130,130.0,50,50,50,50
盧順之著,1,64,64.0,50,50,50,50
李明遠著,1,48,48.0,44,44,44,44
王鐐著,1,22,22.0,20,20,20,19
崔元範著,1,36,36.0,32,32,32,32
李訥著,1,36,36.0,29,32,32,32
南卓著,1,34,34.0,31,31,31,31
李質著,1,48,48.0,44,44,44,44
劉皋著,1,46,46.0,38,42,43,43
鄭顥著,1,120,120.0,50,50,50,50
魏謨著,1,24,24.0,24,23,22,21
夏侯孜著,1,40,40.0,35,36,36,36
令狐綯著,1,36,36.0,25,29,31,32
潘唐著,1,64,64.0,50,50,50,50
張良器著,1,96,96.0,50,50,50,50
李渥著,1,64,64.0,50,50,50,50
劉璐著,1,48,48.0,42,43,44,44
盧栯著,1,48,48.0,44,44,44,44
李體仁著,1,72,72.0,50,50,50,50
盧駢著,1,24,24.0,24,23,22,21
裴澈著,1,36,36.0,31,32,32,32
張演著,1,36,36.0,30,32,32,32
孫緯著,1,48,48.0,39,43,44,44
鄭洪業著,1,71,71.0,50,50,50,50
韋承貽著,1,100,100.0,50,50,50,50
伊璠著,1,64,64.0,50,50,50,50
牛征著,1,48,48.0,42,44,44,44
張叢著,1,48,48.0,43,44,44,44
李嶸著,1,36,36.0,32,32,32,32
陳琡著,1,34,34.0,28,31,31,31
劉損著,1,192,192.0,50,50,50,50
裴鉶著,1,64,64.0,50,50,50,50
崔安潛著,1,34,34.0,30,31,31,31
鄭嵎著,1,1535,1535.0,50,50,50,50
柳珪著,1,64,64.0,50,50,50,50
郭夔著,1,62,62.0,50,50,50,50
李節著,1,131,131.0,50,50,50,50
封彥卿著,1,36,36.0,31,32,32,32
崔澹著,1,36,36.0,32,32,32,32
陸肱著,1,42,42.0,40,41,40,39
盧鄴著,1,36,36.0,32,32,32,32
王傳著,1,64,64.0,50,50,50,50
王良會著,1,48,48.0,44,44,44,44
趙叔達著,1,48,48.0,41,43,44,44
盧嗣立著,1,64,64.0,50,50,50,50
張昭著,1,124,124.0,50,50,50,50
油蔚著,1,64,64.0,50,50,50,50
安錡著,1,48,48.0,43,44,44,44
陸弘休著,1,64,64.0,50,50,50,50
吳圓著,1,34,34.0,30,31,31,31
李曜著,1,34,34.0,31,31,31,31
韓嶼著,1,63,63.0,50,50,50,50
李祜著,1,36,36.0,30,31,32,32
武翊黃著,1,72,72.0,50,50,50,50
張震著,1,48,48.0,38,41,42,43
何象著,1,24,24.0,23,23,22,21
嚴識玄著,1,46,46.0,41,43,43,43
劉山甫著,1,36,36.0,31,32,32,32
曾麻幾著,1,32,32.0,28,30,30,29
夏鴻著,1,64,64.0,50,50,50,50
王繼勳著,1,64,64.0,50,50,50,50
沈韜文著,1,27,27.0,22,24,24,24
杜建徽著,1,22,22.0,20,20,20,19
梁震著,1,36,36.0,30,31,32,32
路洵美著,1,44,44.0,41,42,42,41
劉章著,1,62,62.0,50,50,50,50
張觀著,1,64,64.0,50,50,50,50
丁元和著,1,30,30.0,29,29,28,27
劉羲叟著,1,36,36.0,30,32,32,32
劉義度著,1,23,23.0,23,22,21,20
金昌緒著,1,22,22.0,21,21,20,19
鄭軌著,1,48,48.0,44,44,44,44
楊奇鯤著,1,48,48.0,44,45,45,45
徐安期著,1,32,32.0,29,30,30,29
張仲謀著,1,34,34.0,28,31,31,31
秦尚運著,1,36,36.0,29,32,32,32
李延陵著,1,144,144.0,50,50,50,50
安鴻漸著,1,36,36.0,31,32,32,32
李韶著,1,36,36.0,31,32,32,32
董初著,1,46,46.0,42,43,43,43
解彥融著,1,110,110.0,50,50,50,50
何贊著,1,60,60.0,50,50,50,50
謝陶著,1,44,44.0,32,40,42,41
朱琳著,1,46,46.0,41,43,43,43
陳述著,1,38,38.0,34,34,34,34
徐璧著,1,22,22.0,22,21,20,19
劉戩著,1,82,82.0,50,50,50,50
朱絳著,1,34,34.0,30,31,31,31
顏舒著,1,46,46.0,42,43,43,43
李習著,1,34,34.0,28,31,31,31
李何著,1,22,22.0,21,21,20,19
符子珪著,1,44,44.0,38,41,42,41
梁獻著,1,46,46.0,42,43,43,43
張修之著,1,46,46.0,41,42,43,43
張烜著,1,46,46.0,43,43,43,43
郭恭著,1,24,24.0,23,23,22,21
劉夷道著,1,23,23.0,23,22,21,20
楊齊哲著,1,48,48.0,42,44,44,44
楊鼎夫著,1,64,64.0,50,50,50,50
李浩弼著,1,64,64.0,50,50,50,50
王鍇著,1,64,64.0,50,50,50,50
鄧洵美著,1,64,64.0,50,50,50,50
劉坦著,1,36,36.0,32,32,32,32
楊昭儉著,1,34,34.0,26,29,31,31
李瀚1著,1,36,36.0,30,31,32,32
張仁溥著,1,36,36.0,30,31,32,32
韓昭裔著,1,36,36.0,30,32,32,32
趙延壽著,1,60,60.0,50,50,50,50
崔居儉著,1,40,40.0,35,36,36,36
盧文紀著,1,40,40.0,35,36,36,36
朱褒著,1,36,36.0,31,32,32,32
王易簡著,1,36,36.0,29,32,32,32
李京著,1,48,48.0,42,43,44,44
王鎔著,1,127,127.0,50,50,50,50
張格著,1,64,64.0,50,50,50,50
劉辟著,1,144,144.0,50,50,50,50
鄭頲著,1,23,23.0,19,22,21,20
李密著,1,110,110.0,50,50,50,50
陳璠著,1,34,34.0,31,31,31,31
朱元著,1,36,36.0,25,30,32,32
張隱著,1,36,36.0,32,32,32,32
成輔端著,1,32,32.0,29,30,30,29
李贊華著,1,24,24.0,21,22,22,21
王巨仁著,1,34,34.0,29,31,31,31
長屋著,1,20,20.0,20,19,18,17
朝衡著,1,72,72.0,50,50,50,50
韋遵著,1,36,36.0,32,32,32,32
李征古著,1,24,24.0,20,21,21,21
李昉著,1,64,64.0,50,50,50,50
馬致恭著,1,64,64.0,50,50,50,50
周庠著,1,64,64.0,50,50,50,50
陳元裕著,1,48,48.0,43,44,44,44
王沂著,1,48,48.0,43,44,44,44
喬舜著,1,48,48.0,42,44,44,44
鐘蒨著,1,48,48.0,42,44,44,44
謝仲宣著,1,48,48.0,42,44,44,44
孫峴著,1,48,48.0,44,44,44,44
陳彥著,1,36,36.0,30,32,32,32
朱存著,1,32,32.0,28,30,30,29
韓垂著,1,46,46.0,39,43,43,43
李詢著,1,36,36.0,30,32,32,32
梁藻著,1,34,34.0,31,31,31,31
李羽著,1,36,36.0,32,32,32,32
何昌齡著,1,36,36.0,30,32,32,32
韓定辭著,1,34,34.0,31,31,31,31
馬彧著,1,36,36.0,31,32,32,32
查文徽著,1,64,64.0,50,50,50,50
包穎著,1,64,64.0,50,50,50,50
高越著,1,32,32.0,30,30,30,29
陳貺著,1,48,48.0,41,43,44,44
韋鼎著,1,46,46.0,43,43,43,43
孟賓于著,1,36,36.0,32,32,32,32
張義方著,1,64,64.0,50,50,50,50
朱可名著,1,48,48.0,43,44,44,44
易重著,1,64,64.0,50,50,50,50
高拯著,1,36,36.0,31,32,32,32
豆盧榮著,1,72,72.0,50,50,50,50
陳師穆著,1,72,72.0,50,50,50,50
李應著,1,72,72.0,50,50,50,50
庾承宣著,1,72,72.0,50,50,50,50
陸瀍著,1,48,48.0,44,44,44,44
崔恭著,1,48,48.0,43,44,44,44
韓察著,1,48,48.0,43,44,44,44
張弘靖著,1,48,48.0,43,44,44,44
夏方慶著,1,72,72.0,50,50,50,50
陳九流著,1,72,72.0,50,50,50,50
柳道倫著,1,72,72.0,50,50,50,50
邵偃著,1,72,72.0,50,50,50,50
樊陽源著,1,72,72.0,50,50,50,50
高弁著,1,72,72.0,50,50,50,50
韋紓著,1,72,72.0,50,50,50,50
劉遵古著,1,72,72.0,50,50,50,50
賈棱著,1,72,72.0,50,50,50,50
楊於陵著,1,72,72.0,50,50,50,50
車緬著,1,72,72.0,50,50,50,50
杜羔著,1,40,40.0,36,36,36,36
李君房著,1,72,72.0,50,50,50,50
許堯佐著,1,72,72.0,50,50,50,50
李正辭著,1,72,72.0,50,50,50,50
陸複禮著,1,72,72.0,50,50,50,50
王履貞著,1,72,72.0,50,50,50,50
李季何著,1,72,72.0,50,50,50,50
李行敏著,1,72,72.0,50,50,50,50
徐牧著,1,72,72.0,50,50,50,50
萬彤雲著,1,36,36.0,30,31,32,32
曹著著,1,72,72.0,50,50,50,50
李君何著,1,72,72.0,50,50,50,50
俞簡著,1,72,72.0,50,50,50,50
胡直鈞著,1,72,72.0,50,50,50,50
杜元穎著,1,72,72.0,50,50,50,50
王鑒著,1,72,72.0,50,50,50,50
吳丹著,1,72,72.0,50,50,50,50
鄭俞著,1,72,72.0,50,50,50,50
邵楚萇著,1,64,64.0,50,50,50,50
封孟紳著,1,72,72.0,50,50,50,50
王損之著,1,72,72.0,50,50,50,50
李諒著,1,124,124.0,50,50,50,50
陳諷著,1,72,72.0,50,50,50,50
嚴休複著,1,72,72.0,50,50,50,50
繁知一著,1,36,36.0,29,31,32,32
張彤著,1,64,64.0,50,50,50,50
韋式著,1,67,67.0,50,50,50,50
張渾著,1,92,92.0,50,50,50,50
盧真著,1,92,92.0,50,50,50,50
鄭據著,1,92,92.0,50,50,50,50
劉真著,1,92,92.0,50,50,50,50
吉皎著,1,92,92.0,50,50,50,50
胡杲著,1,92,92.0,50,50,50,50
樊宗師著,1,119,119.0,50,50,50,50
皇甫鏞著,1,36,36.0,31,32,32,32
于敖著,1,32,32.0,29,30,30,29
盧士政著,1,48,48.0,43,44,44,44
裴逵著,1,72,72.0,50,50,50,50
郭鄖著,1,64,64.0,50,50,50,50
陳元初著,1,42,42.0,34,37,38,39
杜奕著,1,42,42.0,36,37,38,39
沈仲昌著,1,23,23.0,21,21,21,20
賈弇著,1,23,23.0,21,21,21,20
李子卿著,1,72,72.0,50,50,50,50
于尹躬著,1,72,72.0,50,50,50,50
崔季卿著,1,36,36.0,30,32,32,32
夏侯審著,1,36,36.0,32,32,32,32
吉中孚著,1,72,72.0,50,50,50,50
沈回著,1,72,72.0,50,50,50,50
裴達著,1,72,72.0,50,50,50,50
獨孤實著,1,48,48.0,44,44,44,44
張季略著,1,72,72.0,50,50,50,50
崔績著,1,72,72.0,50,50,50,50
楊系著,1,72,72.0,50,50,50,50
元友直著,1,72,72.0,50,50,50,50
丁位著,1,72,72.0,50,50,50,50
張昔著,1,72,72.0,50,50,50,50
常沂著,1,72,72.0,50,50,50,50
張蒙著,1,72,72.0,50,50,50,50
暢諸著,1,44,44.0,40,42,42,41
王儲著,1,72,72.0,50,50,50,50
獨孤授著,1,72,72.0,50,50,50,50
韋同則著,1,36,36.0,29,32,32,32
李夷簡著,1,144,144.0,50,50,50,50
王觀著,1,44,44.0,40,42,42,41
崔瓘著,1,34,34.0,29,31,31,31
徐放著,1,48,48.0,44,44,44,44
張正一著,1,48,48.0,43,44,44,44
趙宗儒著,1,48,48.0,44,44,44,44
歸登著,1,40,40.0,33,35,36,36
張署著,1,64,64.0,50,50,50,50
袁高著,1,230,230.0,50,50,50,50
王智興著,1,36,36.0,32,32,32,32
盧群著,1,64,64.0,50,50,50,50
陳京著,1,40,40.0,34,36,36,36
駱浚著,1,36,36.0,32,32,32,32
何頻瑜著,1,72,72.0,50,50,50,50
邵真著,1,24,24.0,23,23,22,21
韋執中著,1,48,48.0,42,44,44,44
羅珦著,1,64,64.0,50,50,50,50
高崇文著,1,36,36.0,29,31,32,32
獨孤良器著,1,72,72.0,50,50,50,50
謝勮著,1,152,152.0,50,50,50,50
薛戎著,1,152,152.0,50,50,50,50
羊滔著,1,151,151.0,50,50,50,50
李深著,1,152,152.0,50,50,50,50
范元凱著,1,36,36.0,32,32,32,32
李彥遠著,1,44,44.0,39,41,42,41
朱彬著,1,23,23.0,23,22,21,20
王公亮著,1,69,69.0,50,50,50,50
獨孤良弼著,1,72,72.0,50,50,50,50
唐思言著,1,64,64.0,50,50,50,50
盧求著,1,48,48.0,44,44,44,44
李損之著,1,72,72.0,50,50,50,50
李衢著,1,72,72.0,50,50,50,50
裴思謙著,1,36,36.0,32,32,32,32
尹璞著,1,36,36.0,28,30,32,32
鐘輅著,1,72,72.0,50,50,50,50
李章武著,1,36,36.0,30,32,32,32
房千里著,1,64,64.0,50,50,50,50
柴夔著,1,64,64.0,50,50,50,50
許玫著,1,62,62.0,50,50,50,50
庾敬休著,1,72,72.0,50,50,50,50
王彥威著,1,64,64.0,50,50,50,50
長孫翱著,1,32,32.0,28,30,30,29
牛叢著,1,36,36.0,30,31,32,32
楊洵美著,1,72,72.0,50,50,50,50
李甘著,1,34,34.0,29,31,31,31
竇洵直著,1,72,72.0,50,50,50,50
趙存約著,1,72,72.0,50,50,50,50
孔溫業著,1,72,72.0,50,50,50,50
崔郾著,1,64,64.0,50,50,50,50
韋瓘著,1,64,64.0,50,50,50,50
劉三複著,1,64,64.0,50,50,50,50
李虞著,1,36,36.0,32,32,32,32
梁鉉著,1,72,72.0,50,50,50,50
劉魯風著,1,36,36.0,29,32,32,32
許瀍著,1,32,32.0,29,30,30,29
陳上美著,1,64,64.0,50,50,50,50
裴澄著,1,66,66.0,50,50,50,50
郭圓著,1,34,34.0,29,30,31,31
孟守著,1,64,64.0,50,50,50,50
石貫著,1,64,64.0,50,50,50,50
丘上卿著,1,64,64.0,50,50,50,50
張道符著,1,64,64.0,50,50,50,50
崔軒著,1,64,64.0,50,50,50,50
樊驤著,1,64,64.0,50,50,50,50
裴翻著,1,64,64.0,50,50,50,50
劉耕著,1,64,64.0,50,50,50,50
孟球著,1,64,64.0,50,50,50,50
高退之著,1,64,64.0,50,50,50,50
路貫著,1,64,64.0,50,50,50,50
薛宜僚著,1,72,72.0,50,50,50,50
楊鴻著,1,36,36.0,29,31,32,32
劉莊物著,1,69,69.0,50,50,50,50
張鷺著,1,69,69.0,50,50,50,50
錢可複著,1,69,69.0,50,50,50,50
王樞著,1,36,36.0,27,31,32,32
彭蟾著,1,64,64.0,50,50,50,50
殷潛之著,1,168,168.0,50,50,50,50
嚴惲著,1,32,32.0,23,29,30,29
曹汾著,1,64,64.0,50,50,50,50
邢群著,1,64,64.0,50,50,50,50
馮涯著,1,72,72.0,50,50,50,50
崔元略著,1,64,64.0,50,50,50,50
崔郊著,1,34,34.0,31,31,31,31
焦鬱著,1,98,98.0,50,50,50,50
焦郁著,1,72,72.0,50,50,50,50
先汪著,1,36,36.0,32,32,32,32
孫革著,1,24,24.0,23,23,22,21
王仲舒著,1,36,36.0,32,32,32,32
盧景亮著,1,72,72.0,50,50,50,50
張頂著,1,34,34.0,29,31,31,31
浩虛舟著,1,72,72.0,50,50,50,50
鄭立之著,1,34,34.0,31,31,31,31
殷堯恭著,1,72,72.0,50,50,50,50
李秘著,1,48,48.0,43,44,44,44
裴交泰著,1,34,34.0,28,30,31,31
楊厚著,1,44,44.0,42,42,42,41
薛zm著,1,36,36.0,32,32,32,32
張儼著,1,72,72.0,50,50,50,50
呂群著,1,48,48.0,44,44,44,44
何元上著,1,64,64.0,50,50,50,50
段弘古著,1,36,36.0,31,32,32,32
徐希仁著,1,24,24.0,22,23,22,21
賀蘭朋吉著,1,48,48.0,43,44,44,44
李溟著,1,44,44.0,42,42,42,41
嚴公貺著,1,48,48.0,43,44,44,44
嚴公弼著,1,36,36.0,31,32,32,32
獨孤申叔著,1,72,72.0,50,50,50,50
張瀛著,1,141,141.0,50,50,50,50
張燦著,1,48,48.0,41,43,44,44
羅立言著,1,72,72.0,50,50,50,50
汪萬於著,1,44,44.0,42,42,42,41
何儒亮著,1,72,72.0,50,50,50,50
李宗閔著,1,64,64.0,50,50,50,50
韋表微著,1,200,200.0,50,50,50,50
張勝之著,1,69,69.0,50,50,50,50
張複著,1,69,69.0,50,50,50,50
蕭建著,1,36,36.0,31,32,32,32
劉軻著,1,72,72.0,50,50,50,50
獨孤鉉著,1,72,72.0,50,50,50,50
吳晃著,1,69,69.0,50,50,50,50
紀元皋著,1,69,69.0,50,50,50,50
王季則著,1,69,69.0,50,50,50,50
潘存實著,1,72,72.0,50,50,50,50
皇甫曙著,1,64,64.0,50,50,50,50
廖有方著,1,34,34.0,30,31,31,31
盧宗回著,1,64,64.0,50,50,50,50
高銖著,1,48,48.0,43,44,44,44
王質著,1,72,72.0,50,50,50,50
郭周藩著,1,276,276.0,50,50,50,50
陶雍著,1,120,120.0,50,50,50,50
陳彥博著,1,72,72.0,50,50,50,50
賈謨著,1,72,72.0,50,50,50,50
範傳質著,1,66,66.0,50,50,50,50
盧鈞著,1,66,66.0,50,50,50,50
崔公信著,1,48,48.0,44,44,44,44
馬植著,1,64,64.0,50,50,50,50
李虞仲著,1,72,72.0,50,50,50,50
耿玉真著,1,50,50.0,47,47,47,47
